experiment_id,ingredient_id,ingredient,concentration,unit_of_concentration,normalized_concentration_%_of_meat,chemical_composition,source,immersion_time,packaging_class,packaging_material,container_type,special_properties,storage_condition_(°c),meat_type,part_of_product,physical_hurdle_tech,application_method,hurdle_coordination,irradiation_dose,indicators,type_of_indicator,lower_level_threshold_(log_cfu/g),upper_level_threshold_(log_cfu/g),unit,initial_count_(day_0),pre_threshold_(day),pre_threshold_count,initial_inhibition_factor,post_threshold_(day),post_threshold_count,post_inhibition_factor,post_threshold_proximity_index_2(tpi),data_source
0,1,control,0.0,% (w/w),0.0,none,none,,,,,,25,fish,skinless carp fillets,,,,,tvc,microbial,5.0,7.0,log cfu/g,3.6,1.0,3.6,0.0,2.0,8.7,5.1,1.243,theoretical
0,1,anodic nacl solution,1.0,% (w/w),1.0,mineral,other natural sources,,,,,,25,fish,skinless carp fillets,,anm,single,,tvc,microbial,5.0,7.0,log cfu/g,2.2,1.0,2.2,0.0,2.0,7.6,5.4,1.086,theoretical
0,1,anodic nacl solution,1.0,% (w/w),1.0,mineral,other natural sources,,,,,,25,fish,skinless carp fillets,,,,,tvc,microbial,5.0,7.0,log cfu/g,2.3,1.0,2.3,0.0,2.0,7.5,5.2,1.071,theoretical
0,1,control,0.0,% (w/w),0.0,none,none,,,,,,25,fish,skinless carp fillets,,anm,single,,tvc,microbial,5.0,7.0,log cfu/g,2.6,1.0,2.6,0.0,2.0,6.4,3.8,0.914,theoretical
0,1,anodic nacl solution,1.0,% (w/w),1.0,mineral,other natural sources,,,,,,25,fish,skinless carp fillets,,anm,single,,tvc,microbial,5.0,7.0,log cfu/g,2.2,2.0,5.6,1.7,3.0,7.5,1.9,1.071,theoretical
0,1,anodic nacl solution,1.0,% (w/w),1.0,mineral,other natural sources,,,,,,25,fish,skinless carp fillets,,anm,single,,tvc,microbial,5.0,7.0,log cfu/g,2.1,2.0,5.4,1.65,3.0,7.2,1.8,1.029,theoretical
0,1,control,0.0,% (w/w),0.0,none,none,,,,,,25,fish,skinless carp fillets,,,,,tvbn,chemical,20.0,30.0,mg/100g,11.4,1.0,11.4,,2.0,41.0,29.6,1.37,theoretical
0,1,anodic nacl solution,1.0,% (w/w),1.0,mineral,other natural sources,,,,,,25,fish,skinless carp fillets,,anm,single,,tvbn,chemical,20.0,30.0,mg/100g,8.4,2.0,26.9,9.25,3.0,64.5,37.6,2.15,theoretical
0,1,anodic nacl solution,1.0,% (w/w),1.0,mineral,other natural sources,,,,,,25,fish,skinless carp fillets,,,,,tvbn,chemical,20.0,30.0,mg/100g,7.0,2.0,24.9,8.95,3.0,60.1,35.2,2.0,theoretical
0,1,control,0.0,% (w/w),0.0,none,none,,,,,,25,fish,skinless carp fillets,,anm,single,,tvbn,chemical,20.0,30.0,mg/100g,6.9,2.0,21.2,7.15,3.0,42.9,21.7,1.43,theoretical
0,1,anodic nacl solution,1.0,% (w/w),1.0,mineral,other natural sources,,,,,,25,fish,skinless carp fillets,,anm,single,,tvbn,chemical,20.0,30.0,mg/100g,6.8,2.0,20.7,6.95,3.0,40.6,19.9,1.35,theoretical
0,1,anodic nacl solution,1.0,% (w/w),1.0,mineral,other natural sources,,,,,,25,fish,skinless carp fillets,,anm,single,,tvbn,chemical,20.0,30.0,mg/100g,6.8,2.0,18.8,6.0,3.0,38.9,20.1,1.3,theoretical
0,1,control,0.0,% (w/w),0.0,none,none,,,,,,25,fish,skinless carp fillets,,,,,pv,chemical,10.0,20.0,meq/kg,1.0,3.0,8.5,2.5,,,,,theoretical
0,1,anodic nacl solution,1.0,% (w/w),1.0,mineral,other natural sources,,,,,,25,fish,skinless carp fillets,,anm,single,,pv,chemical,10.0,20.0,meq/kg,1.0,3.0,8.9,2.633,,,,,theoretical
0,1,anodic nacl solution,1.0,% (w/w),1.0,mineral,other natural sources,,,,,,25,fish,skinless carp fillets,,,,,pv,chemical,10.0,20.0,meq/kg,1.0,3.0,7.3,2.1,,,,,theoretical
0,1,control,0.0,% (w/w),0.0,none,none,,,,,,25,fish,skinless carp fillets,,anm,single,,pv,chemical,10.0,20.0,meq/kg,1.0,3.0,6.63,1.877,,,,,theoretical
0,1,anodic nacl solution,1.0,% (w/w),1.0,mineral,other natural sources,,,,,,25,fish,skinless carp fillets,,anm,single,,pv,chemical,10.0,20.0,meq/kg,1.0,3.0,4.2,1.067,,,,,theoretical
0,1,anodic nacl solution,1.0,% (w/w),1.0,mineral,other natural sources,,,,,,25,fish,skinless carp fillets,,anm,single,,pv,chemical,10.0,20.0,meq/kg,1.0,3.0,2.9,0.633,,,,,theoretical
0,1,control,0.0,% (w/w),0.0,none,none,,,,,,25,fish,skinless carp fillets,,,,,tbars,chemical,0.5,2.0,mg mda/kg,0.15,2.0,0.34,0.095,3.0,0.8,0.46,0.4,theoretical
0,1,anodic nacl solution,1.0,% (w/w),1.0,mineral,other natural sources,,,,,,25,fish,skinless carp fillets,,,,,tbars,chemical,0.5,2.0,mg mda/kg,0.15,2.0,0.38,0.115,3.0,0.92,0.54,0.46,theoretical
0,1,anodic nacl solution,1.0,% (w/w),1.0,mineral,other natural sources,,,,,,25,fish,skinless carp fillets,,,,,tbars,chemical,0.5,2.0,mg mda/kg,0.14,2.0,0.26,0.06,3.0,0.63,0.37,0.32,theoretical
0,1,control,0.0,% (w/w),0.0,none,none,,,,,,25,fish,skinless carp fillets,,anm,single,,tbars,chemical,0.5,2.0,mg mda/kg,0.14,3.0,0.25,0.037,,,,,theoretical
0,1,anodic nacl solution,1.0,% (w/w),1.0,mineral,other natural sources,,,,,,25,fish,skinless carp fillets,,anm,single,,tbars,chemical,0.5,2.0,mg mda/kg,0.14,3.0,0.3,0.053,,,,,theoretical
0,1,anodic nacl solution,1.0,% (w/w),1.0,mineral,other natural sources,,,,,,25,fish,skinless carp fillets,,anm,single,,tbars,chemical,0.5,2.0,mg mda/kg,0.14,3.0,0.17,0.01,,,,,theoretical
1,1,control,0.0,%,0.0,none,none,1.0,,,,,4,chicken,broiler wings,,,,,tac,microbial,5.0,7.0,log cfu/g,4.96,5.0,5.87,0.18,,,,,theoretical
1,1,chlorine dioxide,0.3,%,0.3,mineral,other natural sources,10.0,,,,,4,chicken,broiler wings,,anm,single,,tac,microbial,5.0,7.0,log cfu/g,4.44,9.0,5.54,0.12,,,,,theoretical
1,1,chlorine dioxide,0.5,%,0.5,mineral,other natural sources,10.0,,,,,4,chicken,broiler wings,,anm,single,,tac,microbial,5.0,7.0,log cfu/g,4.36,9.0,5.75,0.15,,,,,theoretical
1,1,lactic acid,0.5,%,0.5,organic acid,other natural sources,10.0,,,,,4,chicken,broiler wings,,anm,single,,tac,microbial,5.0,7.0,log cfu/g,4.39,9.0,5.62,0.14,,,,,theoretical
1,1,lactic acid,1.0,%,1.0,organic acid,other natural sources,10.0,,,,,4,chicken,broiler wings,,anm,single,,tac,microbial,5.0,7.0,log cfu/g,4.35,9.0,5.79,0.16,,,,,theoretical
1,1,fumaric acid,0.5,%,0.5,organic acid,other natural sources,10.0,,,,,4,chicken,broiler wings,,anm,single,,tac,microbial,5.0,7.0,log cfu/g,4.44,9.0,5.69,0.14,,,,,theoretical
1,1,fumaric acid,1.0,%,1.0,organic acid,other natural sources,10.0,,,,,4,chicken,broiler wings,,anm,single,,tac,microbial,5.0,7.0,log cfu/g,4.55,9.0,5.66,0.12,,,,,theoretical
1,1,control,0.0,%,0.0,none,none,1.0,,,,,4,chicken,broiler wings,,,,,e. coli,microbial,2.0,3.0,log cfu/g,2.8,,,,5.0,3.15,0.63,1.05,theoretical
1,1,chlorine dioxide,0.3,%,0.3,mineral,other natural sources,10.0,,,,,4,chicken,broiler wings,,anm,single,,e. coli,microbial,2.0,3.0,log cfu/g,2.52,9.0,2.92,0.04,,,,,theoretical
1,1,chlorine dioxide,0.5,%,0.5,mineral,other natural sources,10.0,,,,,4,chicken,broiler wings,,anm,single,,e. coli,microbial,2.0,3.0,log cfu/g,2.18,9.0,2.63,0.05,,,,,theoretical
1,1,lactic acid,0.5,%,0.5,organic acid,other natural sources,10.0,,,,,4,chicken,broiler wings,,anm,single,,e. coli,microbial,2.0,3.0,log cfu/g,2.4,9.0,2.67,0.03,,,,,theoretical
1,1,lactic acid,1.0,%,1.0,organic acid,other natural sources,10.0,,,,,4,chicken,broiler wings,,anm,single,,e. coli,microbial,2.0,3.0,log cfu/g,1.79,9.0,2.13,0.04,,,,,theoretical
1,1,fumaric acid,0.5,%,0.5,organic acid,other natural sources,10.0,,,,,4,chicken,broiler wings,,anm,single,,e. coli,microbial,2.0,3.0,log cfu/g,2.27,9.0,2.65,0.04,,,,,theoretical
1,1,fumaric acid,1.0,%,1.0,organic acid,other natural sources,10.0,,,,,4,chicken,broiler wings,,anm,single,,e. coli,microbial,2.0,3.0,log cfu/g,2.09,9.0,2.33,0.03,,,,,theoretical
1,1,control,0.0,%,0.0,none,none,1.0,,,,,4,chicken,broiler wings,,,,,tpc,microbial,5.0,7.0,log cfu/g,5.63,5.0,5.7,0.01,,,,,theoretical
1,1,chlorine dioxide,0.3,%,0.3,mineral,other natural sources,10.0,,,,,4,chicken,broiler wings,,anm,single,,tpc,microbial,5.0,7.0,log cfu/g,5.43,9.0,5.77,0.04,,,,,theoretical
1,1,chlorine dioxide,0.5,%,0.5,mineral,other natural sources,10.0,,,,,4,chicken,broiler wings,,anm,single,,tpc,microbial,5.0,7.0,log cfu/g,5.38,9.0,5.72,0.04,,,,,theoretical
1,1,lactic acid,0.5,%,0.5,organic acid,other natural sources,10.0,,,,,4,chicken,broiler wings,,anm,single,,tpc,microbial,5.0,7.0,log cfu/g,5.41,9.0,5.75,0.04,,,,,theoretical
1,1,lactic acid,1.0,%,1.0,organic acid,other natural sources,10.0,,,,,4,chicken,broiler wings,,anm,single,,tpc,microbial,5.0,7.0,log cfu/g,5.4,9.0,5.77,0.04,,,,,theoretical
1,1,fumaric acid,0.5,%,0.5,organic acid,other natural sources,10.0,,,,,4,chicken,broiler wings,,anm,single,,tpc,microbial,5.0,7.0,log cfu/g,5.47,9.0,5.77,0.03,,,,,theoretical
1,1,fumaric acid,1.0,%,1.0,organic acid,other natural sources,10.0,,,,,4,chicken,broiler wings,,anm,single,,tpc,microbial,5.0,7.0,log cfu/g,5.4,9.0,5.74,0.04,,,,,theoretical
2,1,control,0.0,mg/kg meat,0.0,none,none,,,pa|pp|ps,tray,oxygen-permeable|barrier,4,beef,raw beef patties,,salt,single,,tvc,microbial,5.0,7.0,log cfu/g,4.6,6.0,5.6,0.17,9.0,6.4,0.267,0.914,theoretical
2,1,so2,100.0,mg/kg meat,0.01,mineral,other natural sources,,,pa|pp|ps,tray,oxygen-permeable|barrier,4,beef,raw beef patties,,anm+salt,hybrid_simultaneous,,tvc,microbial,5.0,7.0,log cfu/g,4.5,9.0,5.9,0.16,,,,,theoretical
2,1,so2,100.0,mg/kg meat,0.01,mineral,other natural sources,,,pa|pp|ps,tray,oxygen-permeable|barrier,4,beef,raw beef patties,,anm+salt,hybrid_simultaneous,,tvc,microbial,5.0,7.0,log cfu/g,4.4,9.0,5.6,0.13,,,,,theoretical
2,1,so2,100.0,mg/kg meat,0.01,mineral,other natural sources,,,pa|pp|ps,tray,oxygen-permeable|barrier,4,beef,raw beef patties,,anm+salt,hybrid_simultaneous,,tvc,microbial,5.0,7.0,log cfu/g,4.3,9.0,5.8,0.17,,,,,theoretical
2,1,so2,100.0,mg/kg meat,0.01,mineral,other natural sources,,,pa|pp|ps,tray,oxygen-permeable|barrier,4,beef,raw beef patties,,anm+salt,hybrid_simultaneous,,tvc,microbial,5.0,7.0,log cfu/g,4.4,9.0,5.6,0.13,,,,,theoretical
2,1,control,0.0,mg/kg meat,0.0,none,none,,,pa|pp|ps,tray,oxygen-permeable|barrier,4,beef,raw beef patties,,salt,single,,tcc,microbial,2.0,3.0,log cfu/g,3.4,9.0,5.5,0.23,,,,,theoretical
2,1,so2,100.0,mg/kg meat,0.01,mineral,other natural sources,,,pa|pp|ps,tray,oxygen-permeable|barrier,4,beef,raw beef patties,,anm+salt,hybrid_simultaneous,,tcc,microbial,2.0,3.0,log cfu/g,3.3,9.0,4.1,0.09,,,,,theoretical
2,1,so2,100.0,mg/kg meat,0.01,mineral,other natural sources,,,pa|pp|ps,tray,oxygen-permeable|barrier,4,beef,raw beef patties,,anm+salt,hybrid_simultaneous,,tcc,microbial,2.0,3.0,log cfu/g,3.2,9.0,3.7,0.06,,,,,theoretical
2,1,so2,100.0,mg/kg meat,0.01,mineral,other natural sources,,,pa|pp|ps,tray,oxygen-permeable|barrier,4,beef,raw beef patties,,anm+salt,hybrid_simultaneous,,tcc,microbial,2.0,3.0,log cfu/g,3.3,9.0,3.8,0.06,,,,,theoretical
2,1,so2,100.0,mg/kg meat,0.01,mineral,other natural sources,,,pa|pp|ps,tray,oxygen-permeable|barrier,4,beef,raw beef patties,,anm+salt,hybrid_simultaneous,,tcc,microbial,2.0,3.0,log cfu/g,3.4,9.0,3.4,0.0,,,,,theoretical
2,1,control,0.0,mg/kg meat,0.0,none,none,,,pa|pp|ps,tray,oxygen-permeable|barrier,4,beef,raw beef patties,,salt,single,,tbars,chemical,0.5,2.0,mda/kg,0.83,1.0,0.83,0.0,4.0,,,,theoretical
2,1,so2,100.0,mg/kg meat,0.01,mineral,other natural sources,,,pa|pp|ps,tray,oxygen-permeable|barrier,4,beef,raw beef patties,,anm+salt,hybrid_simultaneous,,tbars,chemical,0.5,2.0,mda/kg,0.78,1.0,0.78,0.0,4.0,,,,theoretical
2,1,so2,100.0,mg/kg meat,0.01,mineral,other natural sources,,,pa|pp|ps,tray,oxygen-permeable|barrier,4,beef,raw beef patties,,anm+salt,hybrid_simultaneous,,tbars,chemical,0.5,2.0,mda/kg,0.44,10.0,0.69,0.025,,,,,theoretical
2,1,so2,100.0,mg/kg meat,0.01,mineral,other natural sources,,,pa|pp|ps,tray,oxygen-permeable|barrier,4,beef,raw beef patties,,anm+salt,hybrid_simultaneous,,tbars,chemical,0.5,2.0,mda/kg,0.51,10.0,0.6,0.009,,,,,theoretical
2,1,so2,100.0,mg/kg meat,0.01,mineral,other natural sources,,,pa|pp|ps,tray,oxygen-permeable|barrier,4,beef,raw beef patties,,anm+salt,hybrid_simultaneous,,tbars,chemical,0.5,2.0,mda/kg,0.45,10.0,0.47,0.002,,,,,theoretical
4,1,control,0.0,g/100g,0.0,none,none,,,,,,4,pork,pork burgers,,,,,tvc,microbial,5.0,7.0,log cfu/g,4.3,3.0,5.7,0.47,6.0,6.5,0.267,0.929,theoretical
4,1,grape pomace extract 1,0.06,g/100g,0.06,phenol,plant,,,,,,4,pork,pork burgers,,anm,single,,tvc,microbial,5.0,7.0,log cfu/g,4.5,3.0,5.7,0.4,6.0,6.5,0.267,0.929,theoretical
4,1,grape pomace extract 2,0.06,g/100g,0.06,phenol,plant,,,,,,4,pork,pork burgers,,anm,single,,tvc,microbial,5.0,7.0,log cfu/g,4.2,3.0,5.2,0.33,6.0,6.7,0.5,0.957,theoretical
4,1,control,0.0,g/100g,0.0,none,none,,,,,,4,pork,pork burgers,,,,,tpc,microbial,5.0,7.0,log cfu/g,4.2,3.0,5.7,0.5,6.0,6.3,0.2,0.9,theoretical
4,1,grape pomace extract 1,0.06,g/100g,0.06,phenol,plant,,,,,,4,pork,pork burgers,,anm,single,,tpc,microbial,5.0,7.0,log cfu/g,4.5,3.0,5.6,0.37,6.0,6.6,0.333,0.943,theoretical
4,1,grape pomace extract 2,0.06,g/100g,0.06,phenol,plant,,,,,,4,pork,pork burgers,,anm,single,,tpc,microbial,5.0,7.0,log cfu/g,4.2,3.0,5.2,0.33,6.0,6.3,0.367,0.9,theoretical
4,1,control,0.0,g/100g,0.0,none,none,,,,,,4,pork,pork burgers,,,,,tcc,microbial,5.0,7.0,log cfu/g,4.2,3.0,5.5,0.43,6.0,6.3,0.267,0.9,theoretical
4,1,grape pomace extract 1,0.06,g/100g,0.06,phenol,plant,,,,,,4,pork,pork burgers,,anm,single,,tcc,microbial,5.0,7.0,log cfu/g,4.6,3.0,5.4,0.27,6.0,6.0,0.2,0.857,theoretical
4,1,grape pomace extract 2,0.06,g/100g,0.06,phenol,plant,,,,,,4,pork,pork burgers,,anm,single,,tcc,microbial,5.0,7.0,log cfu/g,4.2,3.0,4.9,0.23,6.0,6.4,0.5,0.914,theoretical
4,1,control,0.0,g/100g,0.0,none,none,,,,,,4,pork,pork burgers,,,,,tbars,chemical,0.5,2.0,mg mda/kg,1.07,1.0,1.07,0.0,4.0,5.41,1.447,2.71,theoretical
4,1,grape pomace extract 1,0.06,g/100g,0.06,phenol,plant,,,,,,4,pork,pork burgers,,anm,single,,tbars,chemical,0.5,2.0,mg mda/kg,0.54,7.0,1.22,0.097,,,,,theoretical
4,1,grape pomace extract 2,0.06,g/100g,0.06,phenol,plant,,,,,,4,pork,pork burgers,,anm,single,,tbars,chemical,0.5,2.0,mg mda/kg,0.78,1.0,0.78,0.0,4.0,2.76,0.66,1.38,theoretical
5,1,control,0.0,µg/g meat,0.0,none,none,,aerobic,,,,4,pork,raw pork sausuages (fresh pork sholder and pork back fat),,,,,tvc,microbial,5.0,7.0,log cfu/g,3.24,21.0,6.85,0.17,,,,,theoretical
5,1,lutein,200.0,µg/g meat,0.02,carbohydrate,plant,,aerobic,,,,4,pork,raw pork sausuages (fresh pork sholder and pork back fat),,anm,single,,tvc,microbial,5.0,7.0,log cfu/g,3.14,21.0,6.76,0.17,,,,,theoretical
5,1,sesamol,250.0,µg/g meat,0.025,phenol,plant,,aerobic,,,,4,pork,raw pork sausuages (fresh pork sholder and pork back fat),,anm,single,,tvc,microbial,5.0,7.0,log cfu/g,3.21,21.0,6.79,0.17,,,,,theoretical
5,1,ellagic acid,300.0,µg/g meat,0.03,phenol,plant,,aerobic,,,,4,pork,raw pork sausuages (fresh pork sholder and pork back fat),,anm,single,,tvc,microbial,5.0,7.0,log cfu/g,3.29,21.0,6.87,0.17,,,,,theoretical
5,1,olive leaf,200.0,µg/g meat,0.02,phenol,plant,,aerobic,,,,4,pork,raw pork sausuages (fresh pork sholder and pork back fat),,anm,single,,tvc,microbial,5.0,7.0,log cfu/g,3.3,21.0,6.81,0.17,,,,,theoretical
5,1,control,0.0,µg/g meat,0.0,none,none,,map,,,,4,pork,raw pork sausuages (fresh pork sholder and pork back fat),,,,,tvc,microbial,5.0,7.0,log cfu/g,3.31,14.0,6.68,0.24,21.0,7.75,0.153,1.107,theoretical
5,1,lutein,200.0,µg/g meat,0.02,carbohydrate,plant,,map,,,,4,pork,raw pork sausuages (fresh pork sholder and pork back fat),,anm+map,hybrid_simultaneous,,tvc,microbial,5.0,7.0,log cfu/g,3.35,7.0,6.82,0.5,14.0,7.35,0.076,1.05,theoretical
5,1,sesamol,250.0,µg/g meat,0.025,phenol,plant,,map,,,,4,pork,raw pork sausuages (fresh pork sholder and pork back fat),,anm+map,hybrid_simultaneous,,tvc,microbial,5.0,7.0,log cfu/g,3.17,14.0,6.72,0.25,21.0,7.42,0.1,1.06,theoretical
5,1,ellagic acid,300.0,µg/g meat,0.03,phenol,plant,,map,,,,4,pork,raw pork sausuages (fresh pork sholder and pork back fat),,anm+map,hybrid_simultaneous,,tvc,microbial,5.0,7.0,log cfu/g,3.29,7.0,6.38,0.44,14.0,7.1,0.103,1.014,theoretical
5,1,olive leaf,200.0,µg/g meat,0.02,phenol,plant,,map,,,,4,pork,raw pork sausuages (fresh pork sholder and pork back fat),,anm+map,hybrid_simultaneous,,tvc,microbial,5.0,7.0,log cfu/g,3.35,7.0,6.58,0.46,14.0,7.27,0.099,1.039,theoretical
5,1,control,0.0,µg/g meat,0.0,none,none,,aerobic,,,,4,pork,raw pork sausuages (fresh pork sholder and pork back fat),,,,,tbars,chemical,0.5,2.0,mg mda/kg,0.43,8.0,0.95,0.065,14.0,1.03,0.013,0.52,theoretical
5,1,lutein,200.0,µg/g meat,0.02,carbohydrate,plant,,aerobic,,,,4,pork,raw pork sausuages (fresh pork sholder and pork back fat),,anm,single,,tbars,chemical,0.5,2.0,mg mda/kg,0.37,22.0,0.97,0.027,,,,,theoretical
5,1,sesamol,250.0,µg/g meat,0.025,phenol,plant,,aerobic,,,,4,pork,raw pork sausuages (fresh pork sholder and pork back fat),,anm,single,,tbars,chemical,0.5,2.0,mg mda/kg,0.39,22.0,0.57,0.008,,,,,theoretical
5,1,ellagic acid,300.0,µg/g meat,0.03,phenol,plant,,aerobic,,,,4,pork,raw pork sausuages (fresh pork sholder and pork back fat),,anm,single,,tbars,chemical,0.5,2.0,mg mda/kg,0.3,22.0,0.74,0.02,,,,,theoretical
5,1,olive leaf,200.0,µg/g meat,0.02,phenol,plant,,aerobic,,,,4,pork,raw pork sausuages (fresh pork sholder and pork back fat),,anm,single,,tbars,chemical,0.5,2.0,mg mda/kg,0.39,22.0,0.8,0.019,,,,,theoretical
5,1,control,0.0,µg/g meat,0.0,none,none,,map,,,,4,pork,raw pork sausuages (fresh pork sholder and pork back fat),,,,,tbars,chemical,0.5,2.0,mg mda/kg,0.43,1.0,0.43,0.0,8.0,1.06,0.09,0.53,theoretical
5,1,lutein,200.0,µg/g meat,0.02,carbohydrate,plant,,map,,,,4,pork,raw pork sausuages (fresh pork sholder and pork back fat),,anm+map,hybrid_simultaneous,,tbars,chemical,0.5,2.0,mg mda/kg,0.37,1.0,0.37,0.0,8.0,1.1,0.104,0.55,theoretical
5,1,sesamol,250.0,µg/g meat,0.025,phenol,plant,,map,,,,4,pork,raw pork sausuages (fresh pork sholder and pork back fat),,anm+map,hybrid_simultaneous,,tbars,chemical,0.5,2.0,mg mda/kg,0.39,22.0,0.46,0.003,,,,,theoretical
5,1,ellagic acid,300.0,µg/g meat,0.03,phenol,plant,,map,,,,4,pork,raw pork sausuages (fresh pork sholder and pork back fat),,anm+map,hybrid_simultaneous,,tbars,chemical,0.5,2.0,mg mda/kg,0.3,22.0,0.89,0.027,,,,,theoretical
5,1,olive leaf,200.0,µg/g meat,0.02,phenol,plant,,map,,,,4,pork,raw pork sausuages (fresh pork sholder and pork back fat),,anm+map,hybrid_simultaneous,,tbars,chemical,0.5,2.0,mg mda/kg,0.39,15.0,0.83,0.029,22.0,1.13,0.043,0.57,theoretical
5,1,control,0.0,µg/g meat,0.0,none,none,,aerobic,,,,4,pork,coooked pork sausuages (fresh pork sholder and pork back fat),,,,,tbars,chemical,0.5,2.0,mg mda/kg,0.81,1.0,0.81,0.0,8.0,1.1,0.041,0.55,theoretical
5,1,lutein,200.0,µg/g meat,0.02,carbohydrate,plant,,aerobic,,,,4,pork,coooked pork sausuages (fresh pork sholder and pork back fat),,anm,single,,tbars,chemical,0.5,2.0,mg mda/kg,0.88,15.0,0.95,0.005,22.0,1.19,0.034,0.6,theoretical
5,1,sesamol,250.0,µg/g meat,0.025,phenol,plant,,aerobic,,,,4,pork,coooked pork sausuages (fresh pork sholder and pork back fat),,anm,single,,tbars,chemical,0.5,2.0,mg mda/kg,0.8,22.0,0.7,-0.005,,,,,theoretical
5,1,ellagic acid,300.0,µg/g meat,0.03,phenol,plant,,aerobic,,,,4,pork,coooked pork sausuages (fresh pork sholder and pork back fat),,anm,single,,tbars,chemical,0.5,2.0,mg mda/kg,0.88,22.0,0.96,0.004,,,,,theoretical
5,1,olive leaf,200.0,µg/g meat,0.03,phenol,plant,,aerobic,,,,4,pork,coooked pork sausuages (fresh pork sholder and pork back fat),,anm,single,,tbars,chemical,0.5,2.0,mg mda/kg,0.69,22.0,0.98,0.013,,,,,theoretical
5,1,control,0.0,µg/g meat,0.0,none,none,,map,,,,4,pork,coooked pork sausuages (fresh pork sholder and pork back fat),,,,,tbars,chemical,0.5,2.0,mg mda/kg,0.81,1.0,0.81,0.0,8.0,1.19,0.054,0.6,theoretical
5,1,lutein,200.0,µg/g meat,0.02,carbohydrate,plant,,map,,,,4,pork,coooked pork sausuages (fresh pork sholder and pork back fat),,anm+map,hybrid_simultaneous,,tbars,chemical,0.5,2.0,mg mda/kg,0.88,1.0,0.88,0.0,8.0,1.14,0.037,0.57,theoretical
5,1,sesamol,250.0,µg/g meat,0.025,phenol,plant,,map,,,,4,pork,coooked pork sausuages (fresh pork sholder and pork back fat),,anm+map,hybrid_simultaneous,,tbars,chemical,0.5,2.0,mg mda/kg,0.8,22.0,0.8,0.0,,,,,theoretical
5,1,ellagic acid,300.0,µg/g meat,0.03,phenol,plant,,map,,,,4,pork,coooked pork sausuages (fresh pork sholder and pork back fat),,anm+map,hybrid_simultaneous,,tbars,chemical,0.5,2.0,mg mda/kg,0.88,22.0,0.99,0.005,,,,,theoretical
5,1,olive leaf,200.0,µg/g meat,0.02,phenol,plant,,map,,,,4,pork,coooked pork sausuages (fresh pork sholder and pork back fat),,anm+map,hybrid_simultaneous,,tbars,chemical,0.5,2.0,mg mda/kg,0.69,8.0,0.98,0.036,15.0,1.0,0.003,0.5,theoretical
6,1,control,0.0,%,0.0,none,none,,,,,,20,pork,dry pork sausuages (fresh boneless pork hams and pork backfat),,,,,tvc,microbial,7.0,7.0,log cfu/g,7.0,1.0,7.0,0.0,8.0,7.5,0.071,1.071,theoretical
6,1,tea polyphenol,0.03,%,0.03,phenol,plant,,,,,,20,pork,dry pork sausuages (fresh boneless pork hams and pork backfat),,anm,single,,tvc,microbial,7.0,7.0,log cfu/g,7.0,1.0,7.0,0.0,8.0,7.4,0.057,1.057,theoretical
6,1,control,0.0,%,0.0,none,none,,,,,,20,pork,dry pork sausuages (fresh boneless pork hams and pork backfat),,,,,lab,microbial,5.0,7.0,log cfu/g,6.4,1.0,6.4,0.0,8.0,7.0,0.086,1.0,theoretical
6,1,tea polyphenol,0.03,%,0.03,phenol,plant,,,,,,20,pork,dry pork sausuages (fresh boneless pork hams and pork backfat),,anm,single,,lab,microbial,5.0,7.0,log cfu/g,6.4,1.0,6.4,0.0,8.0,7.0,0.086,1.0,theoretical
7,1,control,0.0,iu/g,0.0,none,none,30.0,active_antimicrobial,ldpe|pa,,active packaging,4,chicken,fresh chicken breast 300g,,,,,tvc,microbial,5.0,7.0,log cfu/g,4.3,1.0,4.3,0.0,9.5,7.0,0.318,1.0,theoretical
7,1,nisin,500.0,iu/g,0.05,protein,microbial,30.0,active_antimicrobial,ldpe|pa,,active packaging,4,chicken,fresh chicken breast 300g,,anm+map,hybrid_simultaneous,,tvc,microbial,5.0,7.0,log cfu/g,4.3,1.0,4.3,0.0,12.0,7.0,0.245,1.0,theoretical
7,1,nisin,1500.0,iu/g,0.15,protein,microbial,30.0,active_antimicrobial,ldpe|pa,,active packaging,4,chicken,fresh chicken breast 300g,,anm+map,hybrid_simultaneous,,tvc,microbial,5.0,7.0,log cfu/g,4.3,1.0,4.3,0.0,15.0,7.0,0.193,1.0,theoretical
7,1,nisin,500.0,iu/g,0.05,protein,microbial,30.0,active_antimicrobial,ldpe|pa,,active packaging,4,chicken,fresh chicken breast 300g,,anm+map,hybrid_simultaneous,,tvc,microbial,5.0,7.0,log cfu/g,4.3,1.0,4.3,0.0,15.0,7.0,0.193,1.0,theoretical
7,1,nisin,1500.0,iu/g,0.15,protein,microbial,30.0,active_antimicrobial,ldpe|pa,,active packaging,4,chicken,fresh chicken breast 300g,,anm+map,hybrid_simultaneous,,tvc,microbial,5.0,7.0,log cfu/g,4.3,1.0,4.3,0.0,18.5,7.0,0.154,1.0,theoretical
7,1,nisin,500.0,iu/g,0.05,protein,microbial,30.0,active_antimicrobial,ldpe|pa,,active packaging,4,chicken,fresh chicken breast 300g,,anm+map,hybrid_simultaneous,,tvc,microbial,5.0,7.0,log cfu/g,4.3,1.0,4.3,0.0,21.5,7.0,0.132,1.0,theoretical
7,1,nisin,1500.0,iu/g,0.15,protein,microbial,30.0,active_antimicrobial,ldpe|pa,,active packaging,4,chicken,fresh chicken breast 300g,,anm+map,hybrid_simultaneous,,tvc,microbial,5.0,7.0,log cfu/g,4.3,1.0,4.3,0.0,27.0,7.0,0.104,1.0,theoretical
7,1,control,0.0,iu/g,0.0,none,none,30.0,active_antimicrobial,ldpe|pa,,active packaging,4,chicken,fresh chicken breast 300g,,anm+map,hybrid_simultaneous,,tvc,microbial,5.0,7.0,log cfu/g,4.3,1.0,4.3,0.0,9.5,7.0,0.318,1.0,theoretical
7,1,control,0.0,iu/g,0.0,none,none,30.0,active_antimicrobial,ldpe|pa,,active packaging,4,chicken,fresh chicken breast 300g,,anm+map,hybrid_simultaneous,,tvc,microbial,5.0,7.0,log cfu/g,4.3,1.0,4.3,0.0,9.5,7.0,0.318,1.0,theoretical
7,1,control,0.0,iu/g,0.0,none,none,30.0,active_antimicrobial,ldpe|pa,,active packaging,4,chicken,fresh chicken breast 300g,,,,,lab,microbial,5.0,7.0,log cfu/g,4.8,8.0,6.5,0.21,12.0,7.5,0.25,1.071,theoretical
7,1,nisin,500.0,iu/g,0.05,protein,microbial,30.0,active_antimicrobial,ldpe|pa,,active packaging,4,chicken,fresh chicken breast 300g,,anm+map,hybrid_simultaneous,,lab,microbial,5.0,7.0,log cfu/g,4.8,8.0,6.0,0.15,12.0,7.2,0.3,1.029,theoretical
7,1,nisin,1500.0,iu/g,0.15,protein,microbial,30.0,active_antimicrobial,ldpe|pa,,active packaging,4,chicken,fresh chicken breast 300g,,anm+map,hybrid_simultaneous,,lab,microbial,5.0,7.0,log cfu/g,4.8,12.0,6.2,0.12,16.0,7.2,0.25,1.029,theoretical
7,1,nisin,500.0,iu/g,0.05,protein,microbial,30.0,active_antimicrobial,ldpe|pa,,active packaging,4,chicken,fresh chicken breast 300g,,anm+map,hybrid_simultaneous,,lab,microbial,5.0,7.0,log cfu/g,4.8,16.0,6.8,0.13,20.0,7.2,0.1,1.029,theoretical
7,1,nisin,1500.0,iu/g,0.15,protein,microbial,30.0,active_antimicrobial,ldpe|pa,,active packaging,4,chicken,fresh chicken breast 300g,,anm+map,hybrid_simultaneous,,lab,microbial,5.0,7.0,log cfu/g,4.8,16.0,6.7,0.12,20.0,7.1,0.1,1.014,theoretical
7,1,nisin,500.0,iu/g,0.05,protein,microbial,30.0,active_antimicrobial,ldpe|pa,,active packaging,4,chicken,fresh chicken breast 300g,,anm+map,hybrid_simultaneous,,lab,microbial,5.0,7.0,log cfu/g,4.8,20.0,6.6,0.09,24.0,7.0,0.1,1.0,theoretical
7,1,nisin,1500.0,iu/g,0.15,protein,microbial,30.0,active_antimicrobial,ldpe|pa,,active packaging,4,chicken,fresh chicken breast 300g,,anm+map,hybrid_simultaneous,,lab,microbial,5.0,7.0,log cfu/g,4.8,20.0,6.6,0.09,24.0,7.0,0.1,1.0,theoretical
7,1,control,0.0,iu/g,0.0,none,none,30.0,active_antimicrobial,ldpe|pa,,active packaging,4,chicken,fresh chicken breast 300g,,,,,b. thermosphacta,microbial,5.0,7.0,log cfu/g,4.5,8.0,6.0,0.19,12.0,7.2,0.3,1.029,theoretical
7,1,nisin,500.0,iu/g,0.05,protein,microbial,30.0,active_antimicrobial,ldpe|pa,,active packaging,4,chicken,fresh chicken breast 300g,,anm+map,hybrid_simultaneous,,b. thermosphacta,microbial,5.0,7.0,log cfu/g,4.5,8.0,5.8,0.16,12.0,7.0,0.3,1.0,theoretical
7,1,nisin,1500.0,iu/g,0.15,protein,microbial,30.0,active_antimicrobial,ldpe|pa,,active packaging,4,chicken,fresh chicken breast 300g,,anm+map,hybrid_simultaneous,,b. thermosphacta,microbial,5.0,7.0,log cfu/g,4.5,12.0,5.7,0.1,15.0,7.1,0.467,1.014,theoretical
7,1,nisin,500.0,iu/g,0.05,protein,microbial,30.0,active_antimicrobial,ldpe|pa,,active packaging,4,chicken,fresh chicken breast 300g,,anm+map,hybrid_simultaneous,,b. thermosphacta,microbial,5.0,7.0,log cfu/g,4.5,12.0,5.6,0.09,15.0,7.0,0.467,1.0,theoretical
7,1,nisin,1500.0,iu/g,0.15,protein,microbial,30.0,active_antimicrobial,ldpe|pa,,active packaging,4,chicken,fresh chicken breast 300g,,anm+map,hybrid_simultaneous,,b. thermosphacta,microbial,5.0,7.0,log cfu/g,4.5,24.0,6.2,0.07,,,,,theoretical
7,1,nisin,500.0,iu/g,0.05,protein,microbial,30.0,active_antimicrobial,ldpe|pa,,active packaging,4,chicken,fresh chicken breast 300g,,anm+map,hybrid_simultaneous,,b. thermosphacta,microbial,5.0,7.0,log cfu/g,4.5,24.0,6.0,0.06,,,,,theoretical
7,1,nisin,1500.0,iu/g,0.15,protein,microbial,30.0,active_antimicrobial,ldpe|pa,,active packaging,4,chicken,fresh chicken breast 300g,,anm+map,hybrid_simultaneous,,b. thermosphacta,microbial,5.0,7.0,log cfu/g,4.5,24.0,5.9,0.06,,,,,theoretical
7,1,control,0.0,iu/g,0.0,none,none,30.0,active_antimicrobial,ldpe|pa,,active packaging,4,chicken,fresh chicken breast 300g,,,,,pseudomonas,microbial,5.0,7.0,log cfu/g,3.8,8.0,6.0,0.28,12.0,7.1,0.275,1.014,theoretical
7,1,nisin,500.0,iu/g,0.05,protein,microbial,30.0,active_antimicrobial,ldpe|pa,,active packaging,4,chicken,fresh chicken breast 300g,,anm+map,hybrid_simultaneous,,pseudomonas,microbial,5.0,7.0,log cfu/g,3.8,8.0,6.8,0.38,12.0,7.0,0.05,1.0,theoretical
7,1,nisin,1500.0,iu/g,0.15,protein,microbial,30.0,active_antimicrobial,ldpe|pa,,active packaging,4,chicken,fresh chicken breast 300g,,anm+map,hybrid_simultaneous,,pseudomonas,microbial,5.0,7.0,log cfu/g,3.8,12.0,6.8,0.25,16.0,7.0,0.05,1.0,theoretical
7,1,nisin,500.0,iu/g,0.05,protein,microbial,30.0,active_antimicrobial,ldpe|pa,,active packaging,4,chicken,fresh chicken breast 300g,,anm+map,hybrid_simultaneous,,pseudomonas,microbial,5.0,7.0,log cfu/g,3.8,24.0,5.8,0.08,,,,,theoretical
7,1,nisin,1500.0,iu/g,0.15,protein,microbial,30.0,active_antimicrobial,ldpe|pa,,active packaging,4,chicken,fresh chicken breast 300g,,anm+map,hybrid_simultaneous,,pseudomonas,microbial,5.0,7.0,log cfu/g,3.8,24.0,5.8,0.08,,,,,theoretical
7,1,nisin,500.0,iu/g,0.05,protein,microbial,30.0,active_antimicrobial,ldpe|pa,,active packaging,4,chicken,fresh chicken breast 300g,,anm+map,hybrid_simultaneous,,pseudomonas,microbial,5.0,7.0,log cfu/g,3.8,24.0,5.5,0.07,,,,,theoretical
7,1,nisin,1500.0,iu/g,0.15,protein,microbial,30.0,active_antimicrobial,ldpe|pa,,active packaging,4,chicken,fresh chicken breast 300g,,anm+map,hybrid_simultaneous,,pseudomonas,microbial,5.0,7.0,log cfu/g,3.8,24.0,5.0,0.05,,,,,theoretical
7,1,control,0.0,iu/g,0.0,none,none,30.0,active_antimicrobial,ldpe|pa,,active packaging,4,chicken,fresh chicken breast 300g,,,,,enterobacteriaceae,microbial,5.0,7.0,log cfu/g,3.0,20.0,6.8,0.19,24.0,7.0,0.05,1.0,theoretical
7,1,nisin,500.0,iu/g,0.05,protein,microbial,30.0,active_antimicrobial,ldpe|pa,,active packaging,4,chicken,fresh chicken breast 300g,,anm+map,hybrid_simultaneous,,enterobacteriaceae,microbial,5.0,7.0,log cfu/g,3.0,24.0,6.8,0.16,,,,,theoretical
7,1,nisin,1500.0,iu/g,0.15,protein,microbial,30.0,active_antimicrobial,ldpe|pa,,active packaging,4,chicken,fresh chicken breast 300g,,anm+map,hybrid_simultaneous,,enterobacteriaceae,microbial,5.0,7.0,log cfu/g,3.0,24.0,6.8,0.16,,,,,theoretical
7,1,nisin,500.0,iu/g,0.05,protein,microbial,30.0,active_antimicrobial,ldpe|pa,,active packaging,4,chicken,fresh chicken breast 300g,,anm+map,hybrid_simultaneous,,enterobacteriaceae,microbial,5.0,7.0,log cfu/g,3.0,24.0,6.6,0.15,,,,,theoretical
7,1,nisin,1500.0,iu/g,0.15,protein,microbial,30.0,active_antimicrobial,ldpe|pa,,active packaging,4,chicken,fresh chicken breast 300g,,anm+map,hybrid_simultaneous,,enterobacteriaceae,microbial,5.0,7.0,log cfu/g,3.0,24.0,6.5,0.15,,,,,theoretical
7,1,nisin,500.0,iu/g,0.05,protein,microbial,30.0,active_antimicrobial,ldpe|pa,,active packaging,4,chicken,fresh chicken breast 300g,,anm+map,hybrid_simultaneous,,enterobacteriaceae,microbial,5.0,7.0,log cfu/g,3.0,24.0,6.0,0.13,,,,,theoretical
7,1,nisin,1500.0,iu/g,0.15,protein,microbial,30.0,active_antimicrobial,ldpe|pa,,active packaging,4,chicken,fresh chicken breast 300g,,anm+map,hybrid_simultaneous,,enterobacteriaceae,microbial,5.0,7.0,log cfu/g,3.0,24.0,5.8,0.12,,,,,theoretical
7,1,control,0.0,iu/g,0.0,none,none,30.0,active_antimicrobial,ldpe|pa,,active packaging,4,chicken,fresh chicken breast 300g,,,,,tman,chemical,,10.0,mg n/100g,2.0,12.0,4.5,0.208,16.0,10.5,1.5,1.05,theoretical
7,1,nisin,500.0,iu/g,0.05,protein,microbial,30.0,active_antimicrobial,ldpe|pa,,active packaging,4,chicken,fresh chicken breast 300g,,anm+map,hybrid_simultaneous,,tman,chemical,,10.0,mg n/100g,2.0,12.0,4.0,0.167,16.0,10.5,1.625,1.05,theoretical
7,1,nisin,1500.0,iu/g,0.15,protein,microbial,30.0,active_antimicrobial,ldpe|pa,,active packaging,4,chicken,fresh chicken breast 300g,,anm+map,hybrid_simultaneous,,tman,chemical,,10.0,mg n/100g,2.0,15.0,6.0,0.267,20.0,10.0,0.8,1.0,theoretical
7,1,nisin,500.0,iu/g,0.05,protein,microbial,30.0,active_antimicrobial,ldpe|pa,,active packaging,4,chicken,fresh chicken breast 300g,,anm+map,hybrid_simultaneous,,tman,chemical,,10.0,mg n/100g,2.0,15.0,6.0,0.267,20.0,10.0,0.8,1.0,theoretical
7,1,nisin,1500.0,iu/g,0.15,protein,microbial,30.0,active_antimicrobial,ldpe|pa,,active packaging,4,chicken,fresh chicken breast 300g,,anm+map,hybrid_simultaneous,,tman,chemical,,10.0,mg n/100g,2.0,20.0,7.0,0.25,24.0,10.0,0.75,1.0,theoretical
7,1,nisin,500.0,iu/g,0.05,protein,microbial,30.0,active_antimicrobial,ldpe|pa,,active packaging,4,chicken,fresh chicken breast 300g,,anm+map,hybrid_simultaneous,,tman,chemical,,10.0,mg n/100g,2.0,24.0,6.0,0.167,,,,,theoretical
7,1,nisin,1500.0,iu/g,0.15,protein,microbial,30.0,active_antimicrobial,ldpe|pa,,active packaging,4,chicken,fresh chicken breast 300g,,anm+map,hybrid_simultaneous,,tman,chemical,,10.0,mg n/100g,2.0,24.0,3.0,0.042,,,,,theoretical
7,1,control,0.0,iu/g,0.0,none,none,30.0,active_antimicrobial,ldpe|pa,,active packaging,4,chicken,fresh chicken breast 300g,,anm+map,hybrid_simultaneous,,tman,chemical,,10.0,mg n/100g,,,,,,,,,theoretical
7,1,control,0.0,iu/g,0.0,none,none,30.0,active_antimicrobial,ldpe|pa,,active packaging,4,chicken,fresh chicken breast 300g,,anm+map,hybrid_simultaneous,,tman,chemical,,10.0,mg n/100g,,,,,,,,,theoretical
7,1,control,0.0,iu/g,0.0,none,none,30.0,active_antimicrobial,ldpe|pa,,active packaging,4,chicken,fresh chicken breast 300g,,,,,tvbn,chemical,20.0,40.0,mg n/100g,23.6,8.0,35.0,1.425,12.0,42.0,1.75,1.05,theoretical
7,1,nisin,500.0,iu/g,0.05,protein,microbial,30.0,active_antimicrobial,ldpe|pa,,active packaging,4,chicken,fresh chicken breast 300g,,anm+map,hybrid_simultaneous,,tvbn,chemical,20.0,40.0,mg n/100g,23.6,8.0,34.0,1.3,12.0,40.0,1.5,1.0,theoretical
7,1,nisin,1500.0,iu/g,0.15,protein,microbial,30.0,active_antimicrobial,ldpe|pa,,active packaging,4,chicken,fresh chicken breast 300g,,anm+map,hybrid_simultaneous,,tvbn,chemical,20.0,40.0,mg n/100g,23.6,12.0,34.0,0.867,15.0,60.3,8.767,1.51,theoretical
7,1,nisin,500.0,iu/g,0.05,protein,microbial,30.0,active_antimicrobial,ldpe|pa,,active packaging,4,chicken,fresh chicken breast 300g,,anm+map,hybrid_simultaneous,,tvbn,chemical,20.0,40.0,mg n/100g,23.6,15.0,38.0,0.96,20.0,49.2,2.24,1.23,theoretical
7,1,nisin,1500.0,iu/g,0.15,protein,microbial,30.0,active_antimicrobial,ldpe|pa,,active packaging,4,chicken,fresh chicken breast 300g,,anm+map,hybrid_simultaneous,,tvbn,chemical,20.0,40.0,mg n/100g,23.6,24.0,39.5,0.663,,,,,theoretical
7,1,nisin,500.0,iu/g,0.05,protein,microbial,30.0,active_antimicrobial,ldpe|pa,,active packaging,4,chicken,fresh chicken breast 300g,,anm+map,hybrid_simultaneous,,tvbn,chemical,20.0,40.0,mg n/100g,23.6,24.0,37.4,0.575,,,,,theoretical
7,1,nisin,1500.0,iu/g,0.15,protein,microbial,30.0,active_antimicrobial,ldpe|pa,,active packaging,4,chicken,fresh chicken breast 300g,,anm+map,hybrid_simultaneous,,tvbn,chemical,20.0,40.0,mg n/100g,23.6,24.0,32.1,0.354,,,,,theoretical
8,1,control,0.0,%,0.0,none,none,,aerobic,,,,4,chicken,fresh chicken breast 300g,,,,,tvc,microbial,5.0,7.0,log cfu/g,4.28,3.0,5.83,0.52,6.0,7.1,0.423,1.014,theoretical
8,1,organo eo,0.1,%,0.1,essential oil,plant,,aerobic,,,,4,chicken,fresh chicken breast 300g,,anm,single,,tvc,microbial,5.0,7.0,log cfu/g,4.28,3.0,5.59,0.44,6.0,6.92,0.443,0.989,theoretical
8,1,organo eo,1.0,%,1.0,essential oil,plant,,aerobic,,,,4,chicken,fresh chicken breast 300g,,anm,single,,tvc,microbial,5.0,7.0,log cfu/g,4.28,15.0,5.38,0.07,20.0,6.83,0.29,0.976,theoretical
8,1,control,0.0,%,0.0,none,none,,map,,,,4,chicken,fresh chicken breast 300g,,,,,tvc,microbial,5.0,7.0,log cfu/g,4.28,9.0,6.23,0.22,12.0,7.09,0.287,1.013,theoretical
8,1,organo eo,0.1,%,0.1,essential oil,plant,,map,,,,4,chicken,fresh chicken breast 300g,,anm+map,hybrid_simultaneous,,tvc,microbial,5.0,7.0,log cfu/g,4.28,9.0,6.12,0.2,12.0,6.91,0.263,0.987,theoretical
8,1,organo eo,1.0,%,1.0,essential oil,plant,,map,,,,4,chicken,fresh chicken breast 300g,,anm+map,hybrid_simultaneous,,tvc,microbial,5.0,7.0,log cfu/g,4.28,20.0,5.87,0.08,25.0,6.88,0.202,0.983,theoretical
8,1,control,0.0,%,0.0,none,none,,map,,,,4,chicken,fresh chicken breast 300g,,,,,tvc,microbial,5.0,7.0,log cfu/g,4.28,12.0,6.62,0.2,15.0,7.18,0.187,1.026,theoretical
8,1,organo eo,0.1,%,0.1,essential oil,plant,,map,,,,4,chicken,fresh chicken breast 300g,,anm+map,hybrid_simultaneous,,tvc,microbial,5.0,7.0,log cfu/g,4.28,9.0,6.22,0.22,12.0,6.98,0.253,0.997,theoretical
8,1,organo eo,1.0,%,1.0,essential oil,plant,,map,,,,4,chicken,fresh chicken breast 300g,,anm+map,hybrid_simultaneous,,tvc,microbial,5.0,7.0,log cfu/g,4.28,25.0,6.32,0.08,,,,,theoretical
9,1,control,,,0.0,none,none,,active_antimicrobial,pa|cellulose,,active packaging,4±1,beef,veal fillet,,,,,tac,microbial,5.0,7.0,log cfu/g,5.34,1.0,5.34,0.0,3.0,6.48,0.57,0.926,theoretical
9,1,lysozyme,10.0,% (w/w),10.0,protein,enzyme,,active_antimicrobial,pa|cellulose,,active packaging,4±1,beef,veal fillet,,anm,single,,tac,microbial,5.0,7.0,log cfu/g,5.34,3.0,5.55,0.07,,,,,theoretical
9,1,lactoferrin,5.0,% (w/w),5.0,protein,enzyme,,active_antimicrobial,pa|cellulose,,active packaging,4±1,beef,veal fillet,,anm,single,,tac,microbial,5.0,7.0,log cfu/g,5.34,1.0,5.34,0.0,3.0,6.3,0.48,0.9,theoretical
9,1,lysozyme,5.0,% (w/w),5.0,protein,enzyme,,active_antimicrobial,pa|cellulose,,active packaging,4±1,beef,veal fillet,,anm,single,,tac,microbial,5.0,7.0,log cfu/g,5.34,3.0,5.43,0.03,,,,,theoretical
10,1,control,,,0.0,none,none,,vacuum,pa,,,4±1,beef,ground beef patties,,,,,pseudomonas,microbial,5.0,7.0,log cfu/g,6.36,12.0,6.0,-0.03,,,,,theoretical
10,1,oregano eo,5.0,%,5.0,essential oil,plant,,vacuum,pa,,,4±1,beef,ground beef patties,,,,,pseudomonas,microbial,5.0,7.0,log cfu/g,6.36,12.0,5.5,-0.07,,,,,theoretical
10,1,thyme eo,5.0,%,5.0,essential oil,plant,,vacuum,pa,,,4±1,beef,ground beef patties,,,,,pseudomonas,microbial,5.0,7.0,log cfu/g,6.36,12.0,5.25,-0.09,,,,,theoretical
10,1,oregano eo,2.5,%,2.5,essential oil,plant,,vacuum,pa,,,4±1,beef,ground beef patties,,,,,pseudomonas,microbial,5.0,7.0,log cfu/g,6.36,12.0,5.25,-0.09,,,,,theoretical
10,1,control,,,0.0,none,none,,vacuum,pa,,,4±1,beef,ground beef patties,,,,,tcc,microbial,2.0,4.0,log cfu/g,4.7,12.0,5.25,0.05,,,,,theoretical
10,1,organo eo,5.0,%,5.0,essential oil,plant,,vacuum,pa,,,4±1,beef,ground beef patties,,anm+map,hybrid_simultaneous,,tcc,microbial,2.0,4.0,log cfu/g,4.7,12.0,5.0,0.03,,,,,theoretical
10,1,thyme eo,5.0,%,5.0,essential oil,plant,,vacuum,pa,,,4±1,beef,ground beef patties,,anm+map,hybrid_simultaneous,,tcc,microbial,2.0,4.0,log cfu/g,4.7,12.0,5.0,0.03,,,,,theoretical
10,1,organo eo,2.5,%,2.5,essential oil,plant,,vacuum,pa,,,4±1,beef,ground beef patties,,anm+map,hybrid_simultaneous,,tcc,microbial,2.0,4.0,log cfu/g,4.7,12.0,5.0,0.03,,,,,theoretical
12,1,control,,,0.0,none,none,,,protein film,film,,5,beef,freshly cut beef (2.1x2.5x1cm),,,,,tvc,microbial,5.0,7.0,log cfu/g,3.0,1.0,3.0,0.0,9.0,8.4,0.675,1.2,theoretical
12,1,oregano eo,1.5,% (w/w),1.5,essential oil,plant,,,protein film,film,,5,beef,freshly cut beef (2.1x2.5x1cm),,anm,single,,tvc,microbial,5.0,7.0,log cfu/g,3.0,9.0,5.1,0.23,13.0,7.0,0.475,1.0,theoretical
12,1,control,,,0.0,none,none,,,protein film,film,,5,beef,freshly cut beef (2.1x2.5x1cm),,,,,pseudomonas,microbial,5.0,7.0,log cfu/g,3.0,1.0,3.0,0.0,9.0,8.4,0.675,1.2,theoretical
12,1,oregano eo,1.5,% (w/w),1.5,essential oil,plant,,,protein film,film,,5,beef,freshly cut beef (2.1x2.5x1cm),,,,,pseudomonas,microbial,5.0,7.0,log cfu/g,3.0,9.0,5.1,0.23,13.0,7.0,0.475,1.0,theoretical
12,1,control,,,0.0,none,none,,,protein film,film,,5,beef,freshly cut beef (2.1x2.5x1cm),,,,,lab,microbial,5.0,7.0,log cfu/g,3.0,1.0,3.0,0.0,9.0,8.4,0.675,1.2,theoretical
12,1,oregano eo,1.5,% (w/w),1.5,essential oil,plant,,,protein film,film,,5,beef,freshly cut beef (2.1x2.5x1cm),,anm,single,,lab,microbial,5.0,7.0,log cfu/g,3.0,9.0,5.1,0.23,13.0,7.0,0.475,1.0,theoretical
14,1,control,,,0.0,none,none,2.0,active_antimicrobial,ldpe|pa|protein film,pouch,active packaging|barrier,4,chicken,skinless and boneless fresh chicken breast meat (ca. 400 g),,,,,tvc,microbial,5.0,7.0,log cfu/g,4.85,1.0,4.85,0.0,6.0,7.5,0.53,1.071,theoretical
14,1,pomegranate fruit juice,100.0,%,2.0,phenol,plant,2.0,active_antimicrobial,ldpe|pa|protein film,pouch,active packaging|barrier,4,chicken,skinless and boneless fresh chicken breast meat (ca. 400 g),,anm,single,,tvc,microbial,5.0,7.0,log cfu/g,4.85,11.0,6.5,0.15,16.0,7.5,0.2,1.071,theoretical
14,1,pomegranate fruit juice,100.0,%,2.0,phenol,plant,2.0,active_antimicrobial,ldpe|pa|protein film,pouch,active packaging|barrier,4,chicken,skinless and boneless fresh chicken breast meat (ca. 400 g),,anm,single,,tvc,microbial,5.0,7.0,log cfu/g,4.85,21.0,6.5,0.08,,,,,theoretical
14,1,pomegranate fruit juice,100.0,%,2.0,phenol,plant,2.0,active_antimicrobial,ldpe|pa|protein film,pouch,active packaging|barrier,4,chicken,skinless and boneless fresh chicken breast meat (ca. 400 g),,anm,single,,tvc,microbial,5.0,7.0,log cfu/g,4.85,21.0,6.5,0.08,,,,,theoretical
14,1,pomegranate fruit juice,100.0,%,2.0,phenol,plant,2.0,active_antimicrobial,ldpe|pa|protein film,pouch,active packaging|barrier,4,chicken,skinless and boneless fresh chicken breast meat (ca. 400 g),,anm,single,,tvc,microbial,5.0,7.0,log cfu/g,4.85,21.0,6.5,0.08,,,,,theoretical
14,1,control,,,0.0,none,none,2.0,active_antimicrobial,ldpe|pa|protein film,pouch,active packaging|barrier,4,chicken,skinless and boneless fresh chicken breast meat (ca. 400 g),,,,,pseudomonas,microbial,5.0,7.0,log cfu/g,4.04,1.0,4.04,0.0,6.0,7.0,0.592,1.0,theoretical
14,1,pomegranate fruit juice,100.0,%,2.0,phenol,plant,2.0,active_antimicrobial,ldpe|pa|protein film,pouch,active packaging|barrier,4,chicken,skinless and boneless fresh chicken breast meat (ca. 400 g),,,,,pseudomonas,microbial,5.0,7.0,log cfu/g,4.04,11.0,6.9,0.26,16.0,7.1,0.04,1.014,theoretical
14,1,pomegranate fruit juice,100.0,%,2.0,phenol,plant,2.0,active_antimicrobial,ldpe|pa|protein film,pouch,active packaging|barrier,4,chicken,skinless and boneless fresh chicken breast meat (ca. 400 g),,,,,pseudomonas,microbial,5.0,7.0,log cfu/g,4.04,16.0,6.5,0.15,21.0,7.0,0.1,1.0,theoretical
14,1,pomegranate fruit juice,100.0,%,2.0,phenol,plant,2.0,active_antimicrobial,ldpe|pa|protein film,pouch,active packaging|barrier,4,chicken,skinless and boneless fresh chicken breast meat (ca. 400 g),,,,,pseudomonas,microbial,5.0,7.0,log cfu/g,4.04,21.0,6.1,0.1,,,,,theoretical
14,1,pomegranate fruit juice,100.0,%,2.0,phenol,plant,2.0,active_antimicrobial,ldpe|pa|protein film,pouch,active packaging|barrier,4,chicken,skinless and boneless fresh chicken breast meat (ca. 400 g),,,,,pseudomonas,microbial,5.0,7.0,log cfu/g,4.04,21.0,6.0,0.09,,,,,theoretical
14,1,control,,,0.0,none,none,2.0,active_antimicrobial,ldpe|pa|protein film,pouch,active packaging|barrier,4,chicken,skinless and boneless fresh chicken breast meat (ca. 400 g),,,,,lab,microbial,5.0,7.0,log cfu/g,4.87,1.0,4.87,0.0,6.0,7.0,0.426,1.0,theoretical
14,1,pomegranate fruit juice,100.0,%,2.0,phenol,plant,2.0,active_antimicrobial,ldpe|pa|protein film,pouch,active packaging|barrier,4,chicken,skinless and boneless fresh chicken breast meat (ca. 400 g),,anm,single,,lab,microbial,5.0,7.0,log cfu/g,4.87,6.0,6.5,0.27,11.0,7.0,0.1,1.0,theoretical
14,1,pomegranate fruit juice,100.0,%,2.0,phenol,plant,2.0,active_antimicrobial,ldpe|pa|protein film,pouch,active packaging|barrier,4,chicken,skinless and boneless fresh chicken breast meat (ca. 400 g),,anm,single,,lab,microbial,5.0,7.0,log cfu/g,4.87,6.0,5.5,0.11,11.0,7.1,0.32,1.014,theoretical
14,1,pomegranate fruit juice,100.0,%,2.0,phenol,plant,2.0,active_antimicrobial,ldpe|pa|protein film,pouch,active packaging|barrier,4,chicken,skinless and boneless fresh chicken breast meat (ca. 400 g),,anm,single,,lab,microbial,5.0,7.0,log cfu/g,4.87,16.0,6.5,0.1,21.0,7.5,0.2,1.071,theoretical
14,1,pomegranate fruit juice,100.0,%,2.0,phenol,plant,2.0,active_antimicrobial,ldpe|pa|protein film,pouch,active packaging|barrier,4,chicken,skinless and boneless fresh chicken breast meat (ca. 400 g),,anm,single,,lab,microbial,5.0,7.0,log cfu/g,4.87,16.0,6.1,0.08,21.0,7.0,0.18,1.0,theoretical
14,1,control,,,0.0,none,none,2.0,active_antimicrobial,ldpe|pa|protein film,pouch,active packaging|barrier,4,chicken,skinless and boneless fresh chicken breast meat (ca. 400 g),,,,,psy,chemical,5.0,7.0,log cfu/g,3.19,2.0,3.19,0.0,6.0,9.0,1.453,1.286,theoretical
14,1,pomegranate fruit juice,100.0,%,2.0,phenol,plant,2.0,active_antimicrobial,ldpe|pa|protein film,pouch,active packaging|barrier,4,chicken,skinless and boneless fresh chicken breast meat (ca. 400 g),,anm,single,,psy,chemical,5.0,7.0,log cfu/g,3.64,2.0,3.64,0.0,6.0,7.5,0.965,1.071,theoretical
14,1,pomegranate fruit juice,100.0,%,2.0,phenol,plant,2.0,active_antimicrobial,ldpe|pa|protein film,pouch,active packaging|barrier,4,chicken,skinless and boneless fresh chicken breast meat (ca. 400 g),,anm,single,,psy,chemical,5.0,7.0,log cfu/g,3.7,6.0,6.1,0.4,11.0,7.5,0.28,1.071,theoretical
14,1,pomegranate fruit juice,100.0,%,2.0,phenol,plant,2.0,active_antimicrobial,ldpe|pa|protein film,pouch,active packaging|barrier,4,chicken,skinless and boneless fresh chicken breast meat (ca. 400 g),,anm,single,,psy,chemical,5.0,7.0,log cfu/g,3.74,11.0,6.5,0.25,16.0,7.45,0.19,1.064,theoretical
14,1,pomegranate fruit juice,100.0,%,2.0,phenol,plant,2.0,active_antimicrobial,ldpe|pa|protein film,pouch,active packaging|barrier,4,chicken,skinless and boneless fresh chicken breast meat (ca. 400 g),,anm,single,,psy,chemical,5.0,7.0,log cfu/g,4.1,16.0,6.1,0.13,21.0,7.0,0.18,1.0,theoretical
14,1,control,,,0.0,none,none,2.0,active_antimicrobial,ldpe|pa|protein film,pouch,active packaging|barrier,4,chicken,skinless and boneless fresh chicken breast meat (ca. 400 g),,,,,pv,chemical,10.0,25.0,meq o2/kg fat,0.07,20.0,0.13,0.003,,,,,theoretical
14,1,pomegranate fruit juice,100.0,%,2.0,phenol,plant,2.0,active_antimicrobial,ldpe|pa|protein film,pouch,active packaging|barrier,4,chicken,skinless and boneless fresh chicken breast meat (ca. 400 g),,anm,single,,pv,chemical,10.0,25.0,meq o2/kg fat,0.07,20.0,0.13,0.003,,,,,theoretical
14,1,pomegranate fruit juice,100.0,%,2.0,phenol,plant,2.0,active_antimicrobial,ldpe|pa|protein film,pouch,active packaging|barrier,4,chicken,skinless and boneless fresh chicken breast meat (ca. 400 g),,anm,single,,pv,chemical,10.0,25.0,meq o2/kg fat,0.05,20.0,0.11,0.003,,,,,theoretical
14,1,pomegranate fruit juice,100.0,%,2.0,phenol,plant,2.0,active_antimicrobial,ldpe|pa|protein film,pouch,active packaging|barrier,4,chicken,skinless and boneless fresh chicken breast meat (ca. 400 g),,anm,single,,pv,chemical,10.0,25.0,meq o2/kg fat,0.07,20.0,0.099,0.002,,,,,theoretical
14,1,pomegranate fruit juice,100.0,%,2.0,phenol,plant,2.0,active_antimicrobial,ldpe|pa|protein film,pouch,active packaging|barrier,4,chicken,skinless and boneless fresh chicken breast meat (ca. 400 g),,anm,single,,pv,chemical,10.0,25.0,meq o2/kg fat,0.05,20.0,0.065,0.001,,,,,theoretical
14,1,control,,,0.0,none,none,2.0,active_antimicrobial,ldpe|pa|protein film,pouch,active packaging|barrier,4,chicken,skinless and boneless fresh chicken breast meat (ca. 400 g),,,,,tbars,chemical,0.5,2.0,mg mda/kg,0.04,20.0,0.128,0.004,,,,,theoretical
14,1,pomegranate fruit juice,100.0,%,2.0,phenol,plant,2.0,active_antimicrobial,ldpe|pa|protein film,pouch,active packaging|barrier,4,chicken,skinless and boneless fresh chicken breast meat (ca. 400 g),,,,,tbars,chemical,0.5,2.0,mg mda/kg,0.02,20.0,0.112,0.005,,,,,theoretical
14,1,pomegranate fruit juice,100.0,%,2.0,phenol,plant,2.0,active_antimicrobial,ldpe|pa|protein film,pouch,active packaging|barrier,4,chicken,skinless and boneless fresh chicken breast meat (ca. 400 g),,,,,tbars,chemical,0.5,2.0,mg mda/kg,0.03,20.0,0.106,0.004,,,,,theoretical
14,1,pomegranate fruit juice,100.0,%,2.0,phenol,plant,2.0,active_antimicrobial,ldpe|pa|protein film,pouch,active packaging|barrier,4,chicken,skinless and boneless fresh chicken breast meat (ca. 400 g),,,,,tbars,chemical,0.5,2.0,mg mda/kg,0.02,20.0,0.09,0.004,,,,,theoretical
14,1,pomegranate fruit juice,100.0,%,2.0,phenol,plant,2.0,active_antimicrobial,ldpe|pa|protein film,pouch,active packaging|barrier,4,chicken,skinless and boneless fresh chicken breast meat (ca. 400 g),,,,,tbars,chemical,0.5,2.0,mg mda/kg,0.01,20.0,0.08,0.003,,,,,theoretical
23,1,control,,,0.0,none,none,2.0,active_antimicrobial,pa|protein film|ldpe|pp,tray,active packaging,4,chicken,skinned chicken breast fillets,,,,,tac,microbial,5.0,7.0,log cfu/g,3.34,13.0,6.99,0.28,,,,,theoretical
23,1,oregano eo,10.0,g/kg,1.0,essential oil,plant,2.0,active_antimicrobial,pa|protein film|ldpe|pp,tray,active packaging,4,chicken,skinned chicken breast fillets,,anm,single,,tac,microbial,5.0,7.0,log cfu/g,3.34,13.0,5.61,0.17,,,,,theoretical
23,1,oregano eo,20.0,g/kg,2.0,essential oil,plant,2.0,active_antimicrobial,pa|protein film|ldpe|pp,tray,active packaging,4,chicken,skinned chicken breast fillets,,anm,single,,tac,microbial,5.0,7.0,log cfu/g,3.34,13.0,4.98,0.13,,,,,theoretical
23,1,clove eo,10.0,g/kg,1.0,essential oil,plant,2.0,active_antimicrobial,pa|protein film|ldpe|pp,tray,active packaging,4,chicken,skinned chicken breast fillets,,anm,single,,tac,microbial,5.0,7.0,log cfu/g,3.34,13.0,6.72,0.26,,,,,theoretical
23,1,clove eo,20.0,g/kg,2.0,essential oil,plant,2.0,active_antimicrobial,pa|protein film|ldpe|pp,tray,active packaging,4,chicken,skinned chicken breast fillets,,anm,single,,tac,microbial,5.0,7.0,log cfu/g,3.34,13.0,5.83,0.19,,,,,theoretical
23,1,control,,,0.0,none,none,2.0,active_antimicrobial,pa|protein film|ldpe|pp,tray,active packaging,4,chicken,skinned chicken breast fillets,,,,,enterobacteriaceae,microbial,5.0,7.0,log cfu/g,2.17,10.0,6.7,0.45,13.0,7.55,0.283,1.079,theoretical
23,1,oregano eo,10.0,g/kg,1.0,essential oil,plant,2.0,active_antimicrobial,pa|protein film|ldpe|pp,tray,active packaging,4,chicken,skinned chicken breast fillets,,anm,single,,enterobacteriaceae,microbial,5.0,7.0,log cfu/g,2.17,13.0,6.43,0.33,,,,,theoretical
23,1,oregano eo,20.0,g/kg,2.0,essential oil,plant,2.0,active_antimicrobial,pa|protein film|ldpe|pp,tray,active packaging,4,chicken,skinned chicken breast fillets,,anm,single,,enterobacteriaceae,microbial,5.0,7.0,log cfu/g,2.17,13.0,6.41,0.33,,,,,theoretical
23,1,clove eo,10.0,g/kg,1.0,essential oil,plant,2.0,active_antimicrobial,pa|protein film|ldpe|pp,tray,active packaging,4,chicken,skinned chicken breast fillets,,anm,single,,enterobacteriaceae,microbial,5.0,7.0,log cfu/g,2.17,13.0,6.62,0.34,,,,,theoretical
23,1,clove eo,20.0,g/kg,2.0,essential oil,plant,2.0,active_antimicrobial,pa|protein film|ldpe|pp,tray,active packaging,4,chicken,skinned chicken breast fillets,,anm,single,,enterobacteriaceae,microbial,5.0,7.0,log cfu/g,2.17,13.0,6.14,0.31,,,,,theoretical
23,1,control,,,0.0,none,none,2.0,active_antimicrobial,pa|protein film|ldpe|pp,tray,active packaging,4,chicken,skinned chicken breast fillets,,,,,psy,microbial,5.0,7.0,log cfu/g,3.43,10.0,5.84,0.24,13.0,7.03,0.397,1.004,theoretical
23,1,oregano eo,10.0,g/kg,1.0,essential oil,plant,2.0,active_antimicrobial,pa|protein film|ldpe|pp,tray,active packaging,4,chicken,skinned chicken breast fillets,,anm,single,,psy,microbial,5.0,7.0,log cfu/g,3.43,13.0,5.65,0.17,,,,,theoretical
23,1,oregano eo,20.0,g/kg,2.0,essential oil,plant,2.0,active_antimicrobial,pa|protein film|ldpe|pp,tray,active packaging,4,chicken,skinned chicken breast fillets,,anm,single,,psy,microbial,5.0,7.0,log cfu/g,3.43,13.0,5.84,0.19,,,,,theoretical
23,1,clove eo,10.0,g/kg,1.0,essential oil,plant,2.0,active_antimicrobial,pa|protein film|ldpe|pp,tray,active packaging,4,chicken,skinned chicken breast fillets,,anm,single,,psy,microbial,5.0,7.0,log cfu/g,3.43,13.0,6.71,0.25,,,,,theoretical
23,1,clove eo,20.0,g/kg,2.0,essential oil,plant,2.0,active_antimicrobial,pa|protein film|ldpe|pp,tray,active packaging,4,chicken,skinned chicken breast fillets,,anm,single,,psy,microbial,5.0,7.0,log cfu/g,3.43,13.0,6.55,0.24,,,,,theoretical
23,1,control,,,0.0,none,none,2.0,active_antimicrobial,pa|protein film|ldpe|pp,tray,active packaging,4,chicken,skinned chicken breast fillets,,,,,enterobacteriaceae,microbial,5.0,7.0,log cfu/g,3.37,3.0,4.43,0.35,5.0,7.54,1.555,1.077,theoretical
23,1,oregano eo,10.0,g/kg,1.0,essential oil,plant,2.0,active_antimicrobial,pa|protein film|ldpe|pp,tray,active packaging,4,chicken,skinned chicken breast fillets,,anm,single,,enterobacteriaceae,microbial,5.0,7.0,log cfu/g,3.37,3.0,4.21,0.28,5.0,7.13,1.46,1.019,theoretical
23,1,oregano eo,20.0,g/kg,2.0,essential oil,plant,2.0,active_antimicrobial,pa|protein film|ldpe|pp,tray,active packaging,4,chicken,skinned chicken breast fillets,,anm,single,,enterobacteriaceae,microbial,5.0,7.0,log cfu/g,3.37,10.0,6.86,0.35,13.0,7.05,0.063,1.007,theoretical
23,1,clove eo,10.0,g/kg,1.0,essential oil,plant,2.0,active_antimicrobial,pa|protein film|ldpe|pp,tray,active packaging,4,chicken,skinned chicken breast fillets,,anm,single,,enterobacteriaceae,microbial,5.0,7.0,log cfu/g,3.37,3.0,4.23,0.29,5.0,7.06,1.415,1.009,theoretical
23,1,clove eo,20.0,g/kg,2.0,essential oil,plant,2.0,active_antimicrobial,pa|protein film|ldpe|pp,tray,active packaging,4,chicken,skinned chicken breast fillets,,anm,single,,enterobacteriaceae,microbial,5.0,7.0,log cfu/g,3.37,3.0,4.25,0.29,5.0,7.48,1.615,1.069,theoretical
23,1,control,,,0.0,none,none,2.0,active_antimicrobial,pa|protein film|ldpe|pp,tray,active packaging,4,chicken,skinned chicken breast fillets,,,,,pseudomonas,microbial,5.0,7.0,log cfu/g,4.47,3.0,4.47,0.0,5.0,8.82,2.175,1.26,theoretical
23,1,oregano eo,10.0,g/kg,1.0,essential oil,plant,2.0,active_antimicrobial,pa|protein film|ldpe|pp,tray,active packaging,4,chicken,skinned chicken breast fillets,,anm,single,,pseudomonas,microbial,5.0,7.0,log cfu/g,4.47,3.0,4.47,0.0,5.0,8.47,2.0,1.21,theoretical
23,1,oregano eo,20.0,g/kg,2.0,essential oil,plant,2.0,active_antimicrobial,pa|protein film|ldpe|pp,tray,active packaging,4,chicken,skinned chicken breast fillets,,anm,single,,pseudomonas,microbial,5.0,7.0,log cfu/g,4.47,3.0,4.47,0.0,5.0,7.21,1.37,1.03,theoretical
23,1,clove eo,10.0,g/kg,1.0,essential oil,plant,2.0,active_antimicrobial,pa|protein film|ldpe|pp,tray,active packaging,4,chicken,skinned chicken breast fillets,,anm,single,,pseudomonas,microbial,5.0,7.0,log cfu/g,4.47,3.0,4.47,0.0,5.0,7.4,1.465,1.057,theoretical
23,1,clove eo,20.0,g/kg,2.0,essential oil,plant,2.0,active_antimicrobial,pa|protein film|ldpe|pp,tray,active packaging,4,chicken,skinned chicken breast fillets,,anm,single,,pseudomonas,microbial,5.0,7.0,log cfu/g,4.47,3.0,4.47,0.0,5.0,7.06,1.295,,theoretical
15,1,control,,,0.0,none,none,60.0,active_antimicrobial,ldpe|pa|protein film,pouch,active packaging,4,fish,crucian carp,,,,,tvc,microbial,5.0,7.0,log cfu/g,2.84,10.0,6.97,0.41,15.0,8.5,0.306,1.214,theoretical
15,1,tea polyphenols,0.2,%,0.2,phenol,plant,60.0,active_antimicrobial,ldpe|pa|protein film,pouch,active packaging,4,fish,crucian carp,,anm,single,,tvc,microbial,5.0,7.0,log cfu/g,2.84,15.0,6.7,0.26,20.0,8.0,0.26,1.143,theoretical
15,1,rosemary extract,0.2,%,0.2,phenol,plant,60.0,active_antimicrobial,ldpe|pa|protein film,pouch,active packaging,4,fish,crucian carp,,anm,single,,tvc,microbial,5.0,7.0,log cfu/g,2.84,15.0,6.2,0.22,20.0,7.5,0.26,1.071,theoretical
16,1,control,,,0.0,none,none,,,,,,8,beef,swedish-style meatballs,,,,,lab,microbial,5.0,7.0,log cfu/g,2.0,12.0,3.3,0.11,,,,,theoretical
16,1,rosemary oil extract,0.1,% (w/w),0.1,essential oil,plant,,,,,,8,beef,swedish-style meatballs,,anm,single,,lab,microbial,5.0,7.0,log cfu/g,1.6,12.0,3.0,0.12,,,,,theoretical
16,1,rosemary water extract,0.15,% (w/w),0.15,phenol,plant,,,,,,8,beef,swedish-style meatballs,,anm,single,,lab,microbial,5.0,7.0,log cfu/g,1.6,12.0,3.3,0.14,,,,,theoretical
16,1,rosemary oil and water extract,0.25,% (w/w),0.25,phenol/essential oil,plant,,,,,,8,beef,swedish-style meatballs,,anm,single,,lab,microbial,5.0,7.0,log cfu/g,2.3,12.0,3.3,0.08,,,,,theoretical
16,1,lemon fiber,5.0,% (w/w),5.0,carbohydrate,plant,,,,,,8,beef,swedish-style meatballs,,anm,single,,lab,microbial,5.0,7.0,log cfu/g,1.6,12.0,1.6,0.0,,,,,theoretical
16,1,orange fiber,5.0,% (w/w),5.0,carbohydrate,plant,,,,,,8,beef,swedish-style meatballs,,anm,single,,lab,microbial,5.0,7.0,log cfu/g,1.6,12.0,1.6,0.0,,,,,theoretical
17,1,control,,,0.0,none,none,30.0,active_antimicrobial,ldpe|pa|protein film,pouch,active packaging,0–2,fish,indian mackerel,,,,,tac,microbial,5.0,7.0,log cfu/g,4.17,,,,11.0,7.13,0.648,1.019,theoretical
17,1,mint leaf extract,0.5,% (w/v),0.5,essential oil,plant,30.0,active_antimicrobial,ldpe|pa|protein film,pouch,active packaging,0–2,fish,indian mackerel,,anm,single,,tac,microbial,5.0,7.0,log cfu/g,4.17,,,,16.0,7.33,0.458,1.047,theoretical
17,1,citrus peel extract,0.5,% (w/v),0.5,phenol,plant,30.0,active_antimicrobial,ldpe|pa|protein film,pouch,active packaging,0–2,fish,indian mackerel,,anm,single,,tac,microbial,5.0,7.0,log cfu/g,4.17,,,,13.0,7.01,0.539,1.001,theoretical
18,1,control,,,0.0,none,none,,active_antimicrobial,ldpe|pa|protein film,bag,active packaging,7,chicken,restructured chicken block,,,,,tpc,microbial,5.0,7.0,log cfu/g,3.4,20.0,4.2,0.04,,,,,theoretical
18,1,drumstick leaf,1.0,%,1.0,essential oil,plant,,active_antimicrobial,ldpe|pa|protein film,bag,active packaging,7,chicken,restructured chicken block,,anm,single,,tpc,microbial,5.0,7.0,log cfu/g,3.1,20.0,3.7,0.03,,,,,theoretical
18,1,mint leaf,1.0,%,1.0,essential oil,plant,,active_antimicrobial,ldpe|pa|protein film,bag,active packaging,7,chicken,restructured chicken block,,anm,single,,tpc,microbial,5.0,7.0,log cfu/g,3.1,20.0,3.9,0.04,,,,,theoretical
18,1,curry leaf,1.0,%,1.0,essential oil,plant,,active_antimicrobial,ldpe|pa|protein film,bag,active packaging,7,chicken,restructured chicken block,,anm,single,,tpc,microbial,5.0,7.0,log cfu/g,2.9,20.0,3.7,0.04,,,,,theoretical
19,1,control,,,0.0,none,none,,active_antimicrobial,pa,,active packaging,4,chicken,ready to cook chicken-pepper kebabs (125g),,,,,tvc,microbial,5.0,7.0,log cfu/g,5.41,2.0,6.5,0.55,4.0,7.1,0.3,1.014,theoretical
19,1,chitosan,1.5,% (v/w),0.03,carbohydrate,"algae, fish and others",,active_antimicrobial,pa,,active packaging,4,chicken,ready to cook chicken-pepper kebabs (125g),,anm,single,,tvc,microbial,5.0,7.0,log cfu/g,5.41,4.0,6.5,0.27,6.0,7.0,0.25,1.0,theoretical
19,1,thyme oil,0.2,% (v/w),0.2,essential oil,plant,,active_antimicrobial,pa,,active packaging,4,chicken,ready to cook chicken-pepper kebabs (125g),,anm,single,,tvc,microbial,5.0,7.0,log cfu/g,5.41,4.0,6.5,0.27,6.0,7.0,0.25,1.0,theoretical
19,1,chitosan,1.5,% (v/w),0.03,carbohydrate,"algae, fish and others",,active_antimicrobial,pa,,active packaging,4,chicken,ready to cook chicken-pepper kebabs (125g),,anm,single,,tvc,microbial,5.0,7.0,log cfu/g,5.41,6.0,6.5,0.18,7.0,7.0,0.5,1.0,theoretical
19,1,control,,,0.0,none,none,,active_antimicrobial,pa,,active packaging,4,chicken,ready to cook chicken-pepper kebabs (125g),,,,,pseudomonas,microbial,5.0,7.0,log cfu/g,5.05,2.0,6.5,0.73,4.0,7.2,0.35,1.029,theoretical
19,1,chitosan,1.5,% (v/w),0.03,carbohydrate,"algae, fish and others",,active_antimicrobial,pa,,active packaging,4,chicken,ready to cook chicken-pepper kebabs (125g),,anm,single,,pseudomonas,microbial,5.0,7.0,log cfu/g,5.05,4.0,6.0,0.24,6.0,7.5,0.75,1.071,theoretical
19,1,thyme oil,0.2,% (v/w),0.2,essential oil,plant,,active_antimicrobial,pa,,active packaging,4,chicken,ready to cook chicken-pepper kebabs (125g),,anm,single,,pseudomonas,microbial,5.0,7.0,log cfu/g,5.05,4.0,6.0,0.24,6.0,7.5,0.75,1.071,theoretical
19,1,chitosan,1.5,% (v/w),0.03,carbohydrate,"algae, fish and others",,active_antimicrobial,pa,,active packaging,4,chicken,ready to cook chicken-pepper kebabs (125g),,anm,single,,pseudomonas,microbial,5.0,7.0,log cfu/g,5.05,6.0,6.0,0.16,8.0,7.0,0.5,1.0,theoretical
19,1,control,,,0.0,none,none,,active_antimicrobial,pa,,active packaging,4,chicken,ready to cook chicken-pepper kebabs (125g),,,,,lab,microbial,5.0,7.0,log cfu/g,4.35,6.0,6.1,0.29,8.0,7.0,0.45,1.0,theoretical
19,1,chitosan,1.5,% (v/w),0.03,carbohydrate,"algae, fish and others",,active_antimicrobial,pa,,active packaging,4,chicken,ready to cook chicken-pepper kebabs (125g),,anm,single,,lab,microbial,5.0,7.0,log cfu/g,4.35,8.0,5.0,0.08,10.0,7.0,1.0,1.0,theoretical
19,1,thyme oil,0.2,% (v/w),0.2,essential oil,plant,,active_antimicrobial,pa,,active packaging,4,chicken,ready to cook chicken-pepper kebabs (125g),,anm,single,,lab,microbial,5.0,7.0,log cfu/g,4.35,8.0,5.0,0.08,10.0,7.0,1.0,1.0,theoretical
19,1,chitosan,1.5,% (v/w),0.03,carbohydrate,"algae, fish and others",,active_antimicrobial,pa,,active packaging,4,chicken,ready to cook chicken-pepper kebabs (125g),,anm,single,,lab,microbial,5.0,7.0,log cfu/g,4.35,10.0,5.9,0.16,,,,,theoretical
19,1,control,,,0.0,none,none,,active_antimicrobial,pa,,active packaging,4,chicken,ready to cook chicken-pepper kebabs (125g),,,,,b. thermosphacta,microbial,5.0,7.0,log cfu/g,4.29,,,,12.0,9.13,,,theoretical
19,1,chitosan,1.5,% (v/w),0.03,carbohydrate,"algae, fish and others",,active_antimicrobial,pa,,active packaging,4,chicken,ready to cook chicken-pepper kebabs (125g),,anm,single,,b. thermosphacta,microbial,5.0,7.0,log cfu/g,4.29,,,,12.0,,,,theoretical
19,1,thyme oil,0.2,% (v/w),0.2,essential oil,plant,,active_antimicrobial,pa,,active packaging,4,chicken,ready to cook chicken-pepper kebabs (125g),,anm,single,,b. thermosphacta,microbial,5.0,7.0,log cfu/g,4.29,,,,12.0,,,,theoretical
19,1,chitosan,1.5,% (v/w),0.03,carbohydrate,"algae, fish and others",,active_antimicrobial,pa,,active packaging,4,chicken,ready to cook chicken-pepper kebabs (125g),,anm,single,,b. thermosphacta,microbial,5.0,7.0,log cfu/g,4.29,,,,12.0,,,,theoretical
19,1,control,,,0.0,none,none,,active_antimicrobial,pa,,active packaging,4,chicken,ready to cook chicken-pepper kebabs (125g),,,,,enterobacteriaceae,microbial,5.0,7.0,log cfu/g,3.5,,,,,,,,theoretical
19,1,chitosan,1.5,% (v/w),0.03,carbohydrate,"algae, fish and others",,active_antimicrobial,pa,,active packaging,4,chicken,ready to cook chicken-pepper kebabs (125g),,anm,single,,enterobacteriaceae,microbial,5.0,7.0,log cfu/g,3.5,,,,,,,,theoretical
19,1,thyme oil,0.2,% (v/w),0.2,essential oil,plant,,active_antimicrobial,pa,,active packaging,4,chicken,ready to cook chicken-pepper kebabs (125g),,anm,single,,enterobacteriaceae,microbial,5.0,7.0,log cfu/g,3.5,,,,,,,,theoretical
19,1,chitosan,1.5,% (v/w),0.03,carbohydrate,"algae, fish and others",,active_antimicrobial,pa,,active packaging,4,chicken,ready to cook chicken-pepper kebabs (125g),,anm,single,,enterobacteriaceae,microbial,5.0,7.0,log cfu/g,3.5,,,,12.0,,,,theoretical
19,1,control,,,0.0,none,none,,active_antimicrobial,pa,,active packaging,4,chicken,ready to cook chicken-pepper kebabs (125g),,,,,fungal count,microbial,2.0,3.0,log cfu/g,4.5,6.0,6.2,0.28,8.0,8.0,0.9,2.667,theoretical
19,1,chitosan,1.5,% (v/w),0.03,carbohydrate,"algae, fish and others",,active_antimicrobial,pa,,active packaging,4,chicken,ready to cook chicken-pepper kebabs (125g),,anm,single,,fungal count,microbial,2.0,3.0,log cfu/g,4.51,8.0,6.0,0.19,10.0,7.0,0.5,2.333,theoretical
19,1,thyme oil,0.2,% (v/w),0.2,essential oil,plant,,active_antimicrobial,pa,,active packaging,4,chicken,ready to cook chicken-pepper kebabs (125g),,anm,single,,fungal count,microbial,2.0,3.0,log cfu/g,4.52,12.0,6.2,0.14,,,,,theoretical
19,1,chitosan,1.5,% (v/w),0.03,carbohydrate,"algae, fish and others",,active_antimicrobial,pa,,active packaging,4,chicken,ready to cook chicken-pepper kebabs (125g),,anm,single,,fungal count,microbial,2.0,3.0,log cfu/g,4.53,12.0,4.7,0.01,,,,,theoretical
20,1,control,0.0,,0.0,none,none,,active_antimicrobial,ldpe|pa,pouch,barrier|active packaging,4,chicken,semi cooked coated chicken fillets,,,,,tvc,microbial,5.0,7.0,log cfu/g,3.6,10.0,6.9,0.33,14.0,8.5,0.4,1.214,theoretical
20,1,control,0.0,,0.0,none,none,,active_antimicrobial,ldpe|pa,pouch,barrier|active packaging,4,chicken,semi cooked coated chicken fillets,,,,,tvc,microbial,5.0,7.0,log cfu/g,3.6,,,,,,,,theoretical
20,1,edta–lysozyme solution,1.5,% (w/w),1.5,protein,enzyme,,active_antimicrobial,ldpe|pa,pouch,barrier|active packaging,4,chicken,semi cooked coated chicken fillets,,anm+map,hybrid_simultaneous,,tvc,microbial,5.0,7.0,log cfu/g,3.6,12.0,6.5,0.24,14.0,7.0,0.25,1.0,theoretical
20,1,rosemary oil,0.2,% (v/w),0.2,essential oil,plant,,active_antimicrobial,ldpe|pa,pouch,barrier|active packaging,4,chicken,semi cooked coated chicken fillets,,anm+map,hybrid_simultaneous,,tvc,microbial,5.0,7.0,log cfu/g,3.6,14.0,,,16.0,,,,theoretical
20,1,oregano oil,0.2,% (v/w),0.2,essential oil,plant,,active_antimicrobial,ldpe|pa,pouch,barrier|active packaging,4,chicken,semi cooked coated chicken fillets,,anm+map,hybrid_simultaneous,,tvc,microbial,5.0,7.0,log cfu/g,3.6,14.0,,,16.0,,,,theoretical
20,1,edta–lysozyme solution,1.5,% (w/w),1.5,protein,enzyme,,active_antimicrobial,ldpe|pa,pouch,barrier|active packaging,4,chicken,semi cooked coated chicken fillets,,anm+map,hybrid_simultaneous,,tvc,microbial,5.0,7.0,log cfu/g,3.6,14.0,,,16.0,,,,theoretical
20,1,edta–lysozyme solution,1.5,% (w/w),1.5,protein,enzyme,,active_antimicrobial,ldpe|pa,pouch,barrier|active packaging,4,chicken,semi cooked coated chicken fillets,,anm+map,hybrid_simultaneous,,tvc,microbial,5.0,7.0,log cfu/g,3.6,14.0,,,16.0,,,,theoretical
21,1,lemon juice,250.0,ml,1.67,organic acid,plant,1440.0,,,,,0,chicken,leg,,anm,single,,salmonella,microbial,0.0,0.0,cfu/plate,,,,,1.0,,,,theoretical
21,1,lemon juice,250.0,ml,1.67,organic acid,plant,1440.0,,,,,0,chicken,leg,irradiation,anm,hybrid_simultaneous,3.0,salmonella,microbial,0.0,0.0,cfu/plate,,9.0,0.0,,12.0,,,,theoretical
21,1,lemon juice,250.0,ml,1.67,organic acid,plant,1440.0,,,,,0,chicken,leg,irradiation,anm,hybrid_simultaneous,5.0,salmonella,microbial,0.0,0.0,cfu/plate,,15.0,0.0,,,,,,theoretical
21,1,control,0.0,ml,0.0,none,none,,vacuum,,,,0,chicken,leg,,anm,single,,salmonella,microbial,0.0,0.0,cfu/plate,,,,,1.0,,,,theoretical
21,1,control,0.0,ml,0.0,none,none,,vacuum,,,,0,chicken,leg,irradiation,,single,3.0,salmonella,microbial,0.0,0.0,cfu/plate,,,,,1.0,,,,theoretical
21,1,control,0.0,ml,0.0,none,none,,vacuum,,,,0,chicken,leg,irradiation,,single,5.0,salmonella,microbial,0.0,0.0,cfu/plate,,12.0,0.0,,15.0,,,,theoretical
21,1,control,0.0,ml,0.0,none,none,,aerobic,,,,0,chicken,leg,irradiation,,single,0.0,salmonella,microbial,0.0,0.0,cfu/plate,,,,,1.0,,,,theoretical
21,1,control,0.0,ml,0.0,none,none,,aerobic,,,,0,chicken,leg,irradiation,,single,3.0,salmonella,microbial,0.0,0.0,cfu/plate,,,,,1.0,,,,theoretical
21,1,control,0.0,ml,0.0,none,none,,aerobic,,,,0,chicken,leg,irradiation,,single,5.0,salmonella,microbial,0.0,0.0,cfu/plate,0.0,15.0,0.0,,,,,,theoretical
21,1,lemon juice,250.0,ml,1.67,organic acid,plant,1440.0,,,,,0,chicken,leg,irradiation,anm,hybrid_simultaneous,0.0,tvc,microbial,5.0,7.0,log cfu/g,1.24,6.0,2.76,0.25,9.0,6.25,1.163,0.893,theoretical
21,1,lemon juice,250.0,ml,1.67,organic acid,plant,1440.0,,,,,0,chicken,leg,irradiation,anm,hybrid_simultaneous,3.0,tvc,microbial,5.0,7.0,log cfu/g,1.24,6.0,2.76,0.25,9.0,6.25,1.163,0.893,theoretical
21,1,lemon juice,250.0,ml,1.67,organic acid,plant,1440.0,,,,,0,chicken,leg,irradiation,anm,hybrid_simultaneous,5.0,tvc,microbial,5.0,7.0,log cfu/g,1.24,6.0,2.76,0.25,9.0,6.25,1.163,0.893,theoretical
21,1,control,0.0,ml,0.0,none,none,,vacuum,,,,0,chicken,leg,irradiation,map,hybrid_simultaneous,0.0,tvc,microbial,5.0,7.0,log cfu/g,2.63,6.0,4.23,0.27,9.0,6.94,0.903,0.991,theoretical
21,1,control,0.0,ml,0.0,none,none,,vacuum,,,,0,chicken,leg,irradiation,map,hybrid_simultaneous,3.0,tvc,microbial,5.0,7.0,log cfu/g,2.63,6.0,4.23,0.27,9.0,6.94,0.903,0.991,theoretical
21,1,control,0.0,ml,0.0,none,none,,vacuum,,,,0,chicken,leg,irradiation,map,hybrid_simultaneous,5.0,tvc,microbial,5.0,7.0,log cfu/g,2.63,6.0,4.23,0.27,9.0,6.94,0.903,0.991,theoretical
21,1,control,0.0,ml,0.0,none,none,,aerobic,,,,0,chicken,leg,irradiation,,single,0.0,tvc,microbial,5.0,7.0,log cfu/g,2.53,6.0,4.36,0.31,9.0,6.64,0.76,0.949,theoretical
21,1,control,0.0,ml,0.0,none,none,,aerobic,,,,0,chicken,leg,irradiation,,single,3.0,tvc,microbial,5.0,7.0,log cfu/g,2.53,6.0,4.36,0.31,9.0,6.64,0.76,0.949,theoretical
21,1,control,0.0,ml,0.0,none,none,,aerobic,,,,0,chicken,leg,irradiation,,single,5.0,tvc,microbial,5.0,7.0,log cfu/g,2.53,6.0,4.36,0.31,9.0,6.64,0.76,0.949,theoretical
22,1,control,,,0.0,none,none,,active_antimicrobial,pa|protein film,pouch,active packaging,room temp,mixed,"food containing potato, boneless chicken cooking oil, masala, tomato and salt",,,,,tvc,microbial,5.0,7.0,log cfu/g,2.51,1.0,2.51,0.0,16.0,,,,theoretical
22,1,turmeric oil,1.0,%,1.0,phenol,plant,,active_antimicrobial,pa|protein film,pouch,active packaging,room temp,mixed,"food containing potato, boneless chicken cooking oil, masala, tomato and salt",,anm,single,,tvc,microbial,5.0,7.0,log cfu/g,2.41,1.0,2.41,0.0,16.0,,,,theoretical
22,1,turmeric oil,2.0,%,2.0,phenol,plant,,active_antimicrobial,pa|protein film,pouch,active packaging,room temp,mixed,"food containing potato, boneless chicken cooking oil, masala, tomato and salt",,anm,single,,tvc,microbial,5.0,7.0,log cfu/g,2.18,1.0,2.41,0.23,16.0,,,,theoretical
22,1,sodium benzoate,0.1,%,0.1,organic acid,other natural sources,,active_antimicrobial,pa|protein film,pouch,active packaging,room temp,mixed,"food containing potato, boneless chicken cooking oil, masala, tomato and salt",,anm,single,,tvc,microbial,5.0,7.0,log cfu/g,1.4,16.0,1.71,0.02,31.0,,,,theoretical
22,1,sodium benzoate,0.1,%,0.1,organic acid,other natural sources,,active_antimicrobial,pa|protein film,pouch,active packaging,room temp,mixed,"food containing potato, boneless chicken cooking oil, masala, tomato and salt",,anm,single,,tvc,microbial,5.0,7.0,log cfu/g,1.3,46.0,0.7,-0.01,,,,,theoretical
22,1,turmeric oil,1.0,%,1.0,phenol,plant,,active_antimicrobial,pa|protein film,pouch,active packaging,room temp,mixed,"food containing potato, boneless chicken cooking oil, masala, tomato and salt",heat,anm,hybrid_simultaneous,,tvc,microbial,5.0,7.0,log cfu/g,0.7,91.0,0.7,0.0,,,,,theoretical
22,1,turmeric oil,2.0,%,2.0,phenol,plant,,active_antimicrobial,pa|protein film,pouch,active packaging,room temp,mixed,"food containing potato, boneless chicken cooking oil, masala, tomato and salt",heat,anm,hybrid_simultaneous,,tvc,microbial,5.0,7.0,log cfu/g,0.7,31.0,0.7,0.0,,,,,theoretical
22,1,control,,,0.0,none,none,,active_antimicrobial,pa|protein film,pouch,active packaging,room temp,mixed,"food containing potato, boneless chicken cooking oil, masala, tomato and salt",heat,,single,,tvc,microbial,5.0,7.0,log cfu/g,0.7,31.0,0.7,0.0,,,,,theoretical
22,1,control,,,0.0,none,none,,active_antimicrobial,pa|protein film,pouch,active packaging,room temp,mixed,"food containing potato, boneless chicken cooking oil, masala, tomato and salt",,,,,fungal count,microbial,2.0,3.0,fungal count/g,2.18,1.0,2.18,0.0,16.0,,,,theoretical
22,1,turmeric oil,1.0,%,1.0,phenol,plant,,active_antimicrobial,pa|protein film,pouch,active packaging,room temp,mixed,"food containing potato, boneless chicken cooking oil, masala, tomato and salt",,anm,single,,fungal count,microbial,2.0,3.0,fungal count/g,2.08,1.0,2.08,0.0,16.0,,,,theoretical
22,1,turmeric oil,2.0,%,2.0,phenol,plant,,active_antimicrobial,pa|protein film,pouch,active packaging,room temp,mixed,"food containing potato, boneless chicken cooking oil, masala, tomato and salt",,anm,single,,fungal count,microbial,2.0,3.0,fungal count/g,2.0,1.0,2.0,0.0,16.0,,,,theoretical
22,1,sodium benzoate,0.1,%,0.1,organic acid,other natural sources,,active_antimicrobial,pa|protein film,pouch,active packaging,room temp,mixed,"food containing potato, boneless chicken cooking oil, masala, tomato and salt",,anm,single,,fungal count,microbial,2.0,3.0,fungal count/g,0.7,16.0,0.7,0.0,31.0,,,,theoretical
22,1,sodium benzoate,0.1,%,0.1,organic acid,other natural sources,,active_antimicrobial,pa|protein film,pouch,active packaging,room temp,mixed,"food containing potato, boneless chicken cooking oil, masala, tomato and salt",,anm,single,,fungal count,microbial,2.0,3.0,fungal count/g,0.7,46.0,0.7,0.0,,,,,theoretical
22,1,turmeric oil,1.0,%,1.0,phenol,plant,,active_antimicrobial,pa|protein film,pouch,active packaging,room temp,mixed,"food containing potato, boneless chicken cooking oil, masala, tomato and salt",heat,anm,hybrid_simultaneous,,fungal count,microbial,2.0,3.0,fungal count/g,0.7,91.0,0.7,0.0,,,,,theoretical
22,1,turmeric oil,2.0,%,2.0,phenol,plant,,active_antimicrobial,pa|protein film,pouch,active packaging,room temp,mixed,"food containing potato, boneless chicken cooking oil, masala, tomato and salt",heat,anm,hybrid_simultaneous,,fungal count,microbial,2.0,3.0,fungal count/g,0.7,91.0,0.7,0.0,,,,,theoretical
22,1,control,,,0.0,none,none,,active_antimicrobial,pa|protein film,pouch,active packaging,room temp,mixed,"food containing potato, boneless chicken cooking oil, masala, tomato and salt",heat,,single,,fungal count,microbial,2.0,3.0,fungal count/g,0.7,91.0,0.7,0.0,,,,,theoretical
3,1,control,0.0,mg/kg,0.0,none,none,,,pp|ps,tray,oxygen-permeable,4,pork,"70% lean pork meat (m. obliquus, transversus and rectus abdominis) and 30% backfat (50g each)",,,,,tbars,chemical,0.5,2.0,mg mda/kg,0.56,1.0,0.56,0.0,5.0,3.4,0.71,1.7,theoretical
3,1,sodium ascorbate,400.0,mg/kg,0.04,organic acid,plant,,,pp|ps,tray,oxygen-permeable,4,pork,"70% lean pork meat (m. obliquus, transversus and rectus abdominis) and 30% backfat (50g each)",,,,,tbars,chemical,0.5,2.0,mg mda/kg,0.17,5.0,1.08,0.182,9.0,2.14,0.265,1.07,theoretical
3,1,green tea extract,300.0,mg/kg,0.03,phenol,plant,,,pp|ps,tray,oxygen-permeable,4,pork,"70% lean pork meat (m. obliquus, transversus and rectus abdominis) and 30% backfat (50g each)",,,,,tbars,chemical,0.5,2.0,mg mda/kg,0.07,17.0,0.12,0.003,,,,,theoretical
3,1,grape seed extract,300.0,mg/kg,0.03,phenol,plant,,,pp|ps,tray,oxygen-permeable,4,pork,"70% lean pork meat (m. obliquus, transversus and rectus abdominis) and 30% backfat (50g each)",,,,,tbars,chemical,0.5,2.0,mg mda/kg,0.09,17.0,0.21,0.007,,,,,theoretical
11,1,control,0.0,,0.0,none,none,,,,,,4,beef,50g ground meat,,,,,tvc,microbial,5.0,7.0,log cfu/g,2.88,3.0,4.26,0.46,9.0,9.71,0.908,1.387,theoretical
11,1,control,0.0,,0.0,none,none,,,caseinate film,,,4,beef,50g ground meat,,,,,tvc,microbial,5.0,7.0,log cfu/g,2.88,3.0,4.3,0.47,9.0,9.68,0.897,1.383,theoretical
11,1,sodium caseinate/pomegranate peel extract (coating),250.0,ppm,0.025,phenol,plant,,active_antimicrobial,pa|caseinate film,film,active packaging,4,beef,50g ground meat,,anm,single,,tvc,microbial,5.0,7.0,log cfu/g,2.88,3.0,3.01,0.04,9.0,7.71,0.783,1.101,theoretical
11,1,control,,,0.0,none,none,,,,,,4,beef,50g ground meat,,,,,tvc,microbial,5.0,7.0,log cfu/g,2.88,12.0,6.21,0.28,,,,,theoretical
11,1,control,0.0,,0.0,none,none,,,,,,4,beef,50g ground meat,,,,,s. aureus,microbial,2.0,4.0,log cfu/g,0.51,9.0,3.02,0.28,,,,,theoretical
11,1,control,0.0,,0.0,none,none,,,caseinate film,,,4,beef,50g ground meat,,,,,s. aureus,microbial,2.0,4.0,log cfu/g,0.51,9.0,3.21,0.3,,,,,theoretical
11,1,sodium caseinate/pomegranate peel extract (coating),250.0,ppm,0.025,phenol,plant,,active_antimicrobial,pa|caseinate film,film,active packaging,4,beef,50g ground meat,,,,,s. aureus,microbial,2.0,4.0,log cfu/g,0.51,12.0,1.92,0.12,,,,,theoretical
11,1,control,,,0.0,none,none,,,,,,4,beef,50g ground meat,,,,,s. aureus,microbial,2.0,4.0,log cfu/g,0.51,12.0,1.7,0.1,,,,,theoretical
13,1,control,,,0.0,none,none,,,,,,4,beef,10g ground meat,,,,,tvc,microbial,5.0,7.0,log cfu/g,5.2,4.0,4.38,-0.21,6.0,7.84,1.73,1.12,theoretical
13,1,control,,,0.0,none,none,,,,,,4,beef,10g ground meat,,,,,tvc,microbial,5.0,7.0,log cfu/g,5.39,4.0,5.82,0.11,6.0,8.02,1.1,1.146,theoretical
13,1,control,,,0.0,none,none,,,,,,4,beef,10g ground meat,,,,,tvc,microbial,5.0,7.0,log cfu/g,4.99,6.0,6.94,0.33,8.0,6.94,0.0,0.991,theoretical
13,1,lysozyme (film),700.0,μg cm^-2,0.07,protein,enzyme,,,,,,4,beef,10g ground meat,,anm,single,,tvc,microbial,5.0,7.0,log cfu/g,5.09,8.0,6.9,0.23,,,,,theoretical
13,1,control,,,0.0,none,none,,,,,,4,beef,10g ground meat,,,,,tcc,microbial,2.0,3.0,log cfu/g,2.6,1.0,2.6,0.0,4.0,3.81,0.403,1.27,theoretical
13,1,control,,,0.0,none,none,,,,,,4,beef,10g ground meat,,,,,tcc,microbial,2.0,3.0,log cfu/g,2.9,1.0,2.9,0.0,4.0,4.35,0.483,1.45,theoretical
13,1,control,,,0.0,none,none,,,,,,4,beef,10g ground meat,,,,,tcc,microbial,2.0,3.0,log cfu/g,2.68,1.0,2.68,0.0,4.0,3.96,0.427,1.32,theoretical
13,1,lysozyme (film),700.0,μg cm^-2,0.07,protein,enzyme,,,,,,4,beef,10g ground meat,,anm,single,,tcc,microbial,2.0,3.0,log cfu/g,2.6,1.0,2.6,0.0,4.0,3.25,0.217,1.083,theoretical
13,1,control,,,0.0,none,none,,,,,,4,beef,10g ground meat,,,,,tbars,chemical,0.5,2.0,mg mda per kg,4.6,,,,0.0,4.6,,2.3,theoretical
13,1,control,,,0.0,none,none,,,,,,4,beef,10g ground meat,,,,,tbars,chemical,0.5,2.0,mg mda per kg,4.56,,,,0.0,4.56,,2.28,theoretical
13,1,control,,,0.0,none,none,,,,,,4,beef,10g ground meat,,,,,tbars,chemical,0.5,2.0,mg mda per kg,3.17,,,,0.0,3.17,,1.59,theoretical
13,1,lysozyme (film),700.0,μg cm^-2,0.07,protein,enzyme,,,,,,4,beef,10g ground meat,,anm,single,,tbars,chemical,0.5,2.0,mg mda per kg,3.23,,,,0.0,3.23,,1.62,theoretical
24,1,sodium chloride,1.0,%,1.0,mineral,other natural sources,,active_antimicrobial,ldpe|pa|protein film,tube,active packaging,-18,beef,frozen minced beef,,,,,tvc,microbial,5.0,7.0,log cfu/g,5.4,7.0,5.0,-0.06,,,,,theoretical
24,1,sodium chloride,1.0,%,1.0,mineral,other natural sources,,active_antimicrobial,ldpe|pa|protein film,tube,active packaging,-18,beef,frozen minced beef,,,,,tvc,microbial,5.0,7.0,log cfu/g,5.5,7.0,5.3,-0.03,,,,,theoretical
24,1,sodium chloride,1.0,%,1.0,mineral,other natural sources,,active_antimicrobial,ldpe|pa|protein film,tube,active packaging,-18,beef,frozen minced beef,,,,,tvc,microbial,5.0,7.0,log cfu/g,5.2,7.0,5.0,-0.03,,,,,theoretical
24,1,sodium chloride,1.0,%,1.0,mineral,other natural sources,,active_antimicrobial,ldpe|pa|protein film,tube,active packaging,-18,beef,frozen minced beef,,,,,tbars,chemical,0.5,2.0,mg mda per kg,,,,,,,,,theoretical
24,1,sodium chloride,1.0,%,1.0,mineral,other natural sources,,active_antimicrobial,ldpe|pa|protein film,tube,active packaging,-18,beef,frozen minced beef,,,,,tbars,chemical,0.5,2.0,mg mda per kg,,,,,,,,,theoretical
24,1,sodium chloride,1.0,%,1.0,mineral,other natural sources,,active_antimicrobial,ldpe|pa|protein film,tube,active packaging,-18,beef,frozen minced beef,,,,,tbars,chemical,0.5,2.0,mg mda per kg,,,,,,,,,theoretical
25,1,control,,,0.0,none,none,,,ldpe,bag,,5,beef,fresh oriental sausage,,,,,proteolytic fungal count,microbial,,,log cfu/g,3.77,12.0,6.39,0.22,,,,,theoretical
25,1,ethanolic extract of propolis (eep),0.6,%/kg,0.6,phenol,plant,,,ldpe,bag,,5,beef,fresh oriental sausage,,anm,single,,proteolytic fungal count,microbial,,,log cfu/g,3.77,21.0,6.47,0.13,,,,,theoretical
25,1,control,,,0.0,none,none,,,ldpe,bag,,5,beef,fresh oriental sausage,,,,,lipolytic fungal count,microbial,,,log cfu/g,3.0,12.0,6.0,0.25,,,,,theoretical
25,1,ethanolic extract of propolis (eep),0.6,%/kg,0.6,phenol,plant,,,ldpe,bag,,5,beef,fresh oriental sausage,,anm,single,,lipolytic fungal count,microbial,,,log cfu/g,3.0,21.0,4.0,0.05,,,,,theoretical
25,1,control,,,0.0,none,none,,,ldpe,bag,,5,beef,fresh oriental sausage,,,,,fungal count,microbial,2.0,3.0,log cfu/g,3.99,12.0,6.6,,,,,,theoretical
25,1,ethanolic extract of propolis (eep),0.6,%/kg,0.6,phenol,plant,,,ldpe,bag,,5,beef,fresh oriental sausage,,anm,single,,fungal count,microbial,2.0,3.0,log cfu/g,3.99,21.0,6.0,,,,,,theoretical
25,1,control,,,0.0,none,none,,,ldpe,bag,,5,beef,fresh oriental sausage,,,,,tbars,chemical,0.5,2.0,mg mda per kg,0.23,12.0,0.74,0.043,,,,,theoretical
25,1,ethanolic extract of propolis (eep),0.6,%/kg,0.6,phenol,plant,,,ldpe,bag,,5,beef,fresh oriental sausage,,anm,single,,tbars,chemical,0.5,2.0,mg mda per kg,0.23,18.0,0.8,0.032,21.0,0.89,0.03,0.45,theoretical
25,1,control,,,0.0,none,none,,,ldpe,bag,,5,beef,fresh oriental sausage,,,,,tvbn,chemical,15.0,20.0,mg/100g,9.8,12.0,19.8,0.833,,,,,theoretical
25,1,ethanolic extract of propolis (eep),0.6,%/kg,0.6,phenol,plant,,,ldpe,bag,,5,beef,fresh oriental sausage,,anm,single,,tvbn,chemical,15.0,20.0,mg/100g,9.8,18.0,16.8,0.389,21.0,19.3,0.833,0.97,theoretical
26,1,control,,,0.0,none,none,,,ldpe,box,,4,mixed,frankfurters,,,,,tpc,microbial,5.0,7.0,log cfu/g,,21.0,4.92,0.23,,,,,theoretical
26,1,butylated hydroxyanisole(bha) and butylated hydroxytoluene (bht),0.02,% of the fat level,0.0038,organic compound (antioxidant),other natural sources,,,ldpe,box,,4,mixed,frankfurters,,,,,tpc,microbial,5.0,7.0,log cfu/g,,21.0,5.355,0.26,,,,,theoretical
26,1,natural tocopherols,0.1,% of the fat level,0.019,phenol,plant,,,ldpe,box,,4,mixed,frankfurters,,anm,single,,tpc,microbial,5.0,7.0,log cfu/g,,21.0,4.81,0.23,,,,,theoretical
26,1,extract of rosemary,0.1,% of the fat level,0.019,phenol,plant,,,ldpe,box,,4,mixed,frankfurters,,anm,single,,tpc,microbial,5.0,7.0,log cfu/g,,21.0,4.3,0.2,,,,,theoretical
26,1,tocopherols,0.05,% of the fat level,0.0095,phenol,plant,,,ldpe,box,,4,mixed,frankfurters,,anm,single,,tpc,microbial,5.0,7.0,log cfu/g,,21.0,4.86,0.23,,,,,theoretical
26,1,control,,,0.0,none,none,,,ldpe,box,,4,mixed,frankfurters,,,,,tpc,microbial,5.0,7.0,log cfu/g,,50.0,6.84,0.14,,,,,theoretical
26,1,butylated hydroxyanisole(bha) and butylated hydroxytoluene (bht),0.02,% of the fat level,0.0038,organic compound (antioxidant),other natural sources,,,ldpe,box,,4,mixed,frankfurters,,,,,tpc,microbial,5.0,7.0,log cfu/g,,50.0,6.45,0.13,,,,,theoretical
26,1,natural tocopherols,0.1,% of the fat level,0.019,phenol,plant,,,ldpe,box,,4,mixed,frankfurters,,anm,single,,tpc,microbial,5.0,7.0,log cfu/g,,50.0,6.82,0.14,,,,,theoretical
26,1,extract of rosemary,0.1,% of the fat level,0.019,phenol,plant,,,ldpe,box,,4,mixed,frankfurters,,anm,single,,tpc,microbial,5.0,7.0,log cfu/g,,50.0,6.185,0.12,,,,,theoretical
26,1,tocopherols,0.05,% of the fat level,0.0095,phenol,plant,,,ldpe,box,,4,mixed,frankfurters,,anm,single,,tpc,microbial,5.0,7.0,log cfu/g,,50.0,6.605,0.13,,,,,theoretical
27,1,control,,,0.0,none,none,,,,,,4,pork,raw pork patties,,,,,tbars,chemical,0.5,2.0,mg mda per kg,0.87,10.0,0.39,-0.048,,,,,theoretical
27,1,aloe vera,0.25,%,0.25,phenol,plant,,,,,,4,pork,raw pork patties,,anm,single,,tbars,chemical,0.5,2.0,mg mda per kg,0.25,1.0,0.25,0.0,4.0,1.06,0.27,0.53,theoretical
27,1,fenugreek,0.01,%,0.01,phenol,plant,,,,,,4,pork,raw pork patties,,anm,single,,tbars,chemical,0.5,2.0,mg mda per kg,0.25,4.0,0.73,0.12,7.0,1.04,0.103,0.52,theoretical
27,1,ginseng,0.25,%,0.25,phenol,plant,,,,,,4,pork,raw pork patties,,anm,single,,tbars,chemical,0.5,2.0,mg mda per kg,0.25,10.0,0.34,0.009,,,,,theoretical
27,1,mustard,0.1,%,0.1,phenol,plant,,,,,,4,pork,raw pork patties,,anm,single,,tbars,chemical,0.5,2.0,mg mda per kg,0.25,4.0,0.59,0.085,7.0,1.02,0.143,0.51,theoretical
27,1,rosemary,0.1,%,0.1,phenol,plant,,,,,,4,pork,raw pork patties,,anm,single,,tbars,chemical,0.5,2.0,mg mda per kg,0.25,7.0,0.65,0.057,10.0,0.99,0.113,0.5,theoretical
27,1,sage,0.05,%,0.05,phenol,plant,,,,,,4,pork,raw pork patties,,anm,single,,tbars,chemical,0.5,2.0,mg mda per kg,0.25,10.0,0.29,0.004,,,,,theoretical
27,1,soya protein,0.1,%,0.1,protein,plant,,,,,,4,pork,raw pork patties,,anm,single,,tbars,chemical,0.5,2.0,mg mda per kg,0.25,10.0,0.46,0.021,,,,,theoretical
27,1,tea catechins,0.25,%,0.25,phenol,plant,,,,,,4,pork,raw pork patties,,anm,single,,tbars,chemical,0.5,2.0,mg mda per kg,0.25,1.0,0.25,0.0,4.0,1.08,0.277,0.54,theoretical
27,1,whey protein  concentrate,4.0,%,4.0,protein,plant,,,,,,4,pork,raw pork patties,,anm,single,,tbars,chemical,0.5,2.0,mg mda per kg,0.25,10.0,0.29,0.004,,,,,theoretical
27,1,bha/bht,0.01,%,0.01,organic compound (antioxidant),other natural sources,,,,,,4,pork,raw pork patties,,anm,single,,tbars,chemical,0.5,2.0,mg mda per kg,0.25,10.0,0.76,0.051,,,,,theoretical
27,1,vitamin e,1000.0,mg α-tocopheryl acetate/kg feed,10.0,phenol,plant,,,,,,4,pork,raw pork patties,,anm,single,,tbars,chemical,0.5,2.0,mg mda per kg,0.25,10.0,0.27,0.002,,,,,theoretical
27,1,control,,,0.0,none,none,,,,,,4,pork,cooked pork patties,,,,,tbars,chemical,0.5,2.0,mg mda per kg,0.87,1.0,0.87,0.0,4.0,2.84,0.657,1.42,theoretical
27,1,aloe vera,0.25,%,0.25,phenol,plant,,,,,,4,pork,cooked pork patties,,anm,single,,tbars,chemical,0.5,2.0,mg mda per kg,0.87,1.0,0.87,0.0,4.0,2.75,0.627,1.38,theoretical
27,1,fenugreek,0.01,%,0.01,phenol,plant,,,,,,4,pork,cooked pork patties,,anm,single,,tbars,chemical,0.5,2.0,mg mda per kg,0.87,1.0,0.87,0.0,4.0,2.8,0.643,1.4,theoretical
27,1,ginseng,0.25,%,0.25,phenol,plant,,,,,,4,pork,cooked pork patties,,anm,single,,tbars,chemical,0.5,2.0,mg mda per kg,0.87,1.0,0.87,0.0,4.0,2.72,0.617,1.36,theoretical
27,1,mustard,0.1,%,0.1,phenol,plant,,,,,,4,pork,cooked pork patties,,anm,single,,tbars,chemical,0.5,2.0,mg mda per kg,0.87,1.0,0.87,0.0,4.0,4.96,1.363,2.48,theoretical
27,1,rosemary,0.1,%,0.1,phenol,plant,,,,,,4,pork,cooked pork patties,,anm,single,,tbars,chemical,0.5,2.0,mg mda per kg,0.87,1.0,0.87,0.0,4.0,1.57,0.233,0.79,theoretical
27,1,sage,0.05,%,0.05,phenol,plant,,,,,,4,pork,cooked pork patties,,anm,single,,tbars,chemical,0.5,2.0,mg mda per kg,0.87,1.0,0.87,0.0,4.0,3.06,0.73,1.53,theoretical
27,1,soya protein,0.1,%,0.1,protein,plant,,,,,,4,pork,cooked pork patties,,anm,single,,tbars,chemical,0.5,2.0,mg mda per kg,0.87,1.0,0.87,0.0,4.0,5.1,1.41,2.55,theoretical
27,1,tea catechins,0.25,%,0.25,phenol,plant,,,,,,4,pork,cooked pork patties,,anm,single,,tbars,chemical,0.5,2.0,mg mda per kg,0.87,10.0,0.79,-0.008,,,,,theoretical
27,1,whey protein  concentrate,4.0,%,4.0,protein,plant,,,,,,4,pork,cooked pork patties,,anm,single,,tbars,chemical,0.5,2.0,mg mda per kg,0.87,1.0,0.87,0.0,4.0,1.27,0.133,0.64,theoretical
27,1,bha/bht,0.01,%,0.01,organic compound (antioxidant),other natural sources,,,,,,4,pork,cooked pork patties,,anm,single,,tbars,chemical,0.5,2.0,mg mda per kg,0.87,1.0,0.87,0.0,4.0,2.13,0.42,1.07,theoretical
27,1,vitamin e,1000.0,mg α-tocopheryl acetate/kg feed,10.0,phenol,plant,,,,,,4,pork,cooked pork patties,,anm,single,,tbars,chemical,0.5,2.0,mg mda per kg,0.6,1.0,0.6,0.0,4.0,2.82,0.74,1.41,theoretical
28,1,control,,,0.0,none,none,,aerobic,,,,20,pork,fresh pork,,,,,tbars,chemical,0.5,2.0,mg mda per kg,0.72,9.0,1.42,0.078,,,,,theoretical
28,1,cinnamon stick extract,,,2.0,phenol,plant,,aerobic,,,,20,pork,fresh pork,,,,,tbars,chemical,0.5,2.0,mg mda per kg,0.72,9.0,0.88,0.018,,,,,theoretical
28,1,oregano extract,,,2.0,phenol,plant,,aerobic,,,,20,pork,fresh pork,,,,,tbars,chemical,0.5,2.0,mg mda per kg,0.72,9.0,0.88,0.018,,,,,theoretical
28,1,clove extract,,,2.0,phenol,plant,,aerobic,,,,20,pork,fresh pork,,,,,tbars,chemical,0.5,2.0,mg mda per kg,0.72,9.0,0.88,0.018,,,,,theoretical
28,1,pomegranate peel extract,,,2.0,phenol,plant,,aerobic,,,,20,pork,fresh pork,,,,,tbars,chemical,0.5,2.0,mg mda per kg,0.72,9.0,0.88,0.018,,,,,theoretical
28,1,grape seed extract,,,2.0,phenol,plant,,aerobic,,,,20,pork,fresh pork,,,,,tbars,chemical,0.5,2.0,mg mda per kg,0.72,9.0,0.88,0.018,,,,,theoretical
29,1,control,,,0.0,none,none,,,,,,4,beef,cooked ground beef,,,,,tbars,chemical,0.5,2.0,mg mda per kg,2.41,,,,1.0,2.41,,,theoretical
29,1,activin,0.02,%,0.02,polyphenol,plant,,,,,,4,beef,cooked ground beef,,,,,tbars,chemical,0.5,2.0,mg mda per kg,,1.0,1.31,1.31,4.0,2.47,0.387,1.24,theoretical
29,1,bha,0.01,%,0.01,organic compound (antioxidant),other natural sources,,,,,,4,beef,cooked ground beef,,,,,tbars,chemical,0.5,2.0,mg mda per kg,1.18,4.0,1.24,0.015,,,,,theoretical
29,1,pycnogenol,0.02,%,0.02,polyphenol,plant,,,,,,4,beef,cooked ground beef,,,,,tbars,chemical,0.5,2.0,mg mda per kg,2.29,,,,1.0,2.29,,,theoretical
29,1,rosemary,0.02,%,0.02,essential oil / polyphenol,plant,,,,,,4,beef,cooked ground beef,,,,,tbars,chemical,0.5,2.0,mg mda per kg,1.57,1.0,1.57,0.0,2.0,3.13,1.56,1.57,theoretical
29,1,stpp,0.02,%,0.02,mineral,other natural sources,,,,,,4,beef,cooked ground beef,,,,,tbars,chemical,0.5,2.0,mg mda per kg,2.38,,,,1.0,2.38,,,theoretical
29,1,α-tocopherol,0.02,%,0.02,vitamin,plant,,,,,,4,beef,cooked ground beef,,,,,tbars,chemical,0.5,2.0,mg mda per kg,1.62,1.0,1.62,0.0,2.0,2.45,0.83,1.23,theoretical
29,1,control,,,0.0,none,none,,,,,,4,beef,cooked ground beef,,,,,hexanal content (hc),chemical,1.0,5.9,ppm,0.59,4.0,2.77,0.545,,,,,theoretical
29,1,activin,0.02,%,0.02,polyphenol,plant,,,,,,4,beef,cooked ground beef,,,,,hexanal content (hc),chemical,1.0,5.9,ppm,0.15,4.0,0.79,0.16,,,,,theoretical
29,1,bha,0.01,%,0.02,organic compound (antioxidant),other natural sources,,,,,,4,beef,cooked ground beef,,,,,hexanal content (hc),chemical,1.0,5.9,ppm,0.06,4.0,0.17,0.028,,,,,theoretical
29,1,pycnogenol,0.02,%,0.02,polyphenol,plant,,,,,,4,beef,cooked ground beef,,,,,hexanal content (hc),chemical,1.0,5.9,ppm,0.19,4.0,1.53,0.335,,,,,theoretical
29,1,roremary,0.02,%,0.02,phenol,plant,,,,,,4,beef,cooked ground beef,,anm,single,,hexanal content (hc),chemical,1.0,5.9,ppm,0.17,4.0,1.36,0.298,,,,,theoretical
29,1,stpp,0.02,%,0.02,mineral,other natural sources,,,,,,4,beef,cooked ground beef,,,,,hexanal content (hc),chemical,1.0,5.9,ppm,0.26,4.0,1.64,0.345,,,,,theoretical
29,1,α-tocopherol,0.02,%,0.02,phenol,plant,,,,,,4,beef,cooked ground beef,,anm,single,,hexanal content (hc),chemical,1.0,5.9,ppm,0.08,4.0,0.91,0.208,,,,,theoretical
29,1,control,,,0.0,none,none,,,,,,4,beef,cooked ground beef,,,,,tbars,chemical,0.5,2.0,mg mda per kg,1.85,1.0,1.85,0.0,2.0,3.56,1.71,1.78,theoretical
29,1,activin,0.05,%,0.05,anthocyanins,plant,,,,,,4,beef,cooked ground beef,,anm,single,,tbars,chemical,0.5,2.0,mg mda per kg,1.45,4.0,1.88,0.108,,,,,theoretical
29,1,activin,0.1,%,0.1,anthocyanins,plant,,,,,,4,beef,cooked ground beef,,anm,single,,tbars,chemical,0.5,2.0,mg mda per kg,1.36,4.0,1.35,-0.003,,,,,theoretical
29,1,bha,0.01,%,0.01,organic compound (antioxidant),other natural sources,,,,,,4,beef,cooked ground beef,,,,,tbars,chemical,0.5,2.0,mg mda per kg,1.57,4.0,1.5,-0.018,,,,,theoretical
30,1,pycnogenol,0.05,%,0.05,anthocyanins,plant,,,,,,4,beef,cooked ground beef,,anm,single,,tbars,chemical,0.5,2.0,mg mda per kg,1.47,3.0,1.95,0.16,4.0,2.31,0.36,1.16,theoretical
31,1,pycnogenol,0.1,%,0.1,anthocyanins,plant,,,,,,4,beef,cooked ground beef,,anm,single,,tbars,chemical,0.5,2.0,mg mda per kg,1.41,4.0,1.58,0.043,,,,,theoretical
32,1,roremary,0.05,%,0.05,phenol,plant,,,,,,4,beef,cooked ground beef,,anm,single,,tbars,chemical,0.5,2.0,mg mda per kg,1.55,1.0,1.55,0.0,2.0,2.5,0.95,1.25,theoretical
33,1,roremary,0.1,%,0.1,phenol,plant,,,,,,4,beef,cooked ground beef,,anm,single,,tbars,chemical,0.5,2.0,mg mda per kg,1.38,1.0,1.38,0.0,2.0,2.2,0.82,1.1,theoretical
34,1,α-tocopherol,0.05,%,0.05,phenol,plant,,,,,,4,beef,cooked ground beef,,anm,single,,tbars,chemical,0.5,2.0,mg mda per kg,1.71,1.0,1.71,0.0,2.0,3.55,1.84,1.78,theoretical
35,1,α-tocopherol,0.1,%,0.1,phenol,plant,,,,,,4,beef,cooked ground beef,,anm,single,,tbars,chemical,0.5,2.0,mg mda per kg,1.69,1.0,1.69,0.0,2.0,2.2,0.51,1.1,theoretical
29,1,control,,,0.0,none,none,,,,,,4,beef,cooked ground beef,,,,,hexanal content (hc),chemical,1.0,5.9,ppm,0.14,4.0,2.9,0.69,,,,,theoretical
29,1,activin,0.05,%,0.05,anthocyanins,plant,,,,,,4,beef,cooked ground beef,,anm,single,,hexanal content (hc),chemical,1.0,5.9,ppm,0.04,4.0,0.22,0.045,,,,,theoretical
29,1,activin,0.1,%,0.1,anthocyanins,plant,,,,,,4,beef,cooked ground beef,,anm,single,,hexanal content (hc),chemical,1.0,5.9,ppm,0.04,4.0,0.08,0.01,,,,,theoretical
29,1,bha,0.01,%,0.01,organic compound (antioxidant),other natural sources,,,,,,4,beef,cooked ground beef,,,,,hexanal content (hc),chemical,1.0,5.9,ppm,0.05,4.0,0.08,0.008,,,,,theoretical
30,1,pycnogenol,0.05,%,0.05,anthocyanins,plant,,,,,,4,beef,cooked ground beef,,anm,single,,hexanal content (hc),chemical,1.0,5.9,ppm,0.06,4.0,0.64,0.145,,,,,theoretical
31,1,pycnogenol,0.1,%,0.1,anthocyanins,plant,,,,,,4,beef,cooked ground beef,,anm,single,,hexanal content (hc),chemical,1.0,5.9,ppm,0.04,4.0,0.18,0.035,,,,,theoretical
32,1,roremary,0.05,%,0.05,phenol,plant,,,,,,4,beef,cooked ground beef,,anm,single,,hexanal content (hc),chemical,1.0,5.9,ppm,0.07,4.0,1.09,0.255,,,,,theoretical
33,1,roremary,0.1,%,0.1,phenol,plant,,,,,,4,beef,cooked ground beef,,anm,single,,hexanal content (hc),chemical,1.0,5.9,ppm,0.06,4.0,0.77,0.178,,,,,theoretical
34,1,α-tocopherol,0.05,%,0.05,phenol,plant,,,,,,4,beef,cooked ground beef,,anm,single,,hexanal content (hc),chemical,1.0,5.9,ppm,0.12,4.0,1.68,0.39,,,,,theoretical
35,1,α-tocopherol,0.1,%,0.1,phenol,plant,,,,,,4,beef,cooked ground beef,,anm,single,,hexanal content (hc),chemical,1.0,5.9,ppm,0.12,4.0,1.63,0.378,,,,,theoretical
36,1,control,,,0.0,none,none,,,,,,4,lard,,,,,,pv,chemical,5.0,10.0,meq o2/kg,2.1,60.0,9.0,0.115,,,,,theoretical
36,1,phenol extract from olive oil mill wastewater,275.0,mg/kg,0.0275,essential oil,plant,,,,,,4,lard,,,anm,single,,pv,chemical,5.0,10.0,meq o2/kg,2.1,60.0,2.8,0.012,,,,,theoretical
36,1,control,,,0.0,none,none,,,,,,4,lard,,,,,,spectrophotometric indicies e232,chemical,,,,2.4,30.0,2.61,,60.0,0.24,,,theoretical
36,1,phenol extract from olive oil mill wastewater,275.0,mg/kg,0.0275,essential oil,plant,,,,,,4,lard,,,anm,single,,spectrophotometric indicies e232,chemical,,,,2.4,30.0,2.67,,60.0,0.16,,,theoretical
36,1,control,,,0.0,none,none,,,,,,4,lard,,,,,,spectrophotometric indicies e270,chemical,,,,0.1,30.0,2.58,,60.0,0.17,,,theoretical
36,1,phenol extract from olive oil mill wastewater,275.0,mg/kg,0.0275,essential oil,plant,,,,,,4,lard,,,anm,single,,spectrophotometric indicies e270,chemical,,,,0.1,30.0,2.61,,60.0,0.19,,,theoretical
37,1,control,,,0.0,none,none,,,,,,20,pork,ground pork meat,,,,,tbars,chemical,5.0,2.0,mg mda/kg,0.18,4.0,0.86,0.17,7.0,1.28,0.14,0.64,theoretical
37,1,control,,,0.0,none,none,,,,,,20,pork,ground pork meat,heat,,single,,tbars,chemical,5.0,2.0,mg mda/kg,0.59,,,,1.0,1.02,,,theoretical
37,1,rosemary (precooking),0.5,g/kg fat,0.0225,phenol,plant,,,,,,20,pork,ground pork meat,heat,anm,hybrid_simultaneous,,tbars,chemical,5.0,2.0,mg mda/kg,0.13,13.0,0.5,0.028,,,,,theoretical
37,1,control,,,0.0,none,none,,,,,,20,pork,ground pork meat,heat,,single,,tbars,chemical,5.0,2.0,mg mda/kg,0.18,14.0,0.73,0.039,28.0,0.13,-0.043,0.07,theoretical
37,1,control,,,0.0,none,none,,,,,,20,pork,ground pork meat,heat,,single,,tbars,chemical,5.0,2.0,mg mda/kg,0.33,28.0,0.75,0.015,56.0,1.24,0.018,0.62,theoretical
37,1,rosemary (precooking),0.5,g/kg fat,0.0225,phenol,plant,,,,,,20,pork,ground pork meat,heat,anm,hybrid_simultaneous,,tbars,chemical,5.0,2.0,mg mda/kg,0.31,56.0,0.63,0.006,,,,,theoretical
37,1,rosemary (postcooking),1.5,g/kg fat,0.0675,phenol,plant,,,,,,20,pork,ground pork meat,heat,anm,hybrid_simultaneous,,tbars,chemical,5.0,2.0,mg mda/kg,0.33,56.0,0.54,0.004,,,,,theoretical
38,1,control,,,0.0,none,none,,,,,,5,horse mackerel,minced,,,,,pv,chemical,5.0,10.0,meq/kg,0.5,4.0,3.45,0.369,,,,,theoretical
38,1,potato peel water extract,2.4,g/kg,0.24,phenol,plant,,,,,,5,horse mackerel,minced,,anm,single,,pv,chemical,5.0,10.0,meq/kg,0.5,4.0,5.78,0.66,,,,,theoretical
38,1,potato peel water extract,4.8,g/kg,0.48,phenol,plant,,,,,,5,horse mackerel,minced,,anm,single,,pv,chemical,5.0,10.0,meq/kg,0.5,4.0,5.78,0.66,,,,,theoretical
38,1,potato peel ethanol extract,2.4,g/kg,0.24,phenol,plant,,,,,,5,horse mackerel,minced,,anm,single,,pv,chemical,5.0,10.0,meq/kg,0.5,4.0,0.58,0.01,,,,,theoretical
38,1,potato peel ethanol extract,4.8,g/kg,0.48,phenol,plant,,,,,,5,horse mackerel,minced,,anm,single,,pv,chemical,5.0,10.0,meq/kg,0.5,4.0,0.41,-0.011,,,,,theoretical
39,1,control,0.0,ppm,0.0,none,none,,,ldpe|pp,tray,,4,lamb,minced,,,,,tpc,microbial,5.0,7.0,log cfu/g,4.79,5.0,5.63,0.17,9.0,6.75,0.28,0.964,theoretical
39,1,thyme leaves extract,250.0,ppm,0.025,phenol,plant,,,ldpe|pp,tray,,4,lamb,minced,,anm,single,,tpc,microbial,5.0,7.0,log cfu/g,4.52,5.0,5.43,0.18,9.0,6.23,0.2,0.89,theoretical
39,1,thyme leaves extract,500.0,ppm,0.05,phenol,plant,,,ldpe|pp,tray,,4,lamb,minced,,anm,single,,tpc,microbial,5.0,7.0,log cfu/g,4.49,5.0,5.4,0.18,9.0,6.18,0.195,0.883,theoretical
39,1,thyme leaves extract,1000.0,ppm,0.1,phenol,plant,,,ldpe|pp,tray,,4,lamb,minced,,anm,single,,tpc,microbial,5.0,7.0,log cfu/g,4.52,5.0,5.34,0.16,9.0,6.2,0.215,0.886,theoretical
39,1,control,0.0,ppm,0.0,none,none,,,ldpe|pp,tray,,4,chicken,minced,,,,,tpc,microbial,5.0,7.0,log cfu/g,5.92,5.0,5.96,0.01,9.0,6.11,0.038,0.873,theoretical
39,1,thyme leaves extract,250.0,ppm,0.025,phenol,plant,,,ldpe|pp,tray,,4,chicken,minced,,anm,single,,tpc,microbial,5.0,7.0,log cfu/g,5.63,5.0,5.67,0.01,9.0,6.0,0.083,0.857,theoretical
39,1,thyme leaves extract,500.0,ppm,0.05,phenol,plant,,,ldpe|pp,tray,,4,chicken,minced,,anm,single,,tpc,microbial,5.0,7.0,log cfu/g,5.4,9.0,5.54,0.02,13.0,6.41,0.218,0.916,theoretical
39,1,thyme leaves extract,1000.0,ppm,0.1,phenol,plant,,,ldpe|pp,tray,,4,chicken,minced,,anm,single,,tpc,microbial,5.0,7.0,log cfu/g,5.56,9.0,5.57,0.0,13.0,6.65,0.27,0.95,theoretical
39,1,control,0.0,ppm,0.0,none,none,,,ldpe|pp,tray,,4,lamb,minced,,,,,psy,microbial,5.0,7.0,log cfu/g,4.63,5.0,5.59,0.19,9.0,6.69,0.275,0.956,theoretical
39,1,thyme leaves extract,250.0,ppm,0.025,phenol,plant,,,ldpe|pp,tray,,4,lamb,minced,,anm,single,,psy,microbial,5.0,7.0,log cfu/g,4.47,5.0,5.36,0.18,9.0,6.18,0.205,0.883,theoretical
39,1,thyme leaves extract,500.0,ppm,0.05,phenol,plant,,,ldpe|pp,tray,,4,lamb,minced,,anm,single,,psy,microbial,5.0,7.0,log cfu/g,4.45,5.0,5.32,0.17,9.0,6.11,0.198,0.873,theoretical
39,1,thyme leaves extract,1000.0,ppm,0.1,phenol,plant,,,ldpe|pp,tray,,4,lamb,minced,,anm,single,,psy,microbial,5.0,7.0,log cfu/g,4.49,5.0,5.41,0.18,9.0,6.11,0.175,0.873,theoretical
39,1,control,0.0,ppm,0.0,none,none,,,ldpe|pp,tray,,4,chicken,minced,,,,,psy,microbial,5.0,7.0,log cfu/g,5.79,9.0,5.85,0.01,13.0,6.97,0.28,0.996,theoretical
39,1,thyme leaves extract,250.0,ppm,0.025,phenol,plant,,,ldpe|pp,tray,,4,chicken,minced,,anm,single,,psy,microbial,5.0,7.0,log cfu/g,5.49,9.0,5.68,0.02,13.0,6.74,0.265,0.963,theoretical
39,1,thyme leaves extract,500.0,ppm,0.05,phenol,plant,,,ldpe|pp,tray,,4,chicken,minced,,anm,single,,psy,microbial,5.0,7.0,log cfu/g,5.34,9.0,5.4,0.01,13.0,6.41,0.253,0.916,theoretical
39,1,thyme leaves extract,1000.0,ppm,0.1,phenol,plant,,,ldpe|pp,tray,,4,chicken,minced,,anm,single,,psy,microbial,5.0,7.0,log cfu/g,5.51,9.0,5.4,-0.01,13.0,6.57,0.293,0.939,theoretical
39,1,control,0.0,ppm,0.0,none,none,,,ldpe|pp,tray,,4,lamb,minced,,,,,tcc,microbial,2.0,3.0,log cfu/g,3.11,,,,1.0,3.11,,,theoretical
39,1,thyme leaves extract,250.0,ppm,0.025,phenol,plant,,,ldpe|pp,tray,,4,lamb,minced,,anm,single,,tcc,microbial,2.0,3.0,log cfu/g,2.57,1.0,2.57,0.0,4.0,3.54,0.323,1.18,theoretical
39,1,thyme leaves extract,500.0,ppm,0.05,phenol,plant,,,ldpe|pp,tray,,4,lamb,minced,,anm,single,,tcc,microbial,2.0,3.0,log cfu/g,2.49,1.0,2.49,0.0,4.0,3.74,0.417,1.247,theoretical
39,1,thyme leaves extract,1000.0,ppm,0.1,phenol,plant,,,ldpe|pp,tray,,4,lamb,minced,,anm,single,,tcc,microbial,2.0,3.0,log cfu/g,2.78,1.0,2.78,0.0,4.0,3.72,0.313,1.24,theoretical
39,1,control,0.0,ppm,0.0,none,none,,,ldpe|pp,tray,,4,chicken,minced,,,,,tcc,microbial,2.0,3.0,log cfu/g,4.32,,,,1.0,4.32,,,theoretical
39,1,thyme leaves extract,250.0,ppm,0.025,phenol,plant,,,ldpe|pp,tray,,4,chicken,minced,,anm,single,,tcc,microbial,2.0,3.0,log cfu/g,4.04,,,,1.0,4.04,,,theoretical
39,1,thyme leaves extract,500.0,ppm,0.05,phenol,plant,,,ldpe|pp,tray,,4,chicken,minced,,anm,single,,tcc,microbial,2.0,3.0,log cfu/g,4.0,,,,1.0,4.0,,,theoretical
39,1,thyme leaves extract,1000.0,ppm,0.1,phenol,plant,,,ldpe|pp,tray,,4,chicken,minced,,anm,single,,tcc,microbial,2.0,3.0,log cfu/g,4.08,,,,1.0,4.08,,,theoretical
39,1,control,0.0,ppm,0.0,none,none,,,ldpe|pp,tray,,4,lamb,minced,,,,,tbars,chemical,0.5,2.0,mg mda/kg,0.2,1.0,0.197,0.0,4.0,3.43,1.078,1.72,theoretical
39,1,thyme leaves extract,250.0,ppm,0.025,phenol,plant,,,ldpe|pp,tray,,4,lamb,minced,,anm,single,,tbars,chemical,0.5,2.0,mg mda/kg,0.22,4.0,0.543,0.04,8.0,1.359,0.204,0.68,theoretical
39,1,thyme leaves extract,500.0,ppm,0.05,phenol,plant,,,ldpe|pp,tray,,4,lamb,minced,,anm,single,,tbars,chemical,0.5,2.0,mg mda/kg,0.34,4.0,0.548,0.026,8.0,1.058,0.128,0.53,theoretical
39,1,thyme leaves extract,1000.0,ppm,0.1,phenol,plant,,,ldpe|pp,tray,,4,lamb,minced,,anm,single,,tbars,chemical,0.5,2.0,mg mda/kg,0.3,4.0,0.595,0.037,8.0,1.123,0.132,0.56,theoretical
39,1,control,0.0,ppm,0.0,none,none,,,ldpe|pp,tray,,4,chicken,minced,,,,,tbars,chemical,0.5,2.0,mg mda/kg,0.65,8.0,0.899,0.016,12.0,1.0,0.025,0.5,theoretical
39,1,thyme leaves extract,250.0,ppm,0.025,phenol,plant,,,ldpe|pp,tray,,4,chicken,minced,,anm,single,,tbars,chemical,0.5,2.0,mg mda/kg,0.74,12.0,0.899,0.007,,,,,theoretical
39,1,thyme leaves extract,500.0,ppm,0.05,phenol,plant,,,ldpe|pp,tray,,4,chicken,minced,,anm,single,,tbars,chemical,0.5,2.0,mg mda/kg,0.65,12.0,0.805,0.007,,,,,theoretical
39,1,thyme leaves extract,1000.0,ppm,0.1,phenol,plant,,,ldpe|pp,tray,,4,chicken,minced,,anm,single,,tbars,chemical,0.5,2.0,mg mda/kg,0.71,12.0,0.85,0.006,,,,,theoretical
40,1,control,,,0.0,none,none,,,,tray,,4,beef,"minced, raw",,,,,tpc,microbial,5.0,7.0,log cfu/g,5.97,3.0,6.67,0.23,5.0,,,,theoretical
40,1,galangal,10.0,% w/w,10.0,phenol,plant,,,,tray,,4,beef,"minced, raw",,anm,single,,tpc,microbial,5.0,7.0,log cfu/g,5.91,3.0,6.71,0.27,5.0,,,,theoretical
40,1,bht,0.02,% w/w,0.02,organic compound (antioxidant),other natural sources,,,,tray,,4,beef,"minced, raw",,,,,tpc,microbial,5.0,7.0,log cfu/g,5.88,3.0,6.84,0.32,5.0,,,,theoretical
40,1,α-tocopherol,0.1,% w/w,0.1,phenol,plant,,,,tray,,4,beef,"minced, raw",,anm,single,,tpc,microbial,5.0,7.0,log cfu/g,5.76,3.0,6.91,0.38,5.0,,,,theoretical
40,1,control,,,0.0,none,none,,,,tray,,4,beef,"minced, cooked",heat,,single,,tpc,microbial,5.0,7.0,log cfu/g,5.97,7.0,6.21,0.03,,,,,theoretical
40,1,galangal,10.0,% w/w,10.0,phenol,plant,,,,tray,,4,beef,"minced, cooked",heat,anm,hybrid_simultaneous,,tpc,microbial,5.0,7.0,log cfu/g,5.91,7.0,5.51,-0.06,,,,,theoretical
40,1,bht,0.02,% w/w,0.02,organic compound (antioxidant),other natural sources,,,,tray,,4,beef,"minced, cooked",heat,,single,,tpc,microbial,5.0,7.0,log cfu/g,5.88,7.0,5.48,-0.06,,,,,theoretical
40,1,α-tocopherol,0.1,% w/w,0.1,phenol,plant,,,,tray,,4,beef,"minced, cooked",heat,anm,hybrid_simultaneous,,tpc,microbial,5.0,7.0,log cfu/g,5.76,7.0,6.09,0.05,,,,,theoretical
41,1,control,,,0.0,none,none,,active_antimicrobial,pa|protein film,bag,active packaging,4,pork,pork meat sausage,,,,,tbars,chemical,0.5,2.0,mg mda/kg,2.44,,,,5.0,2.41,,,theoretical
41,1,sodium erythorbate,0.2,%,0.2,organic acid,microbial,,active_antimicrobial,pa|protein film,bag,active packaging,4,pork,pork meat sausage,,,,,tbars,chemical,0.5,2.0,mg mda/kg,0.77,5.0,0.73,-0.004,10.0,3.52,0.558,1.76,theoretical
41,1,lyophilized bee pollen,0.2,%,0.2,phenol,other natural sources,,active_antimicrobial,pa|protein film,bag,active packaging,4,pork,pork meat sausage,,anm,single,,tbars,chemical,0.5,2.0,mg mda/kg,0.67,,,,5.0,2.19,,,theoretical
42,1,control,,,0.0,none,none,,,,,,21-14,pork,typical italian salami,,,,,weight loss,chemical,,,%,,,,,35.0,35.7,,,theoretical
42,1,nitrate,100.0,mg/kg,0.01,mineral,other natural sources,,,,,,21-14,pork,typical italian salami,,,,,weight loss,chemical,,,%,,,,,35.0,35.5,,,theoretical
42,1,unfermented honeybush extract,0.5,%,0.5,phenol,plant,,,,,,21-14,pork,typical italian salami,,anm,single,,weight loss,chemical,,,%,,,,,35.0,35.0,,,theoretical
42,1,control,,,0.0,none,none,,,,,,21-14,pork,typical italian salami,,,,,aw,chemical,,,,,35.0,0.923,,,,,,theoretical
42,1,nitrate,100.0,mg/kg,0.01,mineral,other natural sources,,,,,,21-14,pork,typical italian salami,,,,,aw,chemical,,,,,35.0,0.935,,,,,,theoretical
42,1,unfermented honeybush extract,0.5,%,0.5,phenol,plant,,,,,,21-14,pork,typical italian salami,,anm,single,,aw,chemical,,,,,35.0,0.928,,,,,,theoretical
42,1,control,,,0.0,none,none,,,,,,21-14,pork,typical italian salami,,,,,tbars,chemical,0.5,2.0,mg mda/kg,,,,,35.0,1.34,,0.67,theoretical
42,1,nitrate,100.0,mg/kg,0.01,mineral,other natural sources,,,,,,21-14,pork,typical italian salami,,,,,tbars,chemical,0.5,2.0,mg mda/kg,,35.0,0.41,,,,,,theoretical
42,1,unfermented honeybush extract,0.5,%,0.5,phenol,plant,,,,,,21-14,pork,typical italian salami,,anm,single,,tbars,chemical,0.5,2.0,mg mda/kg,,35.0,0.48,,,,,,theoretical
43,1,control,,,0.0,none,none,,active_antimicrobial,ldpe|pa|protein film,bag,active packaging,4,pork,bologna-type sausages,,,,,tbars,chemical,0.5,2.0,mg mda/kg,0.44,21.0,0.68,0.006,,,,,theoretical
43,1,black quinoa seeds,2.5,%,2.5,phenol,plant,,active_antimicrobial,ldpe|pa|protein film,bag,active packaging,4,pork,bologna-type sausages,,anm+map,hybrid_simultaneous,,tbars,chemical,0.5,2.0,mg mda/kg,0.22,21.0,0.3,0.002,,,,,theoretical
43,1,black quinoa wet-milling coproducts,2.5,%,2.5,fiber,plant,,active_antimicrobial,ldpe|pa|protein film,bag,active packaging,4,pork,bologna-type sausages,,anm+map,hybrid_simultaneous,,tbars,chemical,0.5,2.0,mg mda/kg,0.3,21.0,0.38,0.002,,,,,theoretical
43,1,black quinoa seeds,2.5,%,2.5,phenol,plant,,active_antimicrobial,ldpe|pa|protein film,bag,active packaging,4,pork,bologna-type sausages,,anm+map,hybrid_simultaneous,,δe,chemical,,,,1.07,21.0,0.31,,,,,,theoretical
43,1,black quinoa wet-milling coproducts,2.5,%,2.5,fiber,plant,,active_antimicrobial,ldpe|pa|protein film,bag,active packaging,4,pork,bologna-type sausages,,anm+map,hybrid_simultaneous,,δe,chemical,,,,6.71,21.0,0.24,,,,,,theoretical
44,1,control,,,0.0,none,none,,,ldpe,pouch,,4,goat,goat nuggets,,,,,tpc,microbial,5.0,7.0,log cfu/g,2.6,16.0,3.9,0.08,,,,,theoretical
44,1,dry drumstick flower (moringa oleifera l.),1.0,%,1.0,phenol,plant,,,ldpe,pouch,,4,goat,goat nuggets,,anm,single,,tpc,microbial,5.0,7.0,log cfu/g,2.6,16.0,3.9,0.08,,,,,theoretical
44,1,dry drumstick flower (moringa oleifera l.),2.0,%,2.0,phenol,plant,,,ldpe,pouch,,4,goat,goat nuggets,,anm,single,,tpc,microbial,5.0,7.0,log cfu/g,2.6,16.0,3.7,0.07,,,,,theoretical
44,1,control,,,0.0,none,none,,,ldpe,pouch,,4,goat,goat nuggets,,,,,tbars,chemical,0.5,2.0,mg mda/kg,0.2,16.0,0.9,0.022,,,,,theoretical
44,1,dry drumstick flower (moringa oleifera l.),1.0,%,1.0,phenol,plant,,,ldpe,pouch,,4,goat,goat nuggets,,anm,single,,tbars,chemical,0.5,2.0,mg mda/kg,0.2,16.0,0.8,0.019,,,,,theoretical
44,1,dry drumstick flower (moringa oleifera l.),2.0,%,2.0,phenol,plant,,,ldpe,pouch,,4,goat,goat nuggets,,anm,single,,tbars,chemical,0.5,2.0,mg mda/kg,0.2,16.0,0.7,0.016,,,,,theoretical
45,1,control,,,0.0,none,none,,map,pa,tray,,"4c, 8c after d7",pork,pork meat hamburgers,,,,,tbars,,0.5,2.0,mg mda/kg,0.35,13.0,0.944,0.023,16.0,1.394,0.15,0.7,theoretical
45,1,cranberry pomace extracts,2.0,%,2.0,anthocyanins,plant,,map,pa,tray,,"4c, 8c after d8",pork,pork meat hamburgers,,anm+map,hybrid_simultaneous,,tbars,,0.5,2.0,mg mda/kg,0.06,16.0,0.206,0.004,,,,,theoretical
46,1,control,0.0,%,0.0,none,none,,,,,,4,pork,pork sausage,,,,,tpc,microbial,5.0,7.0,log cfu/g,3.17,7.0,4.18,0.14,,,,,theoretical
46,1,cacao bean husk powder,0.25,%,0.25,protein  aa,plant,,,,,,4,pork,pork sausage,,anm,single,,tpc,microbial,5.0,7.0,log cfu/g,3.23,7.0,4.23,0.14,,,,,theoretical
46,1,cacao bean husk powder,0.5,%,0.5,protein  aa,plant,,,,,,4,pork,pork sausage,,anm,single,,tpc,microbial,5.0,7.0,log cfu/g,3.25,7.0,4.24,0.14,,,,,theoretical
46,1,cacao bean husk powder,0.75,%,0.75,protein  aa,plant,,,,,,4,pork,pork sausage,,anm,single,,tpc,microbial,5.0,7.0,log cfu/g,3.23,7.0,4.29,0.15,,,,,theoretical
46,1,cacao bean husk powder,1.0,%,1.0,protein  aa,plant,,,,,,4,pork,pork sausage,,anm,single,,tpc,microbial,5.0,7.0,log cfu/g,3.28,7.0,4.34,0.15,,,,,theoretical
46,1,cacao bean husk powder,2.0,%,2.0,protein  aa,plant,,,,,,4,pork,pork sausage,,anm,single,,tpc,microbial,5.0,7.0,log cfu/g,3.27,7.0,4.35,0.15,,,,,theoretical
46,1,control,0.0,%,0.0,none,none,,,,,,4,pork,pork sausage,,,,,tbars,chemical,0.5,2.0,mg mda/kg,0.79,1.0,0.79,0.0,4.0,1.15,0.12,0.58,theoretical
46,1,cacao bean husk powder,0.25,%,0.25,protein  aa,plant,,,,,,4,pork,pork sausage,,anm,single,,tbars,chemical,0.5,2.0,mg mda/kg,0.46,8.0,0.53,0.004,,,,,theoretical
46,1,cacao bean husk powder,0.5,%,0.5,protein  aa,plant,,,,,,4,pork,pork sausage,,anm,single,,tbars,chemical,0.5,2.0,mg mda/kg,0.37,8.0,0.44,0.004,,,,,theoretical
46,1,cacao bean husk powder,0.75,%,0.75,protein  aa,plant,,,,,,4,pork,pork sausage,,anm,single,,tbars,chemical,0.5,2.0,mg mda/kg,0.22,8.0,0.3,0.005,,,,,theoretical
46,1,cacao bean husk powder,1.0,%,1.0,protein  aa,plant,,,,,,4,pork,pork sausage,,anm,single,,tbars,chemical,0.5,2.0,mg mda/kg,0.19,8.0,0.25,0.004,,,,,theoretical
46,1,cacao bean husk powder,2.0,%,2.0,protein  aa,plant,,,,,,4,pork,pork sausage,,anm,single,,tbars,chemical,0.5,2.0,mg mda/kg,0.17,8.0,0.2,0.002,,,,,theoretical
0,2,control,0.0,% (w/w),0.0,none,none,,,,,,25,fish,skinless carp fillets,,,,,tvc,microbial,5.0,7.0,log cfu/g,3.6,1.0,3.6,0.0,2.0,8.7,5.1,1.243,theoretical
0,2,control,0.0,% (w/w),0.0,none,none,,,,,,25,fish,skinless carp fillets,,anm,single,,tvc,microbial,5.0,7.0,log cfu/g,2.2,1.0,2.2,0.0,2.0,7.6,5.4,1.086,theoretical
0,2,cathodic nacl solution,1.0,% (w/w),1.0,mineral,other natural sources,,,,,,25,fish,skinless carp fillets,,,,,tvc,microbial,5.0,7.0,log cfu/g,2.3,1.0,2.3,0.0,2.0,7.5,5.2,1.071,theoretical
0,2,control,0.0,% (w/w),0.0,none,none,,,,,,25,fish,skinless carp fillets,,anm,single,,tvc,microbial,5.0,7.0,log cfu/g,2.6,1.0,2.6,0.0,2.0,6.4,3.8,0.914,theoretical
0,2,control,0.0,% (w/w),0.0,none,none,,,,,,25,fish,skinless carp fillets,,anm,single,,tvc,microbial,5.0,7.0,log cfu/g,2.2,2.0,5.6,1.7,3.0,7.5,1.9,1.071,theoretical
0,2,cathodic nacl solution,1.0,% (w/w),1.0,mineral,other natural sources,,,,,,25,fish,skinless carp fillets,,anm,single,,tvc,microbial,5.0,7.0,log cfu/g,2.1,2.0,5.4,1.65,3.0,7.2,1.8,1.029,theoretical
0,2,control,0.0,% (w/w),0.0,none,none,,,,,,25,fish,skinless carp fillets,,,,,tvbn,chemical,20.0,30.0,mg/100g,11.4,1.0,11.4,,2.0,41.0,29.6,1.37,theoretical
0,2,control,0.0,% (w/w),0.0,none,none,,,,,,25,fish,skinless carp fillets,,anm,single,,tvbn,chemical,20.0,30.0,mg/100g,8.4,2.0,26.9,9.25,3.0,64.5,37.6,2.15,theoretical
0,2,cathodic nacl solution,1.0,% (w/w),1.0,mineral,other natural sources,,,,,,25,fish,skinless carp fillets,,,,,tvbn,chemical,20.0,30.0,mg/100g,7.0,2.0,24.9,8.95,3.0,60.1,35.2,2.0,theoretical
0,2,control,0.0,% (w/w),0.0,none,none,,,,,,25,fish,skinless carp fillets,,anm,single,,tvbn,chemical,20.0,30.0,mg/100g,6.9,2.0,21.2,7.15,3.0,42.9,21.7,1.43,theoretical
0,2,control,0.0,% (w/w),0.0,none,none,,,,,,25,fish,skinless carp fillets,,anm,single,,tvbn,chemical,20.0,30.0,mg/100g,6.8,2.0,20.7,6.95,3.0,40.6,19.9,1.35,theoretical
0,2,cathodic nacl solution,1.0,% (w/w),1.0,mineral,other natural sources,,,,,,25,fish,skinless carp fillets,,anm,single,,tvbn,chemical,20.0,30.0,mg/100g,6.8,2.0,18.8,6.0,3.0,38.9,20.1,1.3,theoretical
0,2,control,0.0,% (w/w),0.0,none,none,,,,,,25,fish,skinless carp fillets,,,,,pv,chemical,10.0,20.0,meq/kg,1.0,3.0,8.5,2.5,,,,,theoretical
0,2,control,0.0,% (w/w),0.0,none,none,,,,,,25,fish,skinless carp fillets,,anm,single,,pv,chemical,10.0,20.0,meq/kg,1.0,3.0,8.9,2.633,,,,,theoretical
0,2,cathodic nacl solution,1.0,% (w/w),1.0,mineral,other natural sources,,,,,,25,fish,skinless carp fillets,,,,,pv,chemical,10.0,20.0,meq/kg,1.0,3.0,7.3,2.1,,,,,theoretical
0,2,control,0.0,% (w/w),0.0,none,none,,,,,,25,fish,skinless carp fillets,,anm,single,,pv,chemical,10.0,20.0,meq/kg,1.0,3.0,6.63,1.877,,,,,theoretical
0,2,control,0.0,% (w/w),0.0,none,none,,,,,,25,fish,skinless carp fillets,,anm,single,,pv,chemical,10.0,20.0,meq/kg,1.0,3.0,4.2,1.067,,,,,theoretical
0,2,cathodic nacl solution,1.0,% (w/w),1.0,mineral,other natural sources,,,,,,25,fish,skinless carp fillets,,anm,single,,pv,chemical,10.0,20.0,meq/kg,1.0,3.0,2.9,0.633,,,,,theoretical
0,2,control,0.0,% (w/w),0.0,none,none,,,,,,25,fish,skinless carp fillets,,,,,tbars,chemical,0.5,2.0,mg mda/kg,0.15,2.0,0.34,0.095,3.0,0.8,0.46,0.4,theoretical
0,2,control,0.0,% (w/w),0.0,none,none,,,,,,25,fish,skinless carp fillets,,,,,tbars,chemical,0.5,2.0,mg mda/kg,0.15,2.0,0.38,0.115,3.0,0.92,0.54,0.46,theoretical
0,2,cathodic nacl solution,1.0,% (w/w),1.0,mineral,other natural sources,,,,,,25,fish,skinless carp fillets,,,,,tbars,chemical,0.5,2.0,mg mda/kg,0.14,2.0,0.26,0.06,3.0,0.63,0.37,0.32,theoretical
0,2,control,0.0,% (w/w),0.0,none,none,,,,,,25,fish,skinless carp fillets,,anm,single,,tbars,chemical,0.5,2.0,mg mda/kg,0.14,3.0,0.25,0.037,,,,,theoretical
0,2,control,0.0,% (w/w),0.0,none,none,,,,,,25,fish,skinless carp fillets,,anm,single,,tbars,chemical,0.5,2.0,mg mda/kg,0.14,3.0,0.3,0.053,,,,,theoretical
0,2,cathodic nacl solution,1.0,% (w/w),1.0,mineral,other natural sources,,,,,,25,fish,skinless carp fillets,,anm,single,,tbars,chemical,0.5,2.0,mg mda/kg,0.14,3.0,0.17,0.01,,,,,theoretical
2,2,sodium ascorbate,400.0,mg/kg meat,0.04,organic acid,plant,,,pa|pp|ps,tray,oxygen-permeable|barrier,4,beef,raw beef patties,,anm+salt,hybrid_simultaneous,,tvc,microbial,5.0,7.0,log cfu/g,4.4,9.0,5.6,0.13,,,,,theoretical
2,2,green tea extract,300.0,mg/kg meat,0.03,phenol,plant,,,pa|pp|ps,tray,oxygen-permeable|barrier,4,beef,raw beef patties,,anm+salt,hybrid_simultaneous,,tvc,microbial,5.0,7.0,log cfu/g,4.3,9.0,5.8,0.17,,,,,theoretical
2,2,grape seed extract,300.0,mg/kg meat,0.03,phenol,plant,,,pa|pp|ps,tray,oxygen-permeable|barrier,4,beef,raw beef patties,,anm+salt,hybrid_simultaneous,,tvc,microbial,5.0,7.0,log cfu/g,4.4,9.0,5.6,0.13,,,,,theoretical
2,2,sodium ascorbate,400.0,mg/kg meat,0.04,organic acid,plant,,,pa|pp|ps,tray,oxygen-permeable|barrier,4,beef,raw beef patties,,anm+salt,hybrid_simultaneous,,tcc,microbial,2.0,3.0,log cfu/g,3.2,9.0,3.7,0.06,,,,,theoretical
2,2,green tea extract,300.0,mg/kg meat,0.03,phenol,plant,,,pa|pp|ps,tray,oxygen-permeable|barrier,4,beef,raw beef patties,,anm+salt,hybrid_simultaneous,,tcc,microbial,2.0,3.0,log cfu/g,3.3,9.0,3.8,0.06,,,,,theoretical
2,2,grape seed extract,300.0,mg/kg meat,0.03,phenol,plant,,,pa|pp|ps,tray,oxygen-permeable|barrier,4,beef,raw beef patties,,anm+salt,hybrid_simultaneous,,tcc,microbial,2.0,3.0,log cfu/g,3.4,9.0,3.4,0.0,,,,,theoretical
2,2,sodium ascorbate,400.0,mg/kg meat,0.04,organic acid,plant,,,pa|pp|ps,tray,oxygen-permeable|barrier,4,beef,raw beef patties,,anm+salt,hybrid_simultaneous,,tbars,chemical,0.5,2.0,mda/kg,0.44,10.0,0.69,0.025,,,,,theoretical
2,2,green tea extract,300.0,mg/kg meat,0.03,phenol,plant,,,pa|pp|ps,tray,oxygen-permeable|barrier,4,beef,raw beef patties,,anm+salt,hybrid_simultaneous,,tbars,chemical,0.5,2.0,mda/kg,0.51,10.0,0.6,0.009,,,,,theoretical
2,2,grape seed extract,300.0,mg/kg meat,0.03,phenol,plant,,,pa|pp|ps,tray,oxygen-permeable|barrier,4,beef,raw beef patties,,anm+salt,hybrid_simultaneous,,tbars,chemical,0.5,2.0,mda/kg,0.45,10.0,0.47,0.002,,,,,theoretical
7,2,control,0.0,mm,0.0,none,none,30.0,active_antimicrobial,ldpe|pa,,active packaging,4,chicken,fresh chicken breast 300g,,,,,tvc,microbial,5.0,7.0,log cfu/g,4.3,1.0,4.3,0.0,9.5,7.0,0.318,1.0,theoretical
7,2,control,0.0,mm,0.0,none,none,30.0,active_antimicrobial,ldpe|pa,,active packaging,4,chicken,fresh chicken breast 300g,,anm+map,hybrid_simultaneous,,tvc,microbial,5.0,7.0,log cfu/g,4.3,1.0,4.3,0.0,12.0,7.0,0.245,1.0,theoretical
7,2,control,0.0,mm,0.0,none,none,30.0,active_antimicrobial,ldpe|pa,,active packaging,4,chicken,fresh chicken breast 300g,,anm+map,hybrid_simultaneous,,tvc,microbial,5.0,7.0,log cfu/g,4.3,1.0,4.3,0.0,15.0,7.0,0.193,1.0,theoretical
7,2,edta,10.0,mm,0.37,chelating agent (organic compound),other natural sources,30.0,active_antimicrobial,ldpe|pa,,active packaging,4,chicken,fresh chicken breast 300g,,anm+map,hybrid_simultaneous,,tvc,microbial,5.0,7.0,log cfu/g,4.3,1.0,4.3,0.0,15.0,7.0,0.193,1.0,theoretical
7,2,edta,10.0,mm,0.37,chelating agent (organic compound),other natural sources,30.0,active_antimicrobial,ldpe|pa,,active packaging,4,chicken,fresh chicken breast 300g,,anm+map,hybrid_simultaneous,,tvc,microbial,5.0,7.0,log cfu/g,4.3,1.0,4.3,0.0,18.5,7.0,0.154,1.0,theoretical
7,2,edta,50.0,mm,1.86,chelating agent (organic compound),other natural sources,30.0,active_antimicrobial,ldpe|pa,,active packaging,4,chicken,fresh chicken breast 300g,,anm+map,hybrid_simultaneous,,tvc,microbial,5.0,7.0,log cfu/g,4.3,1.0,4.3,0.0,21.5,7.0,0.132,1.0,theoretical
7,2,edta,50.0,mm,1.86,chelating agent (organic compound),other natural sources,30.0,active_antimicrobial,ldpe|pa,,active packaging,4,chicken,fresh chicken breast 300g,,anm+map,hybrid_simultaneous,,tvc,microbial,5.0,7.0,log cfu/g,4.3,1.0,4.3,0.0,27.0,7.0,0.104,1.0,theoretical
7,2,edta,10.0,mm,0.37,chelating agent (organic compound),other natural sources,30.0,active_antimicrobial,ldpe|pa,,active packaging,4,chicken,fresh chicken breast 300g,,anm+map,hybrid_simultaneous,,tvc,microbial,5.0,7.0,log cfu/g,4.3,1.0,4.3,0.0,9.5,7.0,0.318,1.0,theoretical
7,2,edta,50.0,mm,1.86,chelating agent (organic compound),other natural sources,30.0,active_antimicrobial,ldpe|pa,,active packaging,4,chicken,fresh chicken breast 300g,,anm+map,hybrid_simultaneous,,tvc,microbial,5.0,7.0,log cfu/g,4.3,1.0,4.3,0.0,9.5,7.0,0.318,1.0,theoretical
7,2,control,0.0,mm,0.0,none,none,30.0,active_antimicrobial,ldpe|pa,,active packaging,4,chicken,fresh chicken breast 300g,,,,,lab,microbial,5.0,7.0,log cfu/g,4.8,8.0,6.5,0.21,12.0,7.5,0.25,1.071,theoretical
7,2,control,0.0,mm,0.0,none,none,30.0,active_antimicrobial,ldpe|pa,,active packaging,4,chicken,fresh chicken breast 300g,,anm+map,hybrid_simultaneous,,lab,microbial,5.0,7.0,log cfu/g,4.8,8.0,6.0,0.15,12.0,7.2,0.3,1.029,theoretical
7,2,control,0.0,mm,0.0,none,none,30.0,active_antimicrobial,ldpe|pa,,active packaging,4,chicken,fresh chicken breast 300g,,anm+map,hybrid_simultaneous,,lab,microbial,5.0,7.0,log cfu/g,4.8,12.0,6.2,0.12,16.0,7.2,0.25,1.029,theoretical
7,2,edta,10.0,mm,0.37,chelating agent (organic compound),other natural sources,30.0,active_antimicrobial,ldpe|pa,,active packaging,4,chicken,fresh chicken breast 300g,,anm+map,hybrid_simultaneous,,lab,microbial,5.0,7.0,log cfu/g,4.8,16.0,6.8,0.13,20.0,7.2,0.1,1.029,theoretical
7,2,edta,10.0,mm,0.37,chelating agent (organic compound),other natural sources,30.0,active_antimicrobial,ldpe|pa,,active packaging,4,chicken,fresh chicken breast 300g,,anm+map,hybrid_simultaneous,,lab,microbial,5.0,7.0,log cfu/g,4.8,16.0,6.7,0.12,20.0,7.1,0.1,1.014,theoretical
7,2,edta,50.0,mm,1.86,chelating agent (organic compound),other natural sources,30.0,active_antimicrobial,ldpe|pa,,active packaging,4,chicken,fresh chicken breast 300g,,anm+map,hybrid_simultaneous,,lab,microbial,5.0,7.0,log cfu/g,4.8,20.0,6.6,0.09,24.0,7.0,0.1,1.0,theoretical
7,2,edta,50.0,mm,1.86,chelating agent (organic compound),other natural sources,30.0,active_antimicrobial,ldpe|pa,,active packaging,4,chicken,fresh chicken breast 300g,,anm+map,hybrid_simultaneous,,lab,microbial,5.0,7.0,log cfu/g,4.8,20.0,6.6,0.09,24.0,7.0,0.1,1.0,theoretical
7,2,control,0.0,mm,0.0,none,none,30.0,active_antimicrobial,ldpe|pa,,active packaging,4,chicken,fresh chicken breast 300g,,,,,b. thermosphacta,microbial,5.0,7.0,log cfu/g,4.5,8.0,6.0,0.19,12.0,7.2,0.3,1.029,theoretical
7,2,control,0.0,mm,0.0,none,none,30.0,active_antimicrobial,ldpe|pa,,active packaging,4,chicken,fresh chicken breast 300g,,anm+map,hybrid_simultaneous,,b. thermosphacta,microbial,5.0,7.0,log cfu/g,4.5,8.0,5.8,0.16,12.0,7.0,0.3,1.0,theoretical
7,2,control,0.0,mm,0.0,none,none,30.0,active_antimicrobial,ldpe|pa,,active packaging,4,chicken,fresh chicken breast 300g,,anm+map,hybrid_simultaneous,,b. thermosphacta,microbial,5.0,7.0,log cfu/g,4.5,12.0,5.7,0.1,15.0,7.1,0.467,1.014,theoretical
7,2,edta,10.0,mm,0.37,chelating agent (organic compound),other natural sources,30.0,active_antimicrobial,ldpe|pa,,active packaging,4,chicken,fresh chicken breast 300g,,anm+map,hybrid_simultaneous,,b. thermosphacta,microbial,5.0,7.0,log cfu/g,4.5,12.0,5.6,0.09,15.0,7.0,0.467,1.0,theoretical
7,2,edta,10.0,mm,0.37,chelating agent (organic compound),other natural sources,30.0,active_antimicrobial,ldpe|pa,,active packaging,4,chicken,fresh chicken breast 300g,,anm+map,hybrid_simultaneous,,b. thermosphacta,microbial,5.0,7.0,log cfu/g,4.5,24.0,6.2,0.07,,,,,theoretical
7,2,edta,50.0,mm,1.86,chelating agent (organic compound),other natural sources,30.0,active_antimicrobial,ldpe|pa,,active packaging,4,chicken,fresh chicken breast 300g,,anm+map,hybrid_simultaneous,,b. thermosphacta,microbial,5.0,7.0,log cfu/g,4.5,24.0,6.0,0.06,,,,,theoretical
7,2,edta,50.0,mm,1.86,chelating agent (organic compound),other natural sources,30.0,active_antimicrobial,ldpe|pa,,active packaging,4,chicken,fresh chicken breast 300g,,anm+map,hybrid_simultaneous,,b. thermosphacta,microbial,5.0,7.0,log cfu/g,4.5,24.0,5.9,0.06,,,,,theoretical
7,2,control,0.0,mm,0.0,none,none,30.0,active_antimicrobial,ldpe|pa,,active packaging,4,chicken,fresh chicken breast 300g,,,,,pseudomonas,microbial,5.0,7.0,log cfu/g,3.8,8.0,6.0,0.28,12.0,7.1,0.275,1.014,theoretical
7,2,control,0.0,mm,0.0,none,none,30.0,active_antimicrobial,ldpe|pa,,active packaging,4,chicken,fresh chicken breast 300g,,anm+map,hybrid_simultaneous,,pseudomonas,microbial,5.0,7.0,log cfu/g,3.8,8.0,6.8,0.38,12.0,7.0,0.05,1.0,theoretical
7,2,control,0.0,mm,0.0,none,none,30.0,active_antimicrobial,ldpe|pa,,active packaging,4,chicken,fresh chicken breast 300g,,anm+map,hybrid_simultaneous,,pseudomonas,microbial,5.0,7.0,log cfu/g,3.8,12.0,6.8,0.25,16.0,7.0,0.05,1.0,theoretical
7,2,edta,10.0,mm,0.37,chelating agent (organic compound),other natural sources,30.0,active_antimicrobial,ldpe|pa,,active packaging,4,chicken,fresh chicken breast 300g,,anm+map,hybrid_simultaneous,,pseudomonas,microbial,5.0,7.0,log cfu/g,3.8,24.0,5.8,0.08,,,,,theoretical
7,2,edta,10.0,mm,0.37,chelating agent (organic compound),other natural sources,30.0,active_antimicrobial,ldpe|pa,,active packaging,4,chicken,fresh chicken breast 300g,,anm+map,hybrid_simultaneous,,pseudomonas,microbial,5.0,7.0,log cfu/g,3.8,24.0,5.8,0.08,,,,,theoretical
7,2,edta,50.0,mm,1.86,chelating agent (organic compound),other natural sources,30.0,active_antimicrobial,ldpe|pa,,active packaging,4,chicken,fresh chicken breast 300g,,anm+map,hybrid_simultaneous,,pseudomonas,microbial,5.0,7.0,log cfu/g,3.8,24.0,5.5,0.07,,,,,theoretical
7,2,edta,50.0,mm,1.86,chelating agent (organic compound),other natural sources,30.0,active_antimicrobial,ldpe|pa,,active packaging,4,chicken,fresh chicken breast 300g,,anm+map,hybrid_simultaneous,,pseudomonas,microbial,5.0,7.0,log cfu/g,3.8,24.0,5.0,0.05,,,,,theoretical
7,2,control,0.0,mm,0.0,none,none,30.0,active_antimicrobial,ldpe|pa,,active packaging,4,chicken,fresh chicken breast 300g,,,,,enterobacteriaceae,microbial,5.0,7.0,log cfu/g,3.0,20.0,6.8,0.19,24.0,7.0,0.05,1.0,theoretical
7,2,control,0.0,mm,0.0,none,none,30.0,active_antimicrobial,ldpe|pa,,active packaging,4,chicken,fresh chicken breast 300g,,anm+map,hybrid_simultaneous,,enterobacteriaceae,microbial,5.0,7.0,log cfu/g,3.0,24.0,6.8,0.16,,,,,theoretical
7,2,control,0.0,mm,0.0,none,none,30.0,active_antimicrobial,ldpe|pa,,active packaging,4,chicken,fresh chicken breast 300g,,anm+map,hybrid_simultaneous,,enterobacteriaceae,microbial,5.0,7.0,log cfu/g,3.0,24.0,6.8,0.16,,,,,theoretical
7,2,edta,10.0,mm,0.37,chelating agent (organic compound),other natural sources,30.0,active_antimicrobial,ldpe|pa,,active packaging,4,chicken,fresh chicken breast 300g,,anm+map,hybrid_simultaneous,,enterobacteriaceae,microbial,5.0,7.0,log cfu/g,3.0,24.0,6.6,0.15,,,,,theoretical
7,2,edta,10.0,mm,0.37,chelating agent (organic compound),other natural sources,30.0,active_antimicrobial,ldpe|pa,,active packaging,4,chicken,fresh chicken breast 300g,,anm+map,hybrid_simultaneous,,enterobacteriaceae,microbial,5.0,7.0,log cfu/g,3.0,24.0,6.5,0.15,,,,,theoretical
7,2,edta,50.0,mm,1.86,chelating agent (organic compound),other natural sources,30.0,active_antimicrobial,ldpe|pa,,active packaging,4,chicken,fresh chicken breast 300g,,anm+map,hybrid_simultaneous,,enterobacteriaceae,microbial,5.0,7.0,log cfu/g,3.0,24.0,6.0,0.13,,,,,theoretical
7,2,edta,50.0,mm,1.86,chelating agent (organic compound),other natural sources,30.0,active_antimicrobial,ldpe|pa,,active packaging,4,chicken,fresh chicken breast 300g,,anm+map,hybrid_simultaneous,,enterobacteriaceae,microbial,5.0,7.0,log cfu/g,3.0,24.0,5.8,0.12,,,,,theoretical
7,2,control,0.0,mm,0.0,none,none,30.0,active_antimicrobial,ldpe|pa,,active packaging,4,chicken,fresh chicken breast 300g,,,,,tman,chemical,,10.0,mg n/100g,2.0,12.0,4.5,0.208,16.0,10.5,1.5,1.05,theoretical
7,2,control,0.0,mm,0.0,none,none,30.0,active_antimicrobial,ldpe|pa,,active packaging,4,chicken,fresh chicken breast 300g,,anm+map,hybrid_simultaneous,,tman,chemical,,10.0,mg n/100g,2.0,12.0,4.0,0.167,16.0,10.5,1.625,1.05,theoretical
7,2,control,0.0,mm,0.0,none,none,30.0,active_antimicrobial,ldpe|pa,,active packaging,4,chicken,fresh chicken breast 300g,,anm+map,hybrid_simultaneous,,tman,chemical,,10.0,mg n/100g,2.0,15.0,6.0,0.267,20.0,10.0,0.8,1.0,theoretical
7,2,edta,10.0,mm,0.37,chelating agent (organic compound),other natural sources,30.0,active_antimicrobial,ldpe|pa,,active packaging,4,chicken,fresh chicken breast 300g,,anm+map,hybrid_simultaneous,,tman,chemical,,10.0,mg n/100g,2.0,15.0,6.0,0.267,20.0,10.0,0.8,1.0,theoretical
7,2,edta,10.0,mm,0.37,chelating agent (organic compound),other natural sources,30.0,active_antimicrobial,ldpe|pa,,active packaging,4,chicken,fresh chicken breast 300g,,anm+map,hybrid_simultaneous,,tman,chemical,,10.0,mg n/100g,2.0,20.0,7.0,0.25,24.0,10.0,0.75,1.0,theoretical
7,2,edta,50.0,mm,1.86,chelating agent (organic compound),other natural sources,30.0,active_antimicrobial,ldpe|pa,,active packaging,4,chicken,fresh chicken breast 300g,,anm+map,hybrid_simultaneous,,tman,chemical,,10.0,mg n/100g,2.0,24.0,6.0,0.167,,,,,theoretical
7,2,edta,50.0,mm,1.86,chelating agent (organic compound),other natural sources,30.0,active_antimicrobial,ldpe|pa,,active packaging,4,chicken,fresh chicken breast 300g,,anm+map,hybrid_simultaneous,,tman,chemical,,10.0,mg n/100g,2.0,24.0,3.0,0.042,,,,,theoretical
7,2,edta,10.0,mm,0.37,chelating agent (organic compound),other natural sources,30.0,active_antimicrobial,ldpe|pa,,active packaging,4,chicken,fresh chicken breast 300g,,anm+map,hybrid_simultaneous,,tman,chemical,,10.0,mg n/100g,,,,,,,,,theoretical
7,2,edta,50.0,mm,1.86,chelating agent (organic compound),other natural sources,30.0,active_antimicrobial,ldpe|pa,,active packaging,4,chicken,fresh chicken breast 300g,,anm+map,hybrid_simultaneous,,tman,chemical,,10.0,mg n/100g,,,,,,,,,theoretical
7,2,control,0.0,mm,0.0,none,none,30.0,active_antimicrobial,ldpe|pa,,active packaging,4,chicken,fresh chicken breast 300g,,,,,tvbn,chemical,20.0,40.0,mg n/100g,23.6,8.0,35.0,1.425,12.0,42.0,1.75,1.05,theoretical
7,2,control,0.0,mm,0.0,none,none,30.0,active_antimicrobial,ldpe|pa,,active packaging,4,chicken,fresh chicken breast 300g,,anm+map,hybrid_simultaneous,,tvbn,chemical,20.0,40.0,mg n/100g,23.6,8.0,34.0,1.3,12.0,40.0,1.5,1.0,theoretical
7,2,control,0.0,mm,0.0,none,none,30.0,active_antimicrobial,ldpe|pa,,active packaging,4,chicken,fresh chicken breast 300g,,anm+map,hybrid_simultaneous,,tvbn,chemical,20.0,40.0,mg n/100g,23.6,12.0,34.0,0.867,15.0,60.3,8.767,1.51,theoretical
7,2,edta,10.0,mm,0.37,chelating agent (organic compound),other natural sources,30.0,active_antimicrobial,ldpe|pa,,active packaging,4,chicken,fresh chicken breast 300g,,anm+map,hybrid_simultaneous,,tvbn,chemical,20.0,40.0,mg n/100g,23.6,15.0,38.0,0.96,20.0,49.2,2.24,1.23,theoretical
7,2,edta,10.0,mm,0.37,chelating agent (organic compound),other natural sources,30.0,active_antimicrobial,ldpe|pa,,active packaging,4,chicken,fresh chicken breast 300g,,anm+map,hybrid_simultaneous,,tvbn,chemical,20.0,40.0,mg n/100g,23.6,24.0,39.5,0.663,,,,,theoretical
7,2,edta,50.0,mm,1.86,chelating agent (organic compound),other natural sources,30.0,active_antimicrobial,ldpe|pa,,active packaging,4,chicken,fresh chicken breast 300g,,anm+map,hybrid_simultaneous,,tvbn,chemical,20.0,40.0,mg n/100g,23.6,24.0,37.4,0.575,,,,,theoretical
7,2,edta,50.0,mm,1.86,chelating agent (organic compound),other natural sources,30.0,active_antimicrobial,ldpe|pa,,active packaging,4,chicken,fresh chicken breast 300g,,anm+map,hybrid_simultaneous,,tvbn,chemical,20.0,40.0,mg n/100g,23.6,24.0,32.1,0.354,,,,,theoretical
9,2,lactoferrin,5.0,% (w/w),5.0,protein,enzyme,,active_antimicrobial,pa|cellulose,,active packaging,4±1,beef,veal fillet,,anm,single,,tac,microbial,5.0,7.0,log cfu/g,5.34,3.0,5.43,0.03,,,,,theoretical
10,2,thyme eo,2.5,%,2.5,essential oil,plant,,vacuum,pa,,,4±1,beef,ground beef patties,,,,,pseudomonas,microbial,5.0,7.0,log cfu/g,6.36,12.0,5.25,-0.09,,,,,theoretical
10,2,thyme eo,2.5,%,2.5,essential oil,plant,,vacuum,pa,,,4±1,beef,ground beef patties,,anm+map,hybrid_simultaneous,,tcc,microbial,2.0,4.0,log cfu/g,4.7,12.0,5.0,0.03,,,,,theoretical
14,2,chitosan,1.5,% (w/v),1.5,carbohydrate,"algae, fish, others",2.0,active_antimicrobial,ldpe|pa|protein film,pouch,active packaging|barrier,4,chicken,skinless and boneless fresh chicken breast meat (ca. 400 g),,anm,single,,tvc,microbial,5.0,7.0,log cfu/g,4.85,21.0,6.5,0.08,,,,,theoretical
14,2,chitosan,2.5,% (w/v),2.5,carbohydrate,"algae, fish, others",2.0,active_antimicrobial,ldpe|pa|protein film,pouch,active packaging|barrier,4,chicken,skinless and boneless fresh chicken breast meat (ca. 400 g),,anm,single,,tvc,microbial,5.0,7.0,log cfu/g,4.85,21.0,6.5,0.08,,,,,theoretical
14,2,chitosan,3.5,% (w/v),3.5,carbohydrate,"algae, fish, others",2.0,active_antimicrobial,ldpe|pa|protein film,pouch,active packaging|barrier,4,chicken,skinless and boneless fresh chicken breast meat (ca. 400 g),,anm,single,,tvc,microbial,5.0,7.0,log cfu/g,4.85,21.0,6.5,0.08,,,,,theoretical
14,2,chitosan,1.5,% (w/v),1.5,carbohydrate/polysacharide,"algae, fish, others",2.0,active_antimicrobial,ldpe|pa|protein film,pouch,active packaging|barrier,4,chicken,skinless and boneless fresh chicken breast meat (ca. 400 g),,,,,pseudomonas,microbial,5.0,7.0,log cfu/g,4.04,16.0,6.5,0.15,21.0,7.0,0.1,1.0,theoretical
14,2,chitosan,2.5,% (w/v),2.5,carbohydrate/polysacharide,"algae, fish, others",2.0,active_antimicrobial,ldpe|pa|protein film,pouch,active packaging|barrier,4,chicken,skinless and boneless fresh chicken breast meat (ca. 400 g),,,,,pseudomonas,microbial,5.0,7.0,log cfu/g,4.04,21.0,6.1,0.1,,,,,theoretical
14,2,chitosan,3.5,% (w/v),3.5,carbohydrate/polysacharide,"algae, fish, others",2.0,active_antimicrobial,ldpe|pa|protein film,pouch,active packaging|barrier,4,chicken,skinless and boneless fresh chicken breast meat (ca. 400 g),,,,,pseudomonas,microbial,5.0,7.0,log cfu/g,4.04,21.0,6.0,0.09,,,,,theoretical
14,2,chitosan,1.5,% (w/v),1.5,carbohydrate,"algae, fish, others",2.0,active_antimicrobial,ldpe|pa|protein film,pouch,active packaging|barrier,4,chicken,skinless and boneless fresh chicken breast meat (ca. 400 g),,anm,single,,lab,microbial,5.0,7.0,log cfu/g,4.87,6.0,5.5,0.11,11.0,7.1,0.32,1.014,theoretical
14,2,chitosan,2.5,% (w/v),2.5,carbohydrate,"algae, fish, others",2.0,active_antimicrobial,ldpe|pa|protein film,pouch,active packaging|barrier,4,chicken,skinless and boneless fresh chicken breast meat (ca. 400 g),,anm,single,,lab,microbial,5.0,7.0,log cfu/g,4.87,16.0,6.5,0.1,21.0,7.5,0.2,1.071,theoretical
14,2,chitosan,3.5,% (w/v),3.5,carbohydrate,"algae, fish, others",2.0,active_antimicrobial,ldpe|pa|protein film,pouch,active packaging|barrier,4,chicken,skinless and boneless fresh chicken breast meat (ca. 400 g),,anm,single,,lab,microbial,5.0,7.0,log cfu/g,4.87,16.0,6.1,0.08,21.0,7.0,0.18,1.0,theoretical
14,2,chitosan,1.5,% (w/v),1.5,carbohydrate,"algae, fish, others",2.0,active_antimicrobial,ldpe|pa|protein film,pouch,active packaging|barrier,4,chicken,skinless and boneless fresh chicken breast meat (ca. 400 g),,anm,single,,psy,chemical,5.0,7.0,log cfu/g,3.7,6.0,6.1,0.4,11.0,7.5,0.28,1.071,theoretical
14,2,chitosan,2.5,% (w/v),2.5,carbohydrate,"algae, fish, others",2.0,active_antimicrobial,ldpe|pa|protein film,pouch,active packaging|barrier,4,chicken,skinless and boneless fresh chicken breast meat (ca. 400 g),,anm,single,,psy,chemical,5.0,7.0,log cfu/g,3.74,11.0,6.5,0.25,16.0,7.45,0.19,1.064,theoretical
14,2,chitosan,3.5,% (w/v),3.5,carbohydrate,"algae, fish, others",2.0,active_antimicrobial,ldpe|pa|protein film,pouch,active packaging|barrier,4,chicken,skinless and boneless fresh chicken breast meat (ca. 400 g),,anm,single,,psy,chemical,5.0,7.0,log cfu/g,4.1,16.0,6.1,0.13,21.0,7.0,0.18,1.0,theoretical
14,2,chitosan,1.5,% (w/v),1.5,carbohydrate,"algae, fish, others",2.0,active_antimicrobial,ldpe|pa|protein film,pouch,active packaging|barrier,4,chicken,skinless and boneless fresh chicken breast meat (ca. 400 g),,anm,single,,pv,chemical,10.0,25.0,meq o2/kg fat,0.05,20.0,0.11,0.003,,,,,theoretical
14,2,chitosan,2.5,% (w/v),2.5,carbohydrate,"algae, fish, others",2.0,active_antimicrobial,ldpe|pa|protein film,pouch,active packaging|barrier,4,chicken,skinless and boneless fresh chicken breast meat (ca. 400 g),,anm,single,,pv,chemical,10.0,25.0,meq o2/kg fat,0.07,20.0,0.099,0.002,,,,,theoretical
14,2,chitosan,3.5,% (w/v),3.5,carbohydrate,"algae, fish, others",2.0,active_antimicrobial,ldpe|pa|protein film,pouch,active packaging|barrier,4,chicken,skinless and boneless fresh chicken breast meat (ca. 400 g),,anm,single,,pv,chemical,10.0,25.0,meq o2/kg fat,0.05,20.0,0.065,0.001,,,,,theoretical
14,2,chitosan,1.5,% (w/v),1.5,carbohydrate/polysacharide,"algae, fish, others",2.0,active_antimicrobial,ldpe|pa|protein film,pouch,active packaging|barrier,4,chicken,skinless and boneless fresh chicken breast meat (ca. 400 g),,,,,tbars,chemical,0.5,2.0,mg mda/kg,0.03,20.0,0.106,0.004,,,,,theoretical
14,2,chitosan,2.5,% (w/v),2.5,carbohydrate/polysacharide,"algae, fish, others",2.0,active_antimicrobial,ldpe|pa|protein film,pouch,active packaging|barrier,4,chicken,skinless and boneless fresh chicken breast meat (ca. 400 g),,,,,tbars,chemical,0.5,2.0,mg mda/kg,0.02,20.0,0.09,0.004,,,,,theoretical
14,2,chitosan,3.5,% (w/v),3.5,carbohydrate/polysacharide,"algae, fish, others",2.0,active_antimicrobial,ldpe|pa|protein film,pouch,active packaging|barrier,4,chicken,skinless and boneless fresh chicken breast meat (ca. 400 g),,,,,tbars,chemical,0.5,2.0,mg mda/kg,0.01,20.0,0.08,0.003,,,,,theoretical
19,2,thyme oil,0.2,% (v/w),0.2,essential oil,plant,,active_antimicrobial,pa,,active packaging,4,chicken,ready to cook chicken-pepper kebabs (125g),,anm,single,,tvc,microbial,5.0,7.0,log cfu/g,5.41,6.0,6.5,0.18,7.0,7.0,0.5,1.0,theoretical
19,2,thyme oil,0.2,% (v/w),0.2,essential oil,plant,,active_antimicrobial,pa,,active packaging,4,chicken,ready to cook chicken-pepper kebabs (125g),,anm,single,,pseudomonas,microbial,5.0,7.0,log cfu/g,5.05,6.0,6.0,0.16,8.0,7.0,0.5,1.0,theoretical
19,2,thyme oil,0.2,% (v/w),0.2,essential oil,plant,,active_antimicrobial,pa,,active packaging,4,chicken,ready to cook chicken-pepper kebabs (125g),,anm,single,,lab,microbial,5.0,7.0,log cfu/g,4.35,10.0,5.9,0.16,,,,,theoretical
19,2,thyme oil,0.2,% (v/w),0.2,essential oil,plant,,active_antimicrobial,pa,,active packaging,4,chicken,ready to cook chicken-pepper kebabs (125g),,anm,single,,b. thermosphacta,microbial,5.0,7.0,log cfu/g,4.29,,,,12.0,,,,theoretical
19,2,thyme oil,0.2,% (v/w),0.2,essential oil,plant,,active_antimicrobial,pa,,active packaging,4,chicken,ready to cook chicken-pepper kebabs (125g),,anm,single,,enterobacteriaceae,microbial,5.0,7.0,log cfu/g,3.5,,,,12.0,,,,theoretical
19,2,thyme oil,0.2,% (v/w),0.2,essential oil,plant,,active_antimicrobial,pa,,active packaging,4,chicken,ready to cook chicken-pepper kebabs (125g),,anm,single,,fungal count,microbial,2.0,3.0,log cfu/g,4.53,12.0,4.7,0.01,,,,,theoretical
20,2,rosemary oil,0.2,% (v/w),0.2,essential oil,plant,,active_antimicrobial,ldpe|pa,pouch,barrier|active packaging,4,chicken,semi cooked coated chicken fillets,,anm+map,hybrid_simultaneous,,tvc,microbial,5.0,7.0,log cfu/g,3.6,14.0,,,16.0,,,,theoretical
20,2,oregano oil,0.2,% (v/w),0.2,essential oil,plant,,active_antimicrobial,ldpe|pa,pouch,barrier|active packaging,4,chicken,semi cooked coated chicken fillets,,anm+map,hybrid_simultaneous,,tvc,microbial,5.0,7.0,log cfu/g,3.6,14.0,,,16.0,,,,theoretical
21,2,thyme,20.0,g,0.13,essential oil,plant,1440.0,,,,,0,chicken,leg,,anm,single,,salmonella,microbial,0.0,0.0,cfu/plate,,,,,1.0,,,,theoretical
21,2,thyme,20.0,g,0.13,essential oil,plant,1440.0,,,,,0,chicken,leg,irradiation,anm,hybrid_simultaneous,3.0,salmonella,microbial,0.0,0.0,cfu/plate,,9.0,0.0,,12.0,,,,theoretical
21,2,thyme,20.0,g,0.13,essential oil,plant,1440.0,,,,,0,chicken,leg,irradiation,anm,hybrid_simultaneous,5.0,salmonella,microbial,0.0,0.0,cfu/plate,,15.0,0.0,,,,,,theoretical
21,2,control,0.0,g,0.0,none,none,,vacuum,,,,0,chicken,leg,,anm,single,,salmonella,microbial,0.0,0.0,cfu/plate,,,,,1.0,,,,theoretical
21,2,control,0.0,g,0.0,none,none,,vacuum,,,,0,chicken,leg,irradiation,,single,3.0,salmonella,microbial,0.0,0.0,cfu/plate,,,,,1.0,,,,theoretical
21,2,control,0.0,g,0.0,none,none,,vacuum,,,,0,chicken,leg,irradiation,,single,5.0,salmonella,microbial,0.0,0.0,cfu/plate,,12.0,0.0,,15.0,,,,theoretical
21,2,control,0.0,g,0.0,none,none,,aerobic,,,,0,chicken,leg,irradiation,,single,0.0,salmonella,microbial,0.0,0.0,cfu/plate,,,,,1.0,,,,theoretical
21,2,control,0.0,g,0.0,none,none,,aerobic,,,,0,chicken,leg,irradiation,,single,3.0,salmonella,microbial,0.0,0.0,cfu/plate,,,,,1.0,,,,theoretical
21,2,control,0.0,g,0.0,none,none,,aerobic,,,,0,chicken,leg,irradiation,,single,5.0,salmonella,microbial,0.0,0.0,cfu/plate,0.0,15.0,0.0,,,,,,theoretical
21,2,thyme,20.0,g,0.13,essential oil,plant,1440.0,,,,,0,chicken,leg,irradiation,anm,hybrid_simultaneous,0.0,tvc,microbial,5.0,7.0,log cfu/g,1.24,6.0,2.76,0.25,9.0,6.25,1.163,0.893,theoretical
21,2,thyme,20.0,g,0.13,essential oil,plant,1440.0,,,,,0,chicken,leg,irradiation,anm,hybrid_simultaneous,3.0,tvc,microbial,5.0,7.0,log cfu/g,1.24,6.0,2.76,0.25,9.0,6.25,1.163,0.893,theoretical
21,2,thyme,20.0,g,0.13,essential oil,plant,1440.0,,,,,0,chicken,leg,irradiation,anm,hybrid_simultaneous,5.0,tvc,microbial,5.0,7.0,log cfu/g,1.24,6.0,2.76,0.25,9.0,6.25,1.163,0.893,theoretical
21,2,control,0.0,g,0.0,none,none,,vacuum,,,,0,chicken,leg,irradiation,map,hybrid_simultaneous,0.0,tvc,microbial,5.0,7.0,log cfu/g,2.63,6.0,4.23,0.27,9.0,6.94,0.903,0.991,theoretical
21,2,control,0.0,g,0.0,none,none,,vacuum,,,,0,chicken,leg,irradiation,map,hybrid_simultaneous,3.0,tvc,microbial,5.0,7.0,log cfu/g,2.63,6.0,4.23,0.27,9.0,6.94,0.903,0.991,theoretical
21,2,control,0.0,g,0.0,none,none,,vacuum,,,,0,chicken,leg,irradiation,map,hybrid_simultaneous,5.0,tvc,microbial,5.0,7.0,log cfu/g,2.63,6.0,4.23,0.27,9.0,6.94,0.903,0.991,theoretical
21,2,control,0.0,g,0.0,none,none,,aerobic,,,,0,chicken,leg,irradiation,,single,0.0,tvc,microbial,5.0,7.0,log cfu/g,2.53,6.0,4.36,0.31,9.0,6.64,0.76,0.949,theoretical
21,2,control,0.0,g,0.0,none,none,,aerobic,,,,0,chicken,leg,irradiation,,single,3.0,tvc,microbial,5.0,7.0,log cfu/g,2.53,6.0,4.36,0.31,9.0,6.64,0.76,0.949,theoretical
21,2,control,0.0,g,0.0,none,none,,aerobic,,,,0,chicken,leg,irradiation,,single,5.0,tvc,microbial,5.0,7.0,log cfu/g,2.53,6.0,4.36,0.31,9.0,6.64,0.76,0.949,theoretical
22,2,turmeric oil,1.0,%,1.0,essential oil,plant,,active_antimicrobial,pa|protein film,pouch,active packaging,room temp,mixed,"food containing potato, boneless chicken cooking oil, masala, tomato and salt",,anm,single,,tvc,microbial,5.0,7.0,log cfu/g,1.3,46.0,0.7,-0.01,,,,,theoretical
22,2,turmeric oil,1.0,%,1.0,phenol,plant,,active_antimicrobial,pa|protein film,pouch,active packaging,room temp,mixed,"food containing potato, boneless chicken cooking oil, masala, tomato and salt",,anm,single,,fungal count,microbial,2.0,3.0,fungal count/g,0.7,46.0,0.7,0.0,,,,,theoretical
13,2,na2edta,300.0,μg cm^-2,,chelating agent (organic compound),other natural sources,,,,,,4,beef,10g ground meat,,,,,tvc,microbial,5.0,7.0,log cfu/g,4.99,6.0,6.94,0.33,8.0,6.94,0.0,0.991,theoretical
13,2,na2edta,300.0,μg cm^-2,,chelating agent (organic compound),other natural sources,,,,,,4,beef,10g ground meat,,anm,single,,tvc,microbial,5.0,7.0,log cfu/g,5.09,8.0,6.9,0.23,,,,,theoretical
13,2,na2edta,300.0,μg cm^-2,,chelating agent (organic compound),other natural sources,,,,,,4,beef,10g ground meat,,,,,tcc,microbial,2.0,3.0,log cfu/g,2.68,1.0,2.68,0.0,4.0,3.96,0.427,1.32,theoretical
13,2,na2edta,300.0,μg cm^-2,,chelating agent (organic compound),other natural sources,,,,,,4,beef,10g ground meat,,anm,single,,tcc,microbial,2.0,3.0,log cfu/g,2.6,1.0,2.6,0.0,4.0,3.25,0.217,1.083,theoretical
13,2,na2edta,300.0,μg cm^-2,,chelating agent (organic compound),other natural sources,,,,,,4,beef,10g ground meat,,,,,tbars,chemical,0.5,2.0,mg mda per kg,3.17,,,,0.0,3.17,,1.59,theoretical
13,2,na2edta,300.0,μg cm^-2,,chelating agent (organic compound),other natural sources,,,,,,4,beef,10g ground meat,,anm,single,,tbars,chemical,0.5,2.0,mg mda per kg,3.23,,,,0.0,3.23,,1.62,theoretical
24,2,"rehydrated, texturized soy protein  (4% protein , 15% water)",19.0,%,19.0,protein,plant,,active_antimicrobial,ldpe|pa|protein film,tube,active packaging,-18,beef,frozen minced beef,,,,,tvc,microbial,5.0,7.0,log cfu/g,5.5,7.0,5.3,-0.03,,,,,theoretical
24,2,"rehydrated pea fibre (2% fibre, 17% water)",19.0,%,19.0,fiber,plant,,active_antimicrobial,ldpe|pa|protein film,tube,active packaging,-18,beef,frozen minced beef,,,,,tvc,microbial,5.0,7.0,log cfu/g,5.2,7.0,5.0,-0.03,,,,,theoretical
24,2,"rehydrated, texturized soy protein  (4% protein , 15% water)",19.0,%,19.0,protein,plant,,active_antimicrobial,ldpe|pa|protein film,tube,active packaging,-18,beef,frozen minced beef,,,,,tbars,chemical,0.5,2.0,mg mda per kg,,,,,,,,,theoretical
24,2,"rehydrated pea fibre (2% fibre, 17% water)",19.0,%,19.0,fiber,plant,,active_antimicrobial,ldpe|pa|protein film,tube,active packaging,-18,beef,frozen minced beef,,,,,tbars,chemical,0.5,2.0,mg mda per kg,,,,,,,,,theoretical
26,2,oleroresin rosemary,0.05,% of the fat level,0.0095,essential oil,plant,,,ldpe,box,,4,mixed,frankfurters,,anm,single,,tpc,microbial,5.0,7.0,log cfu/g,,21.0,4.86,0.23,,,,,theoretical
26,2,oleroresin rosemary,0.05,% of the fat level,0.0095,essential oil,plant,,,ldpe,box,,4,mixed,frankfurters,,anm,single,,tpc,microbial,5.0,7.0,log cfu/g,,50.0,6.605,0.13,,,,,theoretical
29,2,bht,0.01,%,0.01,organic compound (antioxidant),other natural sources,,,,,,4,beef,cooked ground beef,,,,,tbars,chemical,0.5,2.0,mg mda per kg,1.18,4.0,1.24,0.015,,,,,theoretical
29,2,bht,0.01,%,0.01,organic compound (antioxidant),other natural sources,,,,,,4,beef,cooked ground beef,,,,,hexanal content (hc),chemical,1.0,5.9,ppm,0.06,4.0,0.17,0.028,,,,,theoretical
29,2,bht,0.01,%,0.01,organic compound (antioxidant),other natural sources,,,,,,4,beef,cooked ground beef,,,,,tbars,chemical,0.5,2.0,mg mda per kg,1.57,4.0,1.5,-0.018,,,,,theoretical
29,2,bht,0.01,%,0.01,organic compound (antioxidant),other natural sources,,,,,,4,beef,cooked ground beef,,,,,hexanal content (hc),chemical,1.0,5.9,ppm,0.05,4.0,0.08,0.008,,,,,theoretical
0,3,control,0.0,% (w/w),0.0,none,none,,,,,,25,fish,skinless carp fillets,,,,,tvc,microbial,5.0,7.0,log cfu/g,3.6,1.0,3.6,0.0,2.0,8.7,5.1,1.243,theoretical
0,3,control,0.0,% (w/w),0.0,none,none,,,,,,25,fish,skinless carp fillets,,anm,single,,tvc,microbial,5.0,7.0,log cfu/g,2.2,1.0,2.2,0.0,2.0,7.6,5.4,1.086,theoretical
0,3,control,0.0,% (w/w),0.0,none,none,,,,,,25,fish,skinless carp fillets,,,,,tvc,microbial,5.0,7.0,log cfu/g,2.3,1.0,2.3,0.0,2.0,7.5,5.2,1.071,theoretical
0,3,carvacrol eo,0.5,% (w/w),0.5,essential oil,plant,,,,,,25,fish,skinless carp fillets,,anm,single,,tvc,microbial,5.0,7.0,log cfu/g,2.6,1.0,2.6,0.0,2.0,6.4,3.8,0.914,theoretical
0,3,carvacrol eo,0.5,% (w/w),0.5,essential oil,plant,,,,,,25,fish,skinless carp fillets,,anm,single,,tvc,microbial,5.0,7.0,log cfu/g,2.2,2.0,5.6,1.7,3.0,7.5,1.9,1.071,theoretical
0,3,carvacrol eo,0.5,% (w/w),0.5,essential oil,plant,,,,,,25,fish,skinless carp fillets,,anm,single,,tvc,microbial,5.0,7.0,log cfu/g,2.1,2.0,5.4,1.65,3.0,7.2,1.8,1.029,theoretical
0,3,control,0.0,% (w/w),0.0,none,none,,,,,,25,fish,skinless carp fillets,,,,,tvbn,chemical,20.0,30.0,mg/100g,11.4,1.0,11.4,,2.0,41.0,29.6,1.37,theoretical
0,3,control,0.0,% (w/w),0.0,none,none,,,,,,25,fish,skinless carp fillets,,anm,single,,tvbn,chemical,20.0,30.0,mg/100g,8.4,2.0,26.9,9.25,3.0,64.5,37.6,2.15,theoretical
0,3,control,0.0,% (w/w),0.0,none,none,,,,,,25,fish,skinless carp fillets,,,,,tvbn,chemical,20.0,30.0,mg/100g,7.0,2.0,24.9,8.95,3.0,60.1,35.2,2.0,theoretical
0,3,carvacrol eo,0.5,% (w/w),0.5,essential oil,plant,,,,,,25,fish,skinless carp fillets,,anm,single,,tvbn,chemical,20.0,30.0,mg/100g,6.9,2.0,21.2,7.15,3.0,42.9,21.7,1.43,theoretical
0,3,carvacrol eo,0.5,% (w/w),0.5,essential oil,plant,,,,,,25,fish,skinless carp fillets,,anm,single,,tvbn,chemical,20.0,30.0,mg/100g,6.8,2.0,20.7,6.95,3.0,40.6,19.9,1.35,theoretical
0,3,carvacrol eo,0.5,% (w/w),0.5,essential oil,plant,,,,,,25,fish,skinless carp fillets,,anm,single,,tvbn,chemical,20.0,30.0,mg/100g,6.8,2.0,18.8,6.0,3.0,38.9,20.1,1.3,theoretical
0,3,control,0.0,% (w/w),0.0,none,none,,,,,,25,fish,skinless carp fillets,,,,,pv,chemical,10.0,20.0,meq/kg,1.0,3.0,8.5,2.5,,,,,theoretical
0,3,control,0.0,% (w/w),0.0,none,none,,,,,,25,fish,skinless carp fillets,,anm,single,,pv,chemical,10.0,20.0,meq/kg,1.0,3.0,8.9,2.633,,,,,theoretical
0,3,control,0.0,% (w/w),0.0,none,none,,,,,,25,fish,skinless carp fillets,,,,,pv,chemical,10.0,20.0,meq/kg,1.0,3.0,7.3,2.1,,,,,theoretical
0,3,carvacrol eo,0.5,% (w/w),0.5,essential oil,plant,,,,,,25,fish,skinless carp fillets,,anm,single,,pv,chemical,10.0,20.0,meq/kg,1.0,3.0,6.63,1.877,,,,,theoretical
0,3,carvacrol eo,0.5,% (w/w),0.5,essential oil,plant,,,,,,25,fish,skinless carp fillets,,anm,single,,pv,chemical,10.0,20.0,meq/kg,1.0,3.0,4.2,1.067,,,,,theoretical
0,3,carvacrol eo,0.5,% (w/w),0.5,essential oil,plant,,,,,,25,fish,skinless carp fillets,,anm,single,,pv,chemical,10.0,20.0,meq/kg,1.0,3.0,2.9,0.633,,,,,theoretical
0,3,control,0.0,% (w/w),0.0,none,none,,,,,,25,fish,skinless carp fillets,,,,,tbars,chemical,0.5,2.0,mg mda/kg,0.15,2.0,0.34,0.095,3.0,0.8,0.46,0.4,theoretical
0,3,control,0.0,% (w/w),0.0,none,none,,,,,,25,fish,skinless carp fillets,,,,,tbars,chemical,0.5,2.0,mg mda/kg,0.15,2.0,0.38,0.115,3.0,0.92,0.54,0.46,theoretical
0,3,control,0.0,% (w/w),0.0,none,none,,,,,,25,fish,skinless carp fillets,,,,,tbars,chemical,0.5,2.0,mg mda/kg,0.14,2.0,0.26,0.06,3.0,0.63,0.37,0.32,theoretical
0,3,carvacrol eo,0.5,% (w/w),0.5,essential oil,plant,,,,,,25,fish,skinless carp fillets,,anm,single,,tbars,chemical,0.5,2.0,mg mda/kg,0.14,3.0,0.25,0.037,,,,,theoretical
0,3,carvacrol eo,0.5,% (w/w),0.5,essential oil,plant,,,,,,25,fish,skinless carp fillets,,anm,single,,tbars,chemical,0.5,2.0,mg mda/kg,0.14,3.0,0.3,0.053,,,,,theoretical
0,3,carvacrol eo,0.5,% (w/w),0.5,essential oil,plant,,,,,,25,fish,skinless carp fillets,,anm,single,,tbars,chemical,0.5,2.0,mg mda/kg,0.14,3.0,0.17,0.01,,,,,theoretical
14,3,zataria multiflora essential oil,1.0,%,1.0,essential oil,plant,2.0,active_antimicrobial,ldpe|pa|protein film,pouch,active packaging|barrier,4,chicken,skinless and boneless fresh chicken breast meat (ca. 400 g),,anm,single,,tvc,microbial,5.0,7.0,log cfu/g,4.85,21.0,6.5,0.08,,,,,theoretical
14,3,zataria multiflora essential oil,2.0,%,2.0,essential oil,plant,2.0,active_antimicrobial,ldpe|pa|protein film,pouch,active packaging|barrier,4,chicken,skinless and boneless fresh chicken breast meat (ca. 400 g),,anm,single,,tvc,microbial,5.0,7.0,log cfu/g,4.85,21.0,6.5,0.08,,,,,theoretical
14,3,zataria multiflora essential oil,1.0,%,1.0,essential oil,plant,2.0,active_antimicrobial,ldpe|pa|protein film,pouch,active packaging|barrier,4,chicken,skinless and boneless fresh chicken breast meat (ca. 400 g),,,,,pseudomonas,microbial,5.0,7.0,log cfu/g,4.04,21.0,6.1,0.1,,,,,theoretical
14,3,zataria multiflora essential oil,2.0,%,2.0,essential oil,plant,2.0,active_antimicrobial,ldpe|pa|protein film,pouch,active packaging|barrier,4,chicken,skinless and boneless fresh chicken breast meat (ca. 400 g),,,,,pseudomonas,microbial,5.0,7.0,log cfu/g,4.04,21.0,6.0,0.09,,,,,theoretical
14,3,zataria multiflora essential oil,1.0,%,1.0,essential oil,plant,2.0,active_antimicrobial,ldpe|pa|protein film,pouch,active packaging|barrier,4,chicken,skinless and boneless fresh chicken breast meat (ca. 400 g),,anm,single,,lab,microbial,5.0,7.0,log cfu/g,4.87,16.0,6.5,0.1,21.0,7.5,0.2,1.071,theoretical
14,3,zataria multiflora essential oil,2.0,%,2.0,essential oil,plant,2.0,active_antimicrobial,ldpe|pa|protein film,pouch,active packaging|barrier,4,chicken,skinless and boneless fresh chicken breast meat (ca. 400 g),,anm,single,,lab,microbial,5.0,7.0,log cfu/g,4.87,16.0,6.1,0.08,21.0,7.0,0.18,1.0,theoretical
14,3,zataria multiflora essential oil,1.0,%,1.0,essential oil,plant,2.0,active_antimicrobial,ldpe|pa|protein film,pouch,active packaging|barrier,4,chicken,skinless and boneless fresh chicken breast meat (ca. 400 g),,anm,single,,psy,chemical,5.0,7.0,log cfu/g,3.74,11.0,6.5,0.25,16.0,7.45,0.19,1.064,theoretical
14,3,zataria multiflora essential oil,2.0,%,2.0,essential oil,plant,2.0,active_antimicrobial,ldpe|pa|protein film,pouch,active packaging|barrier,4,chicken,skinless and boneless fresh chicken breast meat (ca. 400 g),,anm,single,,psy,chemical,5.0,7.0,log cfu/g,4.1,16.0,6.1,0.13,21.0,7.0,0.18,1.0,theoretical
14,3,zataria multiflora essential oil,1.0,%,1.0,essential oil,plant,2.0,active_antimicrobial,ldpe|pa|protein film,pouch,active packaging|barrier,4,chicken,skinless and boneless fresh chicken breast meat (ca. 400 g),,anm,single,,pv,chemical,10.0,25.0,meq o2/kg fat,0.07,20.0,0.099,0.002,,,,,theoretical
14,3,zataria multiflora essential oil,2.0,%,2.0,essential oil,plant,2.0,active_antimicrobial,ldpe|pa|protein film,pouch,active packaging|barrier,4,chicken,skinless and boneless fresh chicken breast meat (ca. 400 g),,anm,single,,pv,chemical,10.0,25.0,meq o2/kg fat,0.05,20.0,0.065,0.001,,,,,theoretical
14,3,zataria multiflora essential oil,1.0,%,1.0,essential oil,plant,2.0,active_antimicrobial,ldpe|pa|protein film,pouch,active packaging|barrier,4,chicken,skinless and boneless fresh chicken breast meat (ca. 400 g),,,,,tbars,chemical,0.5,2.0,mg mda/kg,0.02,20.0,0.09,0.004,,,,,theoretical
14,3,zataria multiflora essential oil,2.0,%,2.0,essential oil,plant,2.0,active_antimicrobial,ldpe|pa|protein film,pouch,active packaging|barrier,4,chicken,skinless and boneless fresh chicken breast meat (ca. 400 g),,,,,tbars,chemical,0.5,2.0,mg mda/kg,0.01,20.0,0.08,0.003,,,,,theoretical
21,3,rosemary,20.0,g,0.13,phenol,plant,1440.0,,,,,0,chicken,leg,,anm,single,,salmonella,microbial,0.0,0.0,cfu/plate,,,,,1.0,,,,theoretical
21,3,rosemary,20.0,g,0.13,phenol,plant,1440.0,,,,,0,chicken,leg,irradiation,anm,hybrid_simultaneous,3.0,salmonella,microbial,0.0,0.0,cfu/plate,,9.0,0.0,,12.0,,,,theoretical
21,3,rosemary,20.0,g,0.13,phenol,plant,1440.0,,,,,0,chicken,leg,irradiation,anm,hybrid_simultaneous,5.0,salmonella,microbial,0.0,0.0,cfu/plate,,15.0,0.0,,,,,,theoretical
21,3,rosemary,20.0,g,0.13,phenol,plant,1440.0,,,,,0,chicken,leg,irradiation,anm,hybrid_simultaneous,0.0,tvc,microbial,5.0,7.0,log cfu/g,1.24,6.0,2.76,0.25,9.0,6.25,1.163,0.893,theoretical
21,3,rosemary,20.0,g,0.13,phenol,plant,1440.0,,,,,0,chicken,leg,irradiation,anm,hybrid_simultaneous,3.0,tvc,microbial,5.0,7.0,log cfu/g,1.24,6.0,2.76,0.25,9.0,6.25,1.163,0.893,theoretical
21,3,rosemary,20.0,g,0.13,phenol,plant,1440.0,,,,,0,chicken,leg,irradiation,anm,hybrid_simultaneous,5.0,tvc,microbial,5.0,7.0,log cfu/g,1.24,6.0,2.76,0.25,9.0,6.25,1.163,0.893,theoretical
0,4,control,0.0,% (w/w),0.0,none,none,,,,,,25,fish,skinless carp fillets,,,,,tvc,microbial,5.0,7.0,log cfu/g,3.6,1.0,3.6,0.0,2.0,8.7,5.1,1.243,theoretical
0,4,control,0.0,% (w/w),0.0,none,none,,,,,,25,fish,skinless carp fillets,,anm,single,,tvc,microbial,5.0,7.0,log cfu/g,2.2,1.0,2.2,0.0,2.0,7.6,5.4,1.086,theoretical
0,4,control,0.0,% (w/w),0.0,none,none,,,,,,25,fish,skinless carp fillets,,,,,tvc,microbial,5.0,7.0,log cfu/g,2.3,1.0,2.3,0.0,2.0,7.5,5.2,1.071,theoretical
0,4,thymol eo,0.5,% (w/w),0.5,essential oil,plant,,,,,,25,fish,skinless carp fillets,,anm,single,,tvc,microbial,5.0,7.0,log cfu/g,2.6,1.0,2.6,0.0,2.0,6.4,3.8,0.914,theoretical
0,4,thymol eo,0.5,% (w/w),0.5,essential oil,plant,,,,,,25,fish,skinless carp fillets,,anm,single,,tvc,microbial,5.0,7.0,log cfu/g,2.2,2.0,5.6,1.7,3.0,7.5,1.9,1.071,theoretical
0,4,thymol eo,0.5,% (w/w),0.5,essential oil,plant,,,,,,25,fish,skinless carp fillets,,anm,single,,tvc,microbial,5.0,7.0,log cfu/g,2.1,2.0,5.4,1.65,3.0,7.2,1.8,1.029,theoretical
0,4,control,0.0,% (w/w),0.0,none,none,,,,,,25,fish,skinless carp fillets,,,,,tvbn,chemical,20.0,30.0,mg/100g,11.4,1.0,11.4,,2.0,41.0,29.6,1.37,theoretical
0,4,control,0.0,% (w/w),0.0,none,none,,,,,,25,fish,skinless carp fillets,,anm,single,,tvbn,chemical,20.0,30.0,mg/100g,8.4,2.0,26.9,9.25,3.0,64.5,37.6,2.15,theoretical
0,4,control,0.0,% (w/w),0.0,none,none,,,,,,25,fish,skinless carp fillets,,,,,tvbn,chemical,20.0,30.0,mg/100g,7.0,2.0,24.9,8.95,3.0,60.1,35.2,2.0,theoretical
0,4,thymol eo,0.5,% (w/w),0.5,essential oil,plant,,,,,,25,fish,skinless carp fillets,,anm,single,,tvbn,chemical,20.0,30.0,mg/100g,6.9,2.0,21.2,7.15,3.0,42.9,21.7,1.43,theoretical
0,4,thymol eo,0.5,% (w/w),0.5,essential oil,plant,,,,,,25,fish,skinless carp fillets,,anm,single,,tvbn,chemical,20.0,30.0,mg/100g,6.8,2.0,20.7,6.95,3.0,40.6,19.9,1.35,theoretical
0,4,thymol eo,0.5,% (w/w),0.5,essential oil,plant,,,,,,25,fish,skinless carp fillets,,anm,single,,tvbn,chemical,20.0,30.0,mg/100g,6.8,2.0,18.8,6.0,3.0,38.9,20.1,1.3,theoretical
0,4,control,0.0,% (w/w),0.0,none,none,,,,,,25,fish,skinless carp fillets,,,,,pv,chemical,10.0,20.0,meq/kg,1.0,3.0,8.5,2.5,,,,,theoretical
0,4,control,0.0,% (w/w),0.0,none,none,,,,,,25,fish,skinless carp fillets,,anm,single,,pv,chemical,10.0,20.0,meq/kg,1.0,3.0,8.9,2.633,,,,,theoretical
0,4,control,0.0,% (w/w),0.0,none,none,,,,,,25,fish,skinless carp fillets,,,,,pv,chemical,10.0,20.0,meq/kg,1.0,3.0,7.3,2.1,,,,,theoretical
0,4,thymol eo,0.5,% (w/w),0.5,essential oil,plant,,,,,,25,fish,skinless carp fillets,,anm,single,,pv,chemical,10.0,20.0,meq/kg,1.0,3.0,6.63,1.877,,,,,theoretical
0,4,thymol eo,0.5,% (w/w),0.5,essential oil,plant,,,,,,25,fish,skinless carp fillets,,anm,single,,pv,chemical,10.0,20.0,meq/kg,1.0,3.0,4.2,1.067,,,,,theoretical
0,4,thymol eo,0.5,% (w/w),0.5,essential oil,plant,,,,,,25,fish,skinless carp fillets,,anm,single,,pv,chemical,10.0,20.0,meq/kg,1.0,3.0,2.9,0.633,,,,,theoretical
0,4,control,0.0,% (w/w),0.0,none,none,,,,,,25,fish,skinless carp fillets,,,,,tbars,chemical,0.5,2.0,mg mda/kg,0.15,2.0,0.34,0.095,3.0,0.8,0.46,0.4,theoretical
0,4,control,0.0,% (w/w),0.0,none,none,,,,,,25,fish,skinless carp fillets,,,,,tbars,chemical,0.5,2.0,mg mda/kg,0.15,2.0,0.38,0.115,3.0,0.92,0.54,0.46,theoretical
0,4,control,0.0,% (w/w),0.0,none,none,,,,,,25,fish,skinless carp fillets,,,,,tbars,chemical,0.5,2.0,mg mda/kg,0.14,2.0,0.26,0.06,3.0,0.63,0.37,0.32,theoretical
0,4,thymol eo,0.5,% (w/w),0.5,essential oil,plant,,,,,,25,fish,skinless carp fillets,,anm,single,,tbars,chemical,0.5,2.0,mg mda/kg,0.14,3.0,0.25,0.037,,,,,theoretical
0,4,thymol eo,0.5,% (w/w),0.5,essential oil,plant,,,,,,25,fish,skinless carp fillets,,anm,single,,tbars,chemical,0.5,2.0,mg mda/kg,0.14,3.0,0.3,0.053,,,,,theoretical
0,4,thymol eo,0.5,% (w/w),0.5,essential oil,plant,,,,,,25,fish,skinless carp fillets,,anm,single,,tbars,chemical,0.5,2.0,mg mda/kg,0.14,3.0,0.17,0.01,,,,,theoretical
47,1,brevibacillin,1000.0,mic,,peptide,microbial,,,,,,4,shrimp,whole,heat,anm,hybrid_simultaneous,,tvc,microbial,5.0,7.0,log cfu/g,2.43095697,5.0,3.553012498,0.22441110560000005,7.0,5.721824229,1.0844058655,1.1443648458,experimental
47,1,brevibacillin,1000.0,mic,,peptide,microbial,,,,,,4,shrimp,whole,heat,anm,hybrid_simultaneous,,tman,chemical,5.0,15.0,mg n/100g,0.0,9.0,2.812389358,0.31248770644444446,11.0,7.981505871,2.5845582565000003,1.5963011742000002,experimental
47,1,brevibacillin,1000.0,mic,,peptide,microbial,,,,,,4,shrimp,whole,heat,anm,hybrid_simultaneous,,tvbn,chemical,15.0,30.0,mg n/100g,0.0,9.0,4.047096881,0.4496774312222222,11.0,30.08413751,13.018520314500002,2.0056091673333336,experimental
47,1,brevibacillin,1000.0,mic,,peptide,microbial,,,,,,4,shrimp,whole,heat,anm,hybrid_simultaneous,,pv,chemical,5.0,10.0,meq o2/kg,0.200136154,14.0,0.626369978,0.030445273142857145,,,,,experimental
47,1,brevibacillin,1000.0,mic,,peptide,microbial,,,,,,4,shrimp,whole,heat,anm,hybrid_simultaneous,,tvc,microbial,5.0,7.0,log cfu/g,2.411281813,5.0,3.615883611,0.24092035960000002,7.0,5.650636856,1.0173766225,1.1301273712,experimental
47,1,brevibacillin,1000.0,mic,,peptide,microbial,,,,,,4,shrimp,whole,heat,anm,hybrid_simultaneous,,tman,chemical,5.0,15.0,mg n/100g,3.981966619,9.0,1.208223768,-0.3081936501111111,11.0,9.572911277,4.1823437545,1.9145822553999998,experimental
47,1,brevibacillin,1000.0,mic,,peptide,microbial,,,,,,4,shrimp,whole,heat,anm,hybrid_simultaneous,,tvbn,chemical,15.0,30.0,mg n/100g,0.591913957,9.0,5.251126377,0.5176902688888889,11.0,28.85848436,11.8036789915,1.9238989573333332,experimental
47,1,brevibacillin,1000.0,mic,,peptide,microbial,,,,,,4,shrimp,whole,heat,anm,hybrid_simultaneous,,pv,chemical,5.0,10.0,meq o2/kg,0.135619853,14.0,0.542479412,0.029061397071428574,,,,,experimental
47,1,brevibacillin,1000.0,mic,,peptide,microbial,,,,,,4,shrimp,whole,heat,anm,hybrid_simultaneous,,tvc,microbial,5.0,7.0,log cfu/g,2.303125161,5.0,3.551129322,0.24960083219999998,7.0,5.627660981,1.0382658295,1.1255321962,experimental
47,1,brevibacillin,1000.0,mic,,peptide,microbial,,,,,,4,shrimp,whole,heat,anm,hybrid_simultaneous,,tman,chemical,5.0,15.0,mg n/100g,0.194911111,9.0,4.255678519,0.4511963786666667,11.0,11.14892,3.4466207405000002,2.229784,experimental
47,1,brevibacillin,1000.0,mic,,peptide,microbial,,,,,,4,shrimp,whole,heat,anm,hybrid_simultaneous,,tvbn,chemical,15.0,30.0,mg n/100g,2.066057778,9.0,4.255678519,0.24329119344444447,11.0,15.95564,5.8499807405,1.0637093333333334,experimental
47,1,brevibacillin,1000.0,mic,,peptide,microbial,,,,,,4,shrimp,whole,heat,anm,hybrid_simultaneous,,pv,chemical,5.0,10.0,meq o2/kg,0.14201336,14.0,0.568247184,0.03044527314285714,,,,,experimental
48,1,brevibacillin,500.0,mic,,peptide,microbial,,,,,,4,shrimp,whole,heat,anm,hybrid_simultaneous,,tvc,microbial,5.0,7.0,log cfu/g,1.920724647,5.0,4.246959258,0.4652469222000001,7.0,6.044945693,0.8989932174999997,1.2089891386,experimental
48,1,brevibacillin,500.0,mic,,peptide,microbial,,,,,,4,shrimp,whole,heat,anm,hybrid_simultaneous,,tman,chemical,5.0,15.0,mg n/100g,0.0,9.0,3.195549858,0.35506109533333335,11.0,6.756532929,1.7804915354999997,1.3513065858,experimental
48,1,brevibacillin,500.0,mic,,peptide,microbial,,,,,,4,shrimp,whole,heat,anm,hybrid_simultaneous,,tvbn,chemical,15.0,30.0,mg n/100g,1.707693543,9.0,5.304612764,0.3996576912222222,11.0,18.04765172,6.371519478000001,1.2031767813333334,experimental
48,1,brevibacillin,500.0,mic,,peptide,microbial,,,,,,4,shrimp,whole,heat,anm,hybrid_simultaneous,,pv,chemical,5.0,10.0,meq o2/kg,0.3293625,14.0,0.548872919,0.015679315642857145,,,,,experimental
48,1,brevibacillin,500.0,mic,,peptide,microbial,,,,,,4,shrimp,whole,heat,anm,hybrid_simultaneous,,tvc,microbial,5.0,7.0,log cfu/g,2.32378645,5.0,3.83316942,0.301876594,7.0,6.219620651,1.1932256154999998,1.2439241302,experimental
48,1,brevibacillin,500.0,mic,,peptide,microbial,,,,,,4,shrimp,whole,heat,anm,hybrid_simultaneous,,tman,chemical,5.0,15.0,mg n/100g,5.402299259,9.0,1.192450256,-0.4677610003333334,1.0,5.402299259,4209849.0030000005,1.0804598518000001,experimental
48,1,brevibacillin,500.0,mic,,peptide,microbial,,,,,,4,shrimp,whole,heat,anm,hybrid_simultaneous,,tvbn,chemical,15.0,30.0,mg n/100g,0.0,11.0,12.73701333,1.1579103027272728,14.0,76.60604,21.289675556666666,5.107069333333333,experimental
48,1,brevibacillin,500.0,mic,,peptide,microbial,,,,,,4,shrimp,whole,heat,anm,hybrid_simultaneous,,pv,chemical,5.0,10.0,meq o2/kg,0.232491176,14.0,0.555460169,0.02306921378571428,,,,,experimental
48,1,brevibacillin,500.0,mic,,peptide,microbial,,,,,,4,shrimp,whole,heat,anm,hybrid_simultaneous,,tvc,microbial,5.0,7.0,log cfu/g,2.243656485,5.0,3.582955709,0.2678598448000001,7.0,5.733739869,1.0753920799999999,1.1467479738,experimental
48,1,brevibacillin,500.0,mic,,peptide,microbial,,,,,,4,shrimp,whole,heat,anm,hybrid_simultaneous,,tman,chemical,5.0,15.0,mg n/100g,0.47036,9.0,1.659732579,0.1321525087777778,11.0,5.131354188,1.7358108045000002,1.0262708376,experimental
48,1,brevibacillin,500.0,mic,,peptide,microbial,,,,,,4,shrimp,whole,heat,anm,hybrid_simultaneous,,tvbn,chemical,15.0,30.0,mg n/100g,0.59864,11.0,13.7635388,1.1968089818181817,14.0,51.63041333,12.622291510000002,3.4420275553333335,experimental
48,1,brevibacillin,500.0,mic,,peptide,microbial,,,,,,4,shrimp,whole,heat,anm,hybrid_simultaneous,,pv,chemical,5.0,10.0,meq o2/kg,0.290613971,14.0,0.503730882,0.015222636500000001,,,,,experimental
49,1,sunflower lecithin,0.3,%,,lipid,plant,,,,,,4,shrimp,whole,heat,anm,hybrid_simultaneous,,tvc,microbial,5.0,7.0,log cfu/g,2.674932218,5.0,4.312926096,0.3275987756,7.0,5.725791154,0.7064325290000002,1.1451582308000001,experimental
49,1,sunflower lecithin,0.3,%,,lipid,plant,,,,,,4,shrimp,whole,heat,anm,hybrid_simultaneous,,tman,chemical,5.0,15.0,mg n/100g,0.0,7.0,0.0,0.0,9.0,20.59616131,10.298080655,4.119232262,experimental
49,1,sunflower lecithin,0.3,%,,lipid,plant,,,,,,4,shrimp,whole,heat,anm,hybrid_simultaneous,,tvbn,chemical,15.0,30.0,mg n/100g,1.35604,7.0,0.0,-0.19371999999999998,9.0,22.13537621,11.067688105,1.4756917473333333,experimental
49,1,sunflower lecithin,0.3,%,,lipid,plant,,,,,,4,shrimp,whole,heat,anm,hybrid_simultaneous,,pv,chemical,5.0,10.0,meq o2/kg,0.0,14.0,0.232491176,0.01660651257142857,,,,,experimental
49,1,sunflower lecithin,0.3,%,,lipid,plant,,,,,,4,shrimp,whole,heat,anm,hybrid_simultaneous,,tvc,microbial,5.0,7.0,log cfu/g,2.424354304,5.0,4.197079048,0.3545449488,7.0,5.667454161,0.7351875565000001,1.1334908322000001,experimental
49,1,sunflower lecithin,0.3,%,,lipid,plant,,,,,,4,shrimp,whole,heat,anm,hybrid_simultaneous,,tman,chemical,5.0,15.0,mg n/100g,0.0,7.0,0.0,0.0,9.0,21.54503556,10.77251778,4.309007112,experimental
49,1,sunflower lecithin,0.3,%,,lipid,plant,,,,,,4,shrimp,whole,heat,anm,hybrid_simultaneous,,tvbn,chemical,15.0,30.0,mg n/100g,1.222099487,7.0,0.0,-0.17458564099999999,9.0,27.52284889,13.761424445,1.8348565926666667,experimental
49,1,sunflower lecithin,0.3,%,,lipid,plant,,,,,,4,shrimp,whole,heat,anm,hybrid_simultaneous,,pv,chemical,5.0,10.0,meq o2/kg,0.071103551,14.0,0.503730882,0.030901952214285718,,,,,experimental
49,1,sunflower lecithin,0.3,%,,lipid,plant,,,,,,4,shrimp,whole,heat,anm,hybrid_simultaneous,,tvc,microbial,5.0,7.0,log cfu/g,2.640438483,5.0,4.235097286,0.31893176060000006,7.0,5.664466391,0.7146845525000001,1.1328932782,experimental
49,1,sunflower lecithin,0.3,%,,lipid,plant,,,,,,4,shrimp,whole,heat,anm,hybrid_simultaneous,,tman,chemical,5.0,15.0,mg n/100g,0.419942322,7.0,0.0,-0.059991760285714284,9.0,12.37348,6.18674,2.4746960000000002,experimental
49,1,sunflower lecithin,0.3,%,,lipid,plant,,,,,,4,shrimp,whole,heat,anm,hybrid_simultaneous,,tvbn,chemical,15.0,30.0,mg n/100g,0.419942322,7.0,0.0,-0.059991760285714284,9.0,22.6198,11.3099,1.5079866666666668,experimental
49,1,sunflower lecithin,0.3,%,,lipid,plant,,,,,,4,shrimp,whole,heat,anm,hybrid_simultaneous,,pv,chemical,5.0,10.0,meq o2/kg,0.0,14.0,0.626369978,0.044740712714285716,,,,,experimental
49,2,lime extract,9.0,%,,phenol,plant,,,,,,4,shrimp,whole,heat,anm,hybrid_simultaneous,,tvc,microbial,5.0,7.0,log cfu/g,2.674932218,5.0,4.312926096,0.3275987756,7.0,5.725791154,0.7064325290000002,1.1451582308000001,experimental
49,2,lime extract,9.0,%,,phenol,plant,,,,,,4,shrimp,whole,heat,anm,hybrid_simultaneous,,tman,chemical,5.0,15.0,mg n/100g,0.0,7.0,0.0,0.0,9.0,20.59616131,10.298080655,4.119232262,experimental
49,2,lime extract,9.0,%,,phenol,plant,,,,,,4,shrimp,whole,heat,anm,hybrid_simultaneous,,tvbn,chemical,15.0,30.0,mg n/100g,1.35604,7.0,0.0,-0.19371999999999998,9.0,22.13537621,11.067688105,1.4756917473333333,experimental
49,2,lime extract,9.0,%,,phenol,plant,,,,,,4,shrimp,whole,heat,anm,hybrid_simultaneous,,pv,chemical,5.0,10.0,meq o2/kg,0.0,14.0,0.232491176,0.01660651257142857,,,,,experimental
49,2,lime extract,9.0,%,,phenol,plant,,,,,,4,shrimp,whole,heat,anm,hybrid_simultaneous,,tvc,microbial,5.0,7.0,log cfu/g,2.424354304,5.0,4.197079048,0.3545449488,7.0,5.667454161,0.7351875565000001,1.1334908322000001,experimental
49,2,lime extract,9.0,%,,phenol,plant,,,,,,4,shrimp,whole,heat,anm,hybrid_simultaneous,,tman,chemical,5.0,15.0,mg n/100g,0.0,7.0,0.0,0.0,9.0,21.54503556,10.77251778,4.309007112,experimental
49,2,lime extract,9.0,%,,phenol,plant,,,,,,4,shrimp,whole,heat,anm,hybrid_simultaneous,,tvbn,chemical,15.0,30.0,mg n/100g,1.222099487,7.0,0.0,-0.17458564099999999,9.0,27.52284889,13.761424445,1.8348565926666667,experimental
49,2,lime extract,9.0,%,,phenol,plant,,,,,,4,shrimp,whole,heat,anm,hybrid_simultaneous,,pv,chemical,5.0,10.0,meq o2/kg,0.071103551,14.0,0.503730882,0.030901952214285718,,,,,experimental
49,2,lime extract,9.0,%,,phenol,plant,,,,,,4,shrimp,whole,heat,anm,hybrid_simultaneous,,tvc,microbial,5.0,7.0,log cfu/g,2.640438483,5.0,4.235097286,0.31893176060000006,7.0,5.664466391,0.7146845525000001,1.1328932782,experimental
49,2,lime extract,9.0,%,,phenol,plant,,,,,,4,shrimp,whole,heat,anm,hybrid_simultaneous,,tman,chemical,5.0,15.0,mg n/100g,0.419942322,7.0,0.0,-0.059991760285714284,9.0,12.37348,6.18674,2.4746960000000002,experimental
49,2,lime extract,9.0,%,,phenol,plant,,,,,,4,shrimp,whole,heat,anm,hybrid_simultaneous,,tvbn,chemical,15.0,30.0,mg n/100g,0.419942322,7.0,0.0,-0.059991760285714284,9.0,22.6198,11.3099,1.5079866666666668,experimental
49,2,lime extract,9.0,%,,phenol,plant,,,,,,4,shrimp,whole,heat,anm,hybrid_simultaneous,,pv,chemical,5.0,10.0,meq o2/kg,0.0,14.0,0.626369978,0.044740712714285716,,,,,experimental
49,3,lime oil,9.5,%,,essential oil,plant,,,,,,4,shrimp,whole,heat,anm,hybrid_simultaneous,,tvc,microbial,5.0,7.0,log cfu/g,2.674932218,5.0,4.312926096,0.3275987756,7.0,5.725791154,0.7064325290000002,1.1451582308000001,experimental
49,3,lime oil,9.5,%,,essential oil,plant,,,,,,4,shrimp,whole,heat,anm,hybrid_simultaneous,,tman,chemical,5.0,15.0,mg n/100g,0.0,7.0,0.0,0.0,9.0,20.59616131,10.298080655,4.119232262,experimental
49,3,lime oil,9.5,%,,essential oil,plant,,,,,,4,shrimp,whole,heat,anm,hybrid_simultaneous,,tvbn,chemical,15.0,30.0,mg n/100g,1.35604,7.0,0.0,-0.19371999999999998,9.0,22.13537621,11.067688105,1.4756917473333333,experimental
49,3,lime oil,9.5,%,,essential oil,plant,,,,,,4,shrimp,whole,heat,anm,hybrid_simultaneous,,pv,chemical,5.0,10.0,meq o2/kg,0.0,14.0,0.232491176,0.01660651257142857,,,,,experimental
49,3,lime oil,9.5,%,,essential oil,plant,,,,,,4,shrimp,whole,heat,anm,hybrid_simultaneous,,tvc,microbial,5.0,7.0,log cfu/g,2.424354304,5.0,4.197079048,0.3545449488,7.0,5.667454161,0.7351875565000001,1.1334908322000001,experimental
49,3,lime oil,9.5,%,,essential oil,plant,,,,,,4,shrimp,whole,heat,anm,hybrid_simultaneous,,tman,chemical,5.0,15.0,mg n/100g,0.0,7.0,0.0,0.0,9.0,21.54503556,10.77251778,4.309007112,experimental
49,3,lime oil,9.5,%,,essential oil,plant,,,,,,4,shrimp,whole,heat,anm,hybrid_simultaneous,,tvbn,chemical,15.0,30.0,mg n/100g,1.222099487,7.0,0.0,-0.17458564099999999,9.0,27.52284889,13.761424445,1.8348565926666667,experimental
49,3,lime oil,9.5,%,,essential oil,plant,,,,,,4,shrimp,whole,heat,anm,hybrid_simultaneous,,pv,chemical,5.0,10.0,meq o2/kg,0.071103551,14.0,0.503730882,0.030901952214285718,,,,,experimental
49,3,lime oil,9.5,%,,essential oil,plant,,,,,,4,shrimp,whole,heat,anm,hybrid_simultaneous,,tvc,microbial,5.0,7.0,log cfu/g,2.640438483,5.0,4.235097286,0.31893176060000006,7.0,5.664466391,0.7146845525000001,1.1328932782,experimental
49,3,lime oil,9.5,%,,essential oil,plant,,,,,,4,shrimp,whole,heat,anm,hybrid_simultaneous,,tman,chemical,5.0,15.0,mg n/100g,0.419942322,7.0,0.0,-0.059991760285714284,9.0,12.37348,6.18674,2.4746960000000002,experimental
49,3,lime oil,9.5,%,,essential oil,plant,,,,,,4,shrimp,whole,heat,anm,hybrid_simultaneous,,tvbn,chemical,15.0,30.0,mg n/100g,0.419942322,7.0,0.0,-0.059991760285714284,9.0,22.6198,11.3099,1.5079866666666668,experimental
49,3,lime oil,9.5,%,,essential oil,plant,,,,,,4,shrimp,whole,heat,anm,hybrid_simultaneous,,pv,chemical,5.0,10.0,meq o2/kg,0.0,14.0,0.626369978,0.044740712714285716,,,,,experimental
49,4,lemon oil,0.5,%,,essential oil,plant,,,,,,4,shrimp,whole,heat,anm,hybrid_simultaneous,,tvc,microbial,5.0,7.0,log cfu/g,2.674932218,5.0,4.312926096,0.3275987756,7.0,5.725791154,0.7064325290000002,1.1451582308000001,experimental
49,4,lemon oil,0.5,%,,essential oil,plant,,,,,,4,shrimp,whole,heat,anm,hybrid_simultaneous,,tman,chemical,5.0,15.0,mg n/100g,0.0,7.0,0.0,0.0,9.0,20.59616131,10.298080655,4.119232262,experimental
49,4,lemon oil,0.5,%,,essential oil,plant,,,,,,4,shrimp,whole,heat,anm,hybrid_simultaneous,,tvbn,chemical,15.0,30.0,mg n/100g,1.35604,7.0,0.0,-0.19371999999999998,9.0,22.13537621,11.067688105,1.4756917473333333,experimental
49,4,lemon oil,0.5,%,,essential oil,plant,,,,,,4,shrimp,whole,heat,anm,hybrid_simultaneous,,pv,chemical,5.0,10.0,meq o2/kg,0.0,14.0,0.232491176,0.01660651257142857,,,,,experimental
49,4,lemon oil,0.5,%,,essential oil,plant,,,,,,4,shrimp,whole,heat,anm,hybrid_simultaneous,,tvc,microbial,5.0,7.0,log cfu/g,2.424354304,5.0,4.197079048,0.3545449488,7.0,5.667454161,0.7351875565000001,1.1334908322000001,experimental
49,4,lemon oil,0.5,%,,essential oil,plant,,,,,,4,shrimp,whole,heat,anm,hybrid_simultaneous,,tman,chemical,5.0,15.0,mg n/100g,0.0,7.0,0.0,0.0,9.0,21.54503556,10.77251778,4.309007112,experimental
49,4,lemon oil,0.5,%,,essential oil,plant,,,,,,4,shrimp,whole,heat,anm,hybrid_simultaneous,,tvbn,chemical,15.0,30.0,mg n/100g,1.222099487,7.0,0.0,-0.17458564099999999,9.0,27.52284889,13.761424445,1.8348565926666667,experimental
49,4,lemon oil,0.5,%,,essential oil,plant,,,,,,4,shrimp,whole,heat,anm,hybrid_simultaneous,,pv,chemical,5.0,10.0,meq o2/kg,0.071103551,14.0,0.503730882,0.030901952214285718,,,,,experimental
49,4,lemon oil,0.5,%,,essential oil,plant,,,,,,4,shrimp,whole,heat,anm,hybrid_simultaneous,,tvc,microbial,5.0,7.0,log cfu/g,2.640438483,5.0,4.235097286,0.31893176060000006,7.0,5.664466391,0.7146845525000001,1.1328932782,experimental
49,4,lemon oil,0.5,%,,essential oil,plant,,,,,,4,shrimp,whole,heat,anm,hybrid_simultaneous,,tman,chemical,5.0,15.0,mg n/100g,0.419942322,7.0,0.0,-0.059991760285714284,9.0,12.37348,6.18674,2.4746960000000002,experimental
49,4,lemon oil,0.5,%,,essential oil,plant,,,,,,4,shrimp,whole,heat,anm,hybrid_simultaneous,,tvbn,chemical,15.0,30.0,mg n/100g,0.419942322,7.0,0.0,-0.059991760285714284,9.0,22.6198,11.3099,1.5079866666666668,experimental
49,4,lemon oil,0.5,%,,essential oil,plant,,,,,,4,shrimp,whole,heat,anm,hybrid_simultaneous,,pv,chemical,5.0,10.0,meq o2/kg,0.0,14.0,0.626369978,0.044740712714285716,,,,,experimental
49,5,orange oil,1.3,%,,essential oil,plant,,,,,,4,shrimp,whole,heat,anm,hybrid_simultaneous,,tvc,microbial,5.0,7.0,log cfu/g,2.674932218,5.0,4.312926096,0.3275987756,7.0,5.725791154,0.7064325290000002,1.1451582308000001,experimental
49,5,orange oil,1.3,%,,essential oil,plant,,,,,,4,shrimp,whole,heat,anm,hybrid_simultaneous,,tman,chemical,5.0,15.0,mg n/100g,0.0,7.0,0.0,0.0,9.0,20.59616131,10.298080655,4.119232262,experimental
49,5,orange oil,1.3,%,,essential oil,plant,,,,,,4,shrimp,whole,heat,anm,hybrid_simultaneous,,tvbn,chemical,15.0,30.0,mg n/100g,1.35604,7.0,0.0,-0.19371999999999998,9.0,22.13537621,11.067688105,1.4756917473333333,experimental
49,5,orange oil,1.3,%,,essential oil,plant,,,,,,4,shrimp,whole,heat,anm,hybrid_simultaneous,,pv,chemical,5.0,10.0,meq o2/kg,0.0,14.0,0.232491176,0.01660651257142857,,,,,experimental
49,5,orange oil,1.3,%,,essential oil,plant,,,,,,4,shrimp,whole,heat,anm,hybrid_simultaneous,,tvc,microbial,5.0,7.0,log cfu/g,2.424354304,5.0,4.197079048,0.3545449488,7.0,5.667454161,0.7351875565000001,1.1334908322000001,experimental
49,5,orange oil,1.3,%,,essential oil,plant,,,,,,4,shrimp,whole,heat,anm,hybrid_simultaneous,,tman,chemical,5.0,15.0,mg n/100g,0.0,7.0,0.0,0.0,9.0,21.54503556,10.77251778,4.309007112,experimental
49,5,orange oil,1.3,%,,essential oil,plant,,,,,,4,shrimp,whole,heat,anm,hybrid_simultaneous,,tvbn,chemical,15.0,30.0,mg n/100g,1.222099487,7.0,0.0,-0.17458564099999999,9.0,27.52284889,13.761424445,1.8348565926666667,experimental
49,5,orange oil,1.3,%,,essential oil,plant,,,,,,4,shrimp,whole,heat,anm,hybrid_simultaneous,,pv,chemical,5.0,10.0,meq o2/kg,0.071103551,14.0,0.503730882,0.030901952214285718,,,,,experimental
49,5,orange oil,1.3,%,,essential oil,plant,,,,,,4,shrimp,whole,heat,anm,hybrid_simultaneous,,tvc,microbial,5.0,7.0,log cfu/g,2.640438483,5.0,4.235097286,0.31893176060000006,7.0,5.664466391,0.7146845525000001,1.1328932782,experimental
49,5,orange oil,1.3,%,,essential oil,plant,,,,,,4,shrimp,whole,heat,anm,hybrid_simultaneous,,tman,chemical,5.0,15.0,mg n/100g,0.419942322,7.0,0.0,-0.059991760285714284,9.0,12.37348,6.18674,2.4746960000000002,experimental
49,5,orange oil,1.3,%,,essential oil,plant,,,,,,4,shrimp,whole,heat,anm,hybrid_simultaneous,,tvbn,chemical,15.0,30.0,mg n/100g,0.419942322,7.0,0.0,-0.059991760285714284,9.0,22.6198,11.3099,1.5079866666666668,experimental
49,5,orange oil,1.3,%,,essential oil,plant,,,,,,4,shrimp,whole,heat,anm,hybrid_simultaneous,,pv,chemical,5.0,10.0,meq o2/kg,0.0,14.0,0.626369978,0.044740712714285716,,,,,experimental
50,1,garlic extract,0.025,%,,phenol,plant,,,,,,4,shrimp,whole,heat,anm,hybrid_simultaneous,,tvc,microbial,5.0,7.0,log cfu/g,2.609226307,5.0,4.769361885,0.43202711560000007,7.0,5.337508451,0.2840732829999997,1.0675016901999999,experimental
50,1,garlic extract,0.025,%,,phenol,plant,,,,,,4,shrimp,whole,heat,anm,hybrid_simultaneous,,tman,chemical,5.0,15.0,mg n/100g,0.381419048,14.0,2.026382679,0.11749740221428573,,,,,experimental
50,1,garlic extract,0.025,%,,phenol,plant,,,,,,4,shrimp,whole,heat,anm,hybrid_simultaneous,,tvbn,chemical,15.0,30.0,mg n/100g,0.839121905,11.0,1.310177732,0.04282325700000001,14.0,15.86168511,4.850502459333334,1.057445674,experimental
50,1,garlic extract,0.025,%,,phenol,plant,,,,,,4,shrimp,whole,heat,anm,hybrid_simultaneous,,pv,chemical,5.0,10.0,meq o2/kg,0.529498654,14.0,0.613582963,0.006006022071428577,,,,,experimental
50,1,garlic extract,0.025,%,,phenol,plant,,,,,,4,shrimp,whole,heat,anm,hybrid_simultaneous,,tvc,microbial,5.0,7.0,log cfu/g,2.591226589,5.0,4.573436213,0.39644192479999996,7.0,5.49705859,0.4618111885,1.099411718,experimental
50,1,garlic extract,0.025,%,,phenol,plant,,,,,,4,shrimp,whole,heat,anm,hybrid_simultaneous,,tman,chemical,5.0,15.0,mg n/100g,0.397629787,14.0,0.703020969,0.021813655857142854,,,,,experimental
50,1,garlic extract,0.025,%,,phenol,plant,,,,,,4,shrimp,whole,heat,anm,hybrid_simultaneous,,tvbn,chemical,15.0,30.0,mg n/100g,2.306252766,11.0,6.233888889,0.3570578293636364,14.0,15.27472832,3.013613143666666,1.0183152213333333,experimental
50,1,garlic extract,0.025,%,,phenol,plant,,,,,,4,shrimp,whole,heat,anm,hybrid_simultaneous,,pv,chemical,5.0,10.0,meq o2/kg,0.600602206,14.0,0.387485294,-0.015222636571428574,,,,,experimental
50,1,garlic extract,0.025,%,,phenol,plant,,,,,,4,shrimp,whole,heat,anm,hybrid_simultaneous,,tvc,microbial,5.0,7.0,log cfu/g,2.596008719,5.0,4.553381845,0.3914746252,7.0,5.46984683,0.4582324925000001,1.093969366,experimental
50,1,garlic extract,0.025,%,,phenol,plant,,,,,,4,shrimp,whole,heat,anm,hybrid_simultaneous,,tman,chemical,5.0,15.0,mg n/100g,2.441081905,14.0,1.453158519,-0.07056595614285713,,,,,experimental
50,1,garlic extract,0.025,%,,phenol,plant,,,,,,4,shrimp,whole,heat,anm,hybrid_simultaneous,,tvbn,chemical,15.0,30.0,mg n/100g,3.12763619,11.0,9.744966197,0.6015754551818181,14.0,19.82523407,3.360089291,1.3216822713333334,experimental
50,1,garlic extract,0.025,%,,phenol,plant,,,,,,4,shrimp,whole,heat,anm,hybrid_simultaneous,,pv,chemical,5.0,10.0,meq o2/kg,0.200136154,14.0,0.561853676,0.025836965857142857,,,,,experimental
50,2,grape and blueberry,0.2,%,,phenol,plant,,,,,,4,shrimp,whole,heat,anm,hybrid_simultaneous,,tvc,microbial,5.0,7.0,log cfu/g,2.609226307,5.0,4.769361885,0.43202711560000007,7.0,5.337508451,0.2840732829999997,1.0675016901999999,experimental
50,2,grape and blueberry,0.2,%,,phenol,plant,,,,,,4,shrimp,whole,heat,anm,hybrid_simultaneous,,tman,chemical,5.0,15.0,mg n/100g,0.381419048,14.0,2.026382679,0.11749740221428573,,,,,experimental
50,2,grape and blueberry,0.2,%,,phenol,plant,,,,,,4,shrimp,whole,heat,anm,hybrid_simultaneous,,tvbn,chemical,15.0,30.0,mg n/100g,0.839121905,11.0,1.310177732,0.04282325700000001,14.0,15.86168511,4.850502459333334,1.057445674,experimental
50,2,grape and blueberry,0.2,%,,phenol,plant,,,,,,4,shrimp,whole,heat,anm,hybrid_simultaneous,,pv,chemical,5.0,10.0,meq o2/kg,0.529498654,14.0,0.613582963,0.006006022071428577,,,,,experimental
50,2,grape and blueberry,0.2,%,,phenol,plant,,,,,,4,shrimp,whole,heat,anm,hybrid_simultaneous,,tvc,microbial,5.0,7.0,log cfu/g,2.591226589,5.0,4.573436213,0.39644192479999996,7.0,5.49705859,0.4618111885,1.099411718,experimental
50,2,grape and blueberry,0.2,%,,phenol,plant,,,,,,4,shrimp,whole,heat,anm,hybrid_simultaneous,,tman,chemical,5.0,15.0,mg n/100g,0.397629787,14.0,0.703020969,0.021813655857142854,,,,,experimental
50,2,grape and blueberry,0.2,%,,phenol,plant,,,,,,4,shrimp,whole,heat,anm,hybrid_simultaneous,,tvbn,chemical,15.0,30.0,mg n/100g,2.306252766,11.0,6.233888889,0.3570578293636364,14.0,15.27472832,3.013613143666666,1.0183152213333333,experimental
50,2,grape and blueberry,0.2,%,,phenol,plant,,,,,,4,shrimp,whole,heat,anm,hybrid_simultaneous,,pv,chemical,5.0,10.0,meq o2/kg,0.600602206,14.0,0.387485294,-0.015222636571428574,,,,,experimental
50,2,grape and blueberry,0.2,%,,phenol,plant,,,,,,4,shrimp,whole,heat,anm,hybrid_simultaneous,,tvc,microbial,5.0,7.0,log cfu/g,2.596008719,5.0,4.553381845,0.3914746252,7.0,5.46984683,0.4582324925000001,1.093969366,experimental
50,2,grape and blueberry,0.2,%,,phenol,plant,,,,,,4,shrimp,whole,heat,anm,hybrid_simultaneous,,tman,chemical,5.0,15.0,mg n/100g,2.441081905,14.0,1.453158519,-0.07056595614285713,,,,,experimental
50,2,grape and blueberry,0.2,%,,phenol,plant,,,,,,4,shrimp,whole,heat,anm,hybrid_simultaneous,,tvbn,chemical,15.0,30.0,mg n/100g,3.12763619,11.0,9.744966197,0.6015754551818181,14.0,19.82523407,3.360089291,1.3216822713333334,experimental
50,2,grape and blueberry,0.2,%,,phenol,plant,,,,,,4,shrimp,whole,heat,anm,hybrid_simultaneous,,pv,chemical,5.0,10.0,meq o2/kg,0.200136154,14.0,0.561853676,0.025836965857142857,,,,,experimental
50,3,cranberry,0.2,%,,phenol,plant,,,,,,4,shrimp,whole,heat,anm,hybrid_simultaneous,,tvc,microbial,5.0,7.0,log cfu/g,2.609226307,5.0,4.769361885,0.43202711560000007,7.0,5.337508451,0.2840732829999997,1.0675016901999999,experimental
50,3,cranberry,0.2,%,,phenol,plant,,,,,,4,shrimp,whole,heat,anm,hybrid_simultaneous,,tman,chemical,5.0,15.0,mg n/100g,0.381419048,14.0,2.026382679,0.11749740221428573,,,,,experimental
50,3,cranberry,0.2,%,,phenol,plant,,,,,,4,shrimp,whole,heat,anm,hybrid_simultaneous,,tvbn,chemical,15.0,30.0,mg n/100g,0.839121905,11.0,1.310177732,0.04282325700000001,14.0,15.86168511,4.850502459333334,1.057445674,experimental
50,3,cranberry,0.2,%,,phenol,plant,,,,,,4,shrimp,whole,heat,anm,hybrid_simultaneous,,pv,chemical,5.0,10.0,meq o2/kg,0.529498654,14.0,0.613582963,0.006006022071428577,,,,,experimental
50,3,cranberry,0.2,%,,phenol,plant,,,,,,4,shrimp,whole,heat,anm,hybrid_simultaneous,,tvc,microbial,5.0,7.0,log cfu/g,2.591226589,5.0,4.573436213,0.39644192479999996,7.0,5.49705859,0.4618111885,1.099411718,experimental
50,3,cranberry,0.2,%,,phenol,plant,,,,,,4,shrimp,whole,heat,anm,hybrid_simultaneous,,tman,chemical,5.0,15.0,mg n/100g,0.397629787,14.0,0.703020969,0.021813655857142854,,,,,experimental
50,3,cranberry,0.2,%,,phenol,plant,,,,,,4,shrimp,whole,heat,anm,hybrid_simultaneous,,tvbn,chemical,15.0,30.0,mg n/100g,2.306252766,11.0,6.233888889,0.3570578293636364,14.0,15.27472832,3.013613143666666,1.0183152213333333,experimental
50,3,cranberry,0.2,%,,phenol,plant,,,,,,4,shrimp,whole,heat,anm,hybrid_simultaneous,,pv,chemical,5.0,10.0,meq o2/kg,0.600602206,14.0,0.387485294,-0.015222636571428574,,,,,experimental
50,3,cranberry,0.2,%,,phenol,plant,,,,,,4,shrimp,whole,heat,anm,hybrid_simultaneous,,tvc,microbial,5.0,7.0,log cfu/g,2.596008719,5.0,4.553381845,0.3914746252,7.0,5.46984683,0.4582324925000001,1.093969366,experimental
50,3,cranberry,0.2,%,,phenol,plant,,,,,,4,shrimp,whole,heat,anm,hybrid_simultaneous,,tman,chemical,5.0,15.0,mg n/100g,2.441081905,14.0,1.453158519,-0.07056595614285713,,,,,experimental
50,3,cranberry,0.2,%,,phenol,plant,,,,,,4,shrimp,whole,heat,anm,hybrid_simultaneous,,tvbn,chemical,15.0,30.0,mg n/100g,3.12763619,11.0,9.744966197,0.6015754551818181,14.0,19.82523407,3.360089291,1.3216822713333334,experimental
50,3,cranberry,0.2,%,,phenol,plant,,,,,,4,shrimp,whole,heat,anm,hybrid_simultaneous,,pv,chemical,5.0,10.0,meq o2/kg,0.200136154,14.0,0.561853676,0.025836965857142857,,,,,experimental
51,1,nisin,1000.0,mic,,protein,microbial,,,,,,4,shrimp,whole,heat,anm,hybrid_simultaneous,,tvc,microbial,5.0,7.0,log cfu/g,2.152344792,7.0,4.882346322,0.3900002185714286,9.0,5.728984292,0.42331898499999987,1.1457968584,experimental
51,1,nisin,1000.0,mic,,protein,microbial,,,,,,4,shrimp,whole,heat,anm,hybrid_simultaneous,,tman,chemical,5.0,15.0,mg n/100g,2.60389284,11.0,1.733950993,-0.07908562245454544,14.0,12.5660346,3.6106945356666666,2.51320692,experimental
51,1,nisin,1000.0,mic,,protein,microbial,,,,,,4,shrimp,whole,heat,anm,hybrid_simultaneous,,tvbn,chemical,15.0,30.0,mg n/100g,1.606657284,14.0,0.0,-0.11476123457142857,,,,,experimental
51,1,nisin,1000.0,mic,,protein,microbial,,,,,,4,shrimp,whole,heat,anm,hybrid_simultaneous,,pv,chemical,5.0,10.0,meq o2/kg,0.322968993,14.0,0.0,-0.023069213785714283,,,,,experimental
51,1,nisin,1000.0,mic,,protein,microbial,,,,,,4,shrimp,whole,heat,anm,hybrid_simultaneous,,tvc,microbial,5.0,7.0,log cfu/g,1.856725528,5.0,3.559911855,0.34063726540000006,7.0,5.407336339,0.9237122420000001,1.0814672678000001,experimental
51,1,nisin,1000.0,mic,,protein,microbial,,,,,,4,shrimp,whole,heat,anm,hybrid_simultaneous,,tman,chemical,5.0,15.0,mg n/100g,1.482606437,9.0,1.712783614,0.02557524188888887,11.0,7.845987692,3.0666020389999997,1.5691975383999999,experimental
51,1,nisin,1000.0,mic,,protein,microbial,,,,,,4,shrimp,whole,heat,anm,hybrid_simultaneous,,tvbn,chemical,15.0,30.0,mg n/100g,1.09583954,11.0,9.681516923,0.7805161257272727,14.0,51.03765124,13.785378105666666,3.4025100826666668,experimental
51,1,nisin,1000.0,mic,,protein,microbial,,,,,,4,shrimp,whole,heat,anm,hybrid_simultaneous,,pv,chemical,5.0,10.0,meq o2/kg,0.161387625,14.0,0.025767772,-0.009687132357142858,,,,,experimental
51,1,nisin,1000.0,mic,,protein,microbial,,,,,,4,shrimp,whole,heat,anm,hybrid_simultaneous,,tvc,microbial,5.0,7.0,log cfu/g,1.70166752,7.0,4.996125083,0.4706367947142857,9.0,5.208591518,0.10623321750000025,1.0417183036000002,experimental
51,1,nisin,1000.0,mic,,protein,microbial,,,,,,4,shrimp,whole,heat,anm,hybrid_simultaneous,,tman,chemical,5.0,15.0,mg n/100g,0.652878519,9.0,0.820511398,0.018625875444444433,11.0,14.1805803,6.680034451,2.83611606,experimental
51,1,nisin,1000.0,mic,,protein,microbial,,,,,,4,shrimp,whole,heat,anm,hybrid_simultaneous,,tvbn,chemical,15.0,30.0,mg n/100g,1.36510963,9.0,3.716433978,0.26125826088888887,11.0,16.21175095,6.247658486,1.0807833966666667,experimental
51,1,nisin,1000.0,mic,,protein,microbial,,,,,,4,shrimp,whole,heat,anm,hybrid_simultaneous,,pv,chemical,5.0,10.0,meq o2/kg,0.0,14.0,0.0,0.0,,,,,experimental
52,1,nisin,500.0,mic,,protein,microbial,,,,,,4,shrimp,whole,heat,anm,hybrid_simultaneous,,tvc,microbial,5.0,7.0,log cfu/g,2.094736547,5.0,3.480874821,0.2772276548,7.0,5.114008074,0.8165666265,1.0228016148,experimental
52,1,nisin,500.0,mic,,protein,microbial,,,,,,4,shrimp,whole,heat,anm,hybrid_simultaneous,,tman,chemical,5.0,15.0,mg n/100g,1.82231451,11.0,4.706438411,0.2621930819090909,14.0,17.06738716,4.120316249666666,3.4134774319999996,experimental
52,1,nisin,500.0,mic,,protein,microbial,,,,,,4,shrimp,whole,heat,anm,hybrid_simultaneous,,tvbn,chemical,15.0,30.0,mg n/100g,1.728056863,11.0,8.570672053,0.6220559263636363,14.0,52.23174864,14.553692195666665,3.482116576,experimental
52,1,nisin,500.0,mic,,protein,microbial,,,,,,4,shrimp,whole,heat,anm,hybrid_simultaneous,,pv,chemical,5.0,10.0,meq o2/kg,0.045142037,14.0,0.374504537,0.023525892857142856,,,,,experimental
52,1,nisin,500.0,mic,,protein,microbial,,,,,,4,shrimp,whole,heat,anm,hybrid_simultaneous,,tvc,microbial,5.0,7.0,log cfu/g,2.039976834,7.0,4.52160901,0.35451888228571427,9.0,5.867125909,0.6727584495000003,1.1734251818,experimental
52,1,nisin,500.0,mic,,protein,microbial,,,,,,4,shrimp,whole,heat,anm,hybrid_simultaneous,,tman,chemical,5.0,15.0,mg n/100g,4.458666055,9.0,0.0,-0.4954073394444445,11.0,5.848303158,2.924151579,1.1696606316,experimental
52,1,nisin,500.0,mic,,protein,microbial,,,,,,4,shrimp,whole,heat,anm,hybrid_simultaneous,,tvbn,chemical,15.0,30.0,mg n/100g,1.989251009,9.0,3.221078443,0.1368697148888889,11.0,26.93593474,11.8574281485,1.7957289826666667,experimental
52,1,nisin,500.0,mic,,protein,microbial,,,,,,4,shrimp,whole,heat,anm,hybrid_simultaneous,,pv,chemical,5.0,10.0,meq o2/kg,0.271239706,14.0,0.432627331,0.011527687499999998,,,,,experimental
52,1,nisin,500.0,mic,,protein,microbial,,,,,,4,shrimp,whole,heat,anm,hybrid_simultaneous,,tvc,microbial,5.0,7.0,log cfu/g,1.912086808,5.0,3.726921681,0.3629669746,7.0,5.423212155,0.848145237,1.084642431,experimental
52,1,nisin,500.0,mic,,protein,microbial,,,,,,4,shrimp,whole,heat,anm,hybrid_simultaneous,,tman,chemical,5.0,15.0,mg n/100g,0.86507873,9.0,0.571397037,-0.03263129922222222,11.0,7.747559192,3.5880810775,1.5495118384,experimental
52,1,nisin,500.0,mic,,protein,microbial,,,,,,4,shrimp,whole,heat,anm,hybrid_simultaneous,,tvbn,chemical,15.0,30.0,mg n/100g,1.47572254,11.0,6.19156404,0.42871286363636363,14.0,47.03080628,13.613080746666666,3.1353870853333334,experimental
52,1,nisin,500.0,mic,,protein,microbial,,,,,,4,shrimp,whole,heat,anm,hybrid_simultaneous,,pv,chemical,5.0,10.0,meq o2/kg,0.032355022,14.0,0.774970588,0.053043969,,,,,experimental
53,1,brevibacillin,500.0,mic,,peptide,microbial,,,,,,4,shrimp,whole,heat,anm,hybrid_simultaneous,,tvc,microbial,5.0,7.0,log cfu/g,1.759187751,5.0,3.693620159,0.3868864816,7.0,5.663798007,0.9850889239999998,1.1327596013999999,experimental
53,1,brevibacillin,500.0,mic,,peptide,microbial,,,,,,4,shrimp,whole,heat,anm,hybrid_simultaneous,,tman,chemical,5.0,15.0,mg n/100g,0.575385641,14.0,0.0,-0.04109897435714286,11.0,6.576767901,6576767.901000001,1.3153535802,experimental
53,1,brevibacillin,500.0,mic,,peptide,microbial,,,,,,4,shrimp,whole,heat,anm,hybrid_simultaneous,,tvbn,chemical,15.0,30.0,mg n/100g,0.0,9.0,4.21421384,0.46824598222222225,11.0,31.08388198,13.43483407,2.0722587986666667,experimental
53,1,brevibacillin,500.0,mic,,peptide,microbial,,,,,,4,shrimp,whole,heat,anm,hybrid_simultaneous,,pv,chemical,5.0,10.0,meq o2/kg,0.419840316,14.0,0.014918184,-0.028923009428571428,,,,,experimental
53,1,brevibacillin,500.0,mic,,peptide,microbial,,,,,,4,shrimp,whole,heat,anm,hybrid_simultaneous,,tvc,microbial,5.0,7.0,log cfu/g,2.253254555,5.0,4.001267319,0.3496025528000001,7.0,5.54852885,0.7736307655000001,1.1097057700000001,experimental
53,1,brevibacillin,500.0,mic,,peptide,microbial,,,,,,4,shrimp,whole,heat,anm,hybrid_simultaneous,,tman,chemical,5.0,15.0,mg n/100g,4.096361258,9.0,1.433257778,-0.2959003866666667,11.0,10.00344559,4.285093906,2.000689118,experimental
53,1,brevibacillin,500.0,mic,,peptide,microbial,,,,,,4,shrimp,whole,heat,anm,hybrid_simultaneous,,tvbn,chemical,15.0,30.0,mg n/100g,0.81220956,9.0,6.667764444,0.6506172093333333,11.0,44.71419656,19.023216058,2.980946437333333,experimental
53,1,brevibacillin,500.0,mic,,peptide,microbial,,,,,,4,shrimp,whole,heat,anm,hybrid_simultaneous,,pv,chemical,5.0,10.0,meq o2/kg,0.619976471,14.0,0.032355022,-0.041972960642857146,,,,,experimental
53,1,brevibacillin,500.0,mic,,peptide,microbial,,,,,,4,shrimp,whole,heat,anm,hybrid_simultaneous,,tvc,microbial,5.0,7.0,log cfu/g,1.911666033,5.0,3.857783208,0.389223435,7.0,5.72569804,0.9339574160000002,1.145139608,experimental
53,1,brevibacillin,500.0,mic,,peptide,microbial,,,,,,4,shrimp,whole,heat,anm,hybrid_simultaneous,,tman,chemical,5.0,15.0,mg n/100g,0.873889475,9.0,1.748943226,0.09722819455555555,11.0,9.788468401,4.0197625875,1.9576936801999998,experimental
53,1,brevibacillin,500.0,mic,,peptide,microbial,,,,,,4,shrimp,whole,heat,anm,hybrid_simultaneous,,tvbn,chemical,15.0,30.0,mg n/100g,1.557802978,11.0,11.79480043,0.9306361320000001,14.0,55.98932889,14.731509486666667,3.732621926,experimental
53,1,brevibacillin,500.0,mic,,peptide,microbial,,,,,,4,shrimp,whole,heat,anm,hybrid_simultaneous,,pv,chemical,5.0,10.0,meq o2/kg,0.0,14.0,0.038748529,0.002767752071428571,,,,,experimental
53,2,nisin,500.0,mic,,protein,microbial,,,,,,4,shrimp,whole,heat,anm,hybrid_simultaneous,,tvc,microbial,5.0,7.0,log cfu/g,1.759187751,5.0,3.693620159,0.3868864816,7.0,5.663798007,0.9850889239999998,1.1327596013999999,experimental
53,2,nisin,500.0,mic,,protein,microbial,,,,,,4,shrimp,whole,heat,anm,hybrid_simultaneous,,tman,chemical,5.0,15.0,mg n/100g,0.575385641,14.0,0.0,-0.04109897435714286,11.0,6.576767901,6576767.901000001,1.3153535802,experimental
53,2,nisin,500.0,mic,,protein,microbial,,,,,,4,shrimp,whole,heat,anm,hybrid_simultaneous,,tvbn,chemical,15.0,30.0,mg n/100g,0.0,9.0,4.21421384,0.46824598222222225,11.0,31.08388198,13.43483407,2.0722587986666667,experimental
53,2,nisin,500.0,mic,,protein,microbial,,,,,,4,shrimp,whole,heat,anm,hybrid_simultaneous,,pv,chemical,5.0,10.0,meq o2/kg,0.419840316,14.0,0.014918184,-0.028923009428571428,,,,,experimental
53,2,nisin,500.0,mic,,protein,microbial,,,,,,4,shrimp,whole,heat,anm,hybrid_simultaneous,,tvc,microbial,5.0,7.0,log cfu/g,2.253254555,5.0,4.001267319,0.3496025528000001,7.0,5.54852885,0.7736307655000001,1.1097057700000001,experimental
53,2,nisin,500.0,mic,,protein,microbial,,,,,,4,shrimp,whole,heat,anm,hybrid_simultaneous,,tman,chemical,5.0,15.0,mg n/100g,4.096361258,9.0,1.433257778,-0.2959003866666667,11.0,10.00344559,4.285093906,2.000689118,experimental
53,2,nisin,500.0,mic,,protein,microbial,,,,,,4,shrimp,whole,heat,anm,hybrid_simultaneous,,tvbn,chemical,15.0,30.0,mg n/100g,0.81220956,9.0,6.667764444,0.6506172093333333,11.0,44.71419656,19.023216058,2.980946437333333,experimental
53,2,nisin,500.0,mic,,protein,microbial,,,,,,4,shrimp,whole,heat,anm,hybrid_simultaneous,,pv,chemical,5.0,10.0,meq o2/kg,0.619976471,14.0,0.032355022,-0.041972960642857146,,,,,experimental
53,2,nisin,500.0,mic,,protein,microbial,,,,,,4,shrimp,whole,heat,anm,hybrid_simultaneous,,tvc,microbial,5.0,7.0,log cfu/g,1.911666033,5.0,3.857783208,0.389223435,7.0,5.72569804,0.9339574160000002,1.145139608,experimental
53,2,nisin,500.0,mic,,protein,microbial,,,,,,4,shrimp,whole,heat,anm,hybrid_simultaneous,,tman,chemical,5.0,15.0,mg n/100g,0.873889475,9.0,1.748943226,0.09722819455555555,11.0,9.788468401,4.0197625875,1.9576936801999998,experimental
53,2,nisin,500.0,mic,,protein,microbial,,,,,,4,shrimp,whole,heat,anm,hybrid_simultaneous,,tvbn,chemical,15.0,30.0,mg n/100g,1.557802978,11.0,11.79480043,0.9306361320000001,14.0,55.98932889,14.731509486666667,3.732621926,experimental
53,2,nisin,500.0,mic,,protein,microbial,,,,,,4,shrimp,whole,heat,anm,hybrid_simultaneous,,pv,chemical,5.0,10.0,meq o2/kg,0.0,14.0,0.038748529,0.002767752071428571,,,,,experimental
54,1,control,,,,,,,,,,,4,shrimp,whole,heat,anm,hybrid_simultaneous,,tvc,microbial,5.0,7.0,log cfu/g,2.501971925,5.0,4.352571354,0.37011988580000005,7.0,5.528070191,0.5877494185000001,1.1056140382000001,experimental
54,1,control,,,,,,,,,,,4,shrimp,whole,heat,anm,hybrid_simultaneous,,tman,chemical,5.0,15.0,mg n/100g,0.51436,9.0,2.336370864,0.20244565155555558,11.0,5.661283993,1.6624565644999998,1.1322567985999998,experimental
54,1,control,,,,,,,,,,,4,shrimp,whole,heat,anm,hybrid_simultaneous,,tvbn,chemical,15.0,30.0,mg n/100g,0.65464,9.0,9.464281975,0.9788491083333333,11.0,23.89897739,7.217347707499999,1.5932651593333333,experimental
54,1,control,,,,,,,,,,,4,shrimp,whole,heat,anm,hybrid_simultaneous,,pv,chemical,5.0,10.0,meq o2/kg,0.0,14.0,0.600602206,0.04290015757142857,,,,,experimental
54,1,control,,,,,,,,,,,4,shrimp,whole,heat,anm,hybrid_simultaneous,,tvc,microbial,5.0,7.0,log cfu/g,2.46490844,5.0,4.303452469,0.3677088058,7.0,5.644155153,0.670351342,1.1288310306,experimental
54,1,control,,,,,,,,,,,4,shrimp,whole,heat,anm,hybrid_simultaneous,,tman,chemical,5.0,15.0,mg n/100g,0.161386207,7.0,0.0,-0.02305517242857143,9.0,9.961188916,4.980594458,1.9922377831999998,experimental
54,1,control,,,,,,,,,,,4,shrimp,whole,heat,anm,hybrid_simultaneous,,tvbn,chemical,15.0,30.0,mg n/100g,2.09802069,7.0,0.0,-0.2997172414285714,9.0,20.77876964,10.38938482,1.3852513093333334,experimental
54,1,control,,,,,,,,,,,4,shrimp,whole,heat,anm,hybrid_simultaneous,,pv,chemical,5.0,10.0,meq o2/kg,0.109852081,14.0,0.445608088,0.02398257192857143,,,,,experimental
54,1,control,,,,,,,,,,,4,shrimp,whole,heat,anm,hybrid_simultaneous,,tvc,microbial,5.0,7.0,log cfu/g,2.515180212,5.0,4.225092866,0.3419825307999999,7.0,5.920535175,0.8477211545000003,1.184107035,experimental
54,1,control,,,,,,,,,,,4,shrimp,whole,heat,anm,hybrid_simultaneous,,tman,chemical,5.0,15.0,mg n/100g,0.197997531,9.0,1.469952934,0.1413283781111111,11.0,8.354000982,3.442024024,1.6708001964,experimental
54,1,control,,,,,,,,,,,4,shrimp,whole,heat,anm,hybrid_simultaneous,,tvbn,chemical,15.0,30.0,mg n/100g,0.435594568,9.0,7.605408661,0.7966460103333334,11.0,24.74069521,8.5676432745,1.6493796806666665,experimental
54,1,control,,,,,,,,,,,4,shrimp,whole,heat,anm,hybrid_simultaneous,,pv,chemical,5.0,10.0,meq o2/kg,0.206723404,14.0,0.723241301,0.036894135499999994,,,,,experimental
55,1,peracetic acid,500.0,ppm,,organic acid,other natural sources,,,,,,4,shrimp,whole,heat,anm,hybrid_simultaneous,,tvc,microbial,5.0,7.0,log cfu/g,2.503040259,5.0,4.418047664,0.3830014810000001,7.0,5.870175504,0.7260639199999996,1.1740351007999998,experimental
55,1,peracetic acid,500.0,ppm,,organic acid,other natural sources,,,,,,4,shrimp,whole,heat,anm,hybrid_simultaneous,,tman,chemical,5.0,15.0,mg n/100g,0.287926154,9.0,0.656837427,0.04099014144444445,11.0,10.46836,4.905761286500001,2.093672,experimental
55,1,peracetic acid,500.0,ppm,,organic acid,other natural sources,,,,,,4,shrimp,whole,heat,anm,hybrid_simultaneous,,tvbn,chemical,15.0,30.0,mg n/100g,1.475621538,11.0,14.36961217,1.1721809665454546,14.0,44.11087852,9.91375545,2.9407252346666666,experimental
55,1,peracetic acid,500.0,ppm,,organic acid,other natural sources,,,,,,4,shrimp,whole,heat,anm,hybrid_simultaneous,,pv,chemical,5.0,10.0,meq o2/kg,0.14201336,14.0,0.497337375,0.025380286785714284,,,,,experimental
55,1,peracetic acid,500.0,ppm,,organic acid,other natural sources,,,,,,4,shrimp,whole,heat,anm,hybrid_simultaneous,,tvc,microbial,5.0,7.0,log cfu/g,2.42448352,5.0,4.25490543,0.36608438200000004,7.0,5.772256622,0.7586755959999998,1.1544513243999999,experimental
55,1,peracetic acid,500.0,ppm,,organic acid,other natural sources,,,,,,4,shrimp,whole,heat,anm,hybrid_simultaneous,,tman,chemical,5.0,15.0,mg n/100g,0.170163636,9.0,0.257937931,0.009752699444444445,11.0,5.512173333,2.627117701,1.1024346666,experimental
55,1,peracetic acid,500.0,ppm,,organic acid,other natural sources,,,,,,4,shrimp,whole,heat,anm,hybrid_simultaneous,,tvbn,chemical,15.0,30.0,mg n/100g,0.578556364,9.0,4.281769655,0.41146814344444443,11.0,17.28393333,6.5010818375,1.152262222,experimental
55,1,peracetic acid,500.0,ppm,,organic acid,other natural sources,,,,,,4,shrimp,whole,heat,anm,hybrid_simultaneous,,pv,chemical,5.0,10.0,meq o2/kg,0.387485294,14.0,0.678099265,0.020758140785714283,,,,,experimental
55,1,peracetic acid,500.0,ppm,,organic acid,other natural sources,,,,,,4,shrimp,whole,heat,anm,hybrid_simultaneous,,tvc,microbial,5.0,7.0,log cfu/g,2.513477321,5.0,4.192750116,0.33585455900000005,7.0,5.75108957,0.7791697270000002,1.1502179140000002,experimental
55,1,peracetic acid,500.0,ppm,,organic acid,other natural sources,,,,,,4,shrimp,whole,heat,anm,hybrid_simultaneous,,tman,chemical,5.0,15.0,mg n/100g,3.010114074,9.0,0.179953846,-0.3144622475555556,11.0,28.73636031,14.278203232,5.7472720619999995,experimental
55,1,peracetic acid,500.0,ppm,,organic acid,other natural sources,,,,,,4,shrimp,whole,heat,anm,hybrid_simultaneous,,tvbn,chemical,15.0,30.0,mg n/100g,0.0,9.0,4.282901538,0.47587794866666666,11.0,16.72361953,6.220358996,1.1149079686666667,experimental
55,1,peracetic acid,500.0,ppm,,organic acid,other natural sources,,,,,,4,shrimp,whole,heat,anm,hybrid_simultaneous,,pv,chemical,5.0,10.0,meq o2/kg,0.161387625,14.0,0.626369978,0.033213025214285714,,,,,experimental
56,1,nisin,500.0,mic,,protein,microbial,,,,,,4,shrimp,whole,heat,anm,hybrid_simultaneous,,tvc,microbial,5.0,7.0,log cfu/g,1.844108947,5.0,3.733322715,0.37784275359999997,7.0,5.623632962,0.9451551235000002,1.1247265924,experimental
56,1,nisin,500.0,mic,,protein,microbial,,,,,,4,shrimp,whole,heat,anm,hybrid_simultaneous,,tman,chemical,5.0,15.0,mg n/100g,0.0,7.0,0.0,0.0,9.0,9.980942222,4.990471111,1.9961884444,experimental
56,1,nisin,500.0,mic,,protein,microbial,,,,,,4,shrimp,whole,heat,anm,hybrid_simultaneous,,tvbn,chemical,15.0,30.0,mg n/100g,7.174434197,9.0,3.706158693,-0.3853639448888889,11.0,18.33482896,7.3143351335,1.2223219306666666,experimental
56,1,nisin,500.0,mic,,protein,microbial,,,,,,4,shrimp,whole,heat,anm,hybrid_simultaneous,,pv,chemical,5.0,10.0,meq o2/kg,0.161387625,14.0,0.574834434,0.029531914928571427,,,,,experimental
56,1,nisin,500.0,mic,,protein,microbial,,,,,,4,shrimp,whole,heat,anm,hybrid_simultaneous,,tvc,microbial,5.0,7.0,log cfu/g,2.061954647,5.0,3.597735361,0.3071561428,7.0,5.495257309,0.9487609740000003,1.0990514618,experimental
56,1,nisin,500.0,mic,,protein,microbial,,,,,,4,shrimp,whole,heat,anm,hybrid_simultaneous,,tman,chemical,5.0,15.0,mg n/100g,0.650582029,9.0,1.655632875,0.11167231622222223,11.0,11.14412516,4.7442461425,2.228825032,experimental
56,1,nisin,500.0,mic,,protein,microbial,,,,,,4,shrimp,whole,heat,anm,hybrid_simultaneous,,tvbn,chemical,15.0,30.0,mg n/100g,0.511171594,9.0,3.539628906,0.33649525688888887,11.0,21.28769419,8.874032642,1.4191796126666667,experimental
56,1,nisin,500.0,mic,,protein,microbial,,,,,,4,shrimp,whole,heat,anm,hybrid_simultaneous,,pv,chemical,5.0,10.0,meq o2/kg,0.138719735,14.0,0.439214581,0.02146391757142857,,,,,experimental
56,1,nisin,500.0,mic,,protein,microbial,,,,,,4,shrimp,whole,heat,anm,hybrid_simultaneous,,tvc,microbial,5.0,7.0,log cfu/g,2.205138448,5.0,3.776725585,0.31431742739999996,7.0,5.731037029,0.9771557220000002,1.1462074058,experimental
56,1,nisin,500.0,mic,,protein,microbial,,,,,,4,shrimp,whole,heat,anm,hybrid_simultaneous,,tman,chemical,5.0,15.0,mg n/100g,0.722798788,7.0,0.0,-0.1032569697142857,9.0,12.85851546,6.42925773,2.571703092,experimental
56,1,nisin,500.0,mic,,protein,microbial,,,,,,4,shrimp,whole,heat,anm,hybrid_simultaneous,,tvbn,chemical,15.0,30.0,mg n/100g,3.528958788,9.0,4.976205674,0.16080520955555555,11.0,17.92737333,6.475583828000001,1.195158222,experimental
56,1,nisin,500.0,mic,,protein,microbial,,,,,,4,shrimp,whole,heat,anm,hybrid_simultaneous,,pv,chemical,5.0,10.0,meq o2/kg,0.0,14.0,0.691080022,0.04936285871428571,,,,,experimental
56,2,peracetic acid,250.0,ppm,,organic acid,other natural sources,,,,,,4,shrimp,whole,heat,anm,hybrid_simultaneous,,tvc,microbial,5.0,7.0,log cfu/g,1.844108947,5.0,3.733322715,0.37784275359999997,7.0,5.623632962,0.9451551235000002,1.1247265924,experimental
56,2,peracetic acid,250.0,ppm,,organic acid,other natural sources,,,,,,4,shrimp,whole,heat,anm,hybrid_simultaneous,,tman,chemical,5.0,15.0,mg n/100g,0.0,7.0,0.0,0.0,9.0,9.980942222,4.990471111,1.9961884444,experimental
56,2,peracetic acid,250.0,ppm,,organic acid,other natural sources,,,,,,4,shrimp,whole,heat,anm,hybrid_simultaneous,,tvbn,chemical,15.0,30.0,mg n/100g,7.174434197,9.0,3.706158693,-0.3853639448888889,11.0,18.33482896,7.3143351335,1.2223219306666666,experimental
56,2,peracetic acid,250.0,ppm,,organic acid,other natural sources,,,,,,4,shrimp,whole,heat,anm,hybrid_simultaneous,,pv,chemical,5.0,10.0,meq o2/kg,0.161387625,14.0,0.574834434,0.029531914928571427,,,,,experimental
56,2,peracetic acid,250.0,ppm,,organic acid,other natural sources,,,,,,4,shrimp,whole,heat,anm,hybrid_simultaneous,,tvc,microbial,5.0,7.0,log cfu/g,2.061954647,5.0,3.597735361,0.3071561428,7.0,5.495257309,0.9487609740000003,1.0990514618,experimental
56,2,peracetic acid,250.0,ppm,,organic acid,other natural sources,,,,,,4,shrimp,whole,heat,anm,hybrid_simultaneous,,tman,chemical,5.0,15.0,mg n/100g,0.650582029,9.0,1.655632875,0.11167231622222223,11.0,11.14412516,4.7442461425,2.228825032,experimental
56,2,peracetic acid,250.0,ppm,,organic acid,other natural sources,,,,,,4,shrimp,whole,heat,anm,hybrid_simultaneous,,tvbn,chemical,15.0,30.0,mg n/100g,0.511171594,9.0,3.539628906,0.33649525688888887,11.0,21.28769419,8.874032642,1.4191796126666667,experimental
56,2,peracetic acid,250.0,ppm,,organic acid,other natural sources,,,,,,4,shrimp,whole,heat,anm,hybrid_simultaneous,,pv,chemical,5.0,10.0,meq o2/kg,0.138719735,14.0,0.439214581,0.02146391757142857,,,,,experimental
56,2,peracetic acid,250.0,ppm,,organic acid,other natural sources,,,,,,4,shrimp,whole,heat,anm,hybrid_simultaneous,,tvc,microbial,5.0,7.0,log cfu/g,2.205138448,5.0,3.776725585,0.31431742739999996,7.0,5.731037029,0.9771557220000002,1.1462074058,experimental
56,2,peracetic acid,250.0,ppm,,organic acid,other natural sources,,,,,,4,shrimp,whole,heat,anm,hybrid_simultaneous,,tman,chemical,5.0,15.0,mg n/100g,0.722798788,7.0,0.0,-0.1032569697142857,9.0,12.85851546,6.42925773,2.571703092,experimental
56,2,peracetic acid,250.0,ppm,,organic acid,other natural sources,,,,,,4,shrimp,whole,heat,anm,hybrid_simultaneous,,tvbn,chemical,15.0,30.0,mg n/100g,3.528958788,9.0,4.976205674,0.16080520955555555,11.0,17.92737333,6.475583828000001,1.195158222,experimental
56,2,peracetic acid,250.0,ppm,,organic acid,other natural sources,,,,,,4,shrimp,whole,heat,anm,hybrid_simultaneous,,pv,chemical,5.0,10.0,meq o2/kg,0.0,14.0,0.691080022,0.04936285871428571,,,,,experimental
