article_#,ingredient_id,ingredient,concentration,unit_of_concentration,normalized_concentration_%_of_meat,chemical_composition,source,immersion_time,packaging_class,packaging_material,container_type,special_properties,storage_condition_(°c),meat_type,part_of_product,physical_hurdle_tech,application_method,hurdle_coordination,irradiation_dose,indicators,type_of_indicator,lower_level_threshold_(log_cfu/g),upper_level_threshold_(log_cfu/g),unit,initial_count_(day_0),pre_threshold_(day),pre_threshold_count,initial_inhibition_factor,post_threshold_(day),post_threshold_count,post_inhibition_factor,post_threshold_proximity_index_2(tpi),data_source
anm-0064,1,control,0.0,% (w/w),0.0,none,none,,,,,,25,fish,skinless carp fillets,,,,,tvc,microbial,5.0,7.0,log cfu/g,3.6,1.0,3.6,0.0,2.0,8.7,5.1,1.243,theoretical
anm-0064,1,anodic nacl solution,1.0,% (w/w),1.0,mineral,other natural sources,,,,,,25,fish,skinless carp fillets,,anm,single,,tvc,microbial,5.0,7.0,log cfu/g,2.2,1.0,2.2,0.0,2.0,7.6,5.4,1.086,theoretical
anm-0064,1,anodic nacl solution,1.0,% (w/w),1.0,mineral,other natural sources,,,,,,25,fish,skinless carp fillets,,,,,tvc,microbial,5.0,7.0,log cfu/g,2.3,1.0,2.3,0.0,2.0,7.5,5.2,1.071,theoretical
anm-0064,1,control,0.0,% (w/w),0.0,none,none,,,,,,25,fish,skinless carp fillets,,anm,single,,tvc,microbial,5.0,7.0,log cfu/g,2.6,1.0,2.6,0.0,2.0,6.4,3.8,0.914,theoretical
anm-0064,1,anodic nacl solution,1.0,% (w/w),1.0,mineral,other natural sources,,,,,,25,fish,skinless carp fillets,,anm,single,,tvc,microbial,5.0,7.0,log cfu/g,2.2,2.0,5.6,1.7,3.0,7.5,1.9,1.071,theoretical
anm-0064,1,anodic nacl solution,1.0,% (w/w),1.0,mineral,other natural sources,,,,,,25,fish,skinless carp fillets,,anm,single,,tvc,microbial,5.0,7.0,log cfu/g,2.1,2.0,5.4,1.65,3.0,7.2,1.8,1.029,theoretical
anm-0064,1,control,0.0,% (w/w),0.0,none,none,,,,,,25,fish,skinless carp fillets,,,,,tvbn,chemical,20.0,30.0,mg/100g,11.4,1.0,11.4,,2.0,41.0,29.6,1.37,theoretical
anm-0064,1,anodic nacl solution,1.0,% (w/w),1.0,mineral,other natural sources,,,,,,25,fish,skinless carp fillets,,anm,single,,tvbn,chemical,20.0,30.0,mg/100g,8.4,2.0,26.9,9.25,3.0,64.5,37.6,2.15,theoretical
anm-0064,1,anodic nacl solution,1.0,% (w/w),1.0,mineral,other natural sources,,,,,,25,fish,skinless carp fillets,,,,,tvbn,chemical,20.0,30.0,mg/100g,7.0,2.0,24.9,8.95,3.0,60.1,35.2,2.0,theoretical
anm-0064,1,control,0.0,% (w/w),0.0,none,none,,,,,,25,fish,skinless carp fillets,,anm,single,,tvbn,chemical,20.0,30.0,mg/100g,6.9,2.0,21.2,7.15,3.0,42.9,21.7,1.43,theoretical
anm-0064,1,anodic nacl solution,1.0,% (w/w),1.0,mineral,other natural sources,,,,,,25,fish,skinless carp fillets,,anm,single,,tvbn,chemical,20.0,30.0,mg/100g,6.8,2.0,20.7,6.95,3.0,40.6,19.9,1.35,theoretical
anm-0064,1,anodic nacl solution,1.0,% (w/w),1.0,mineral,other natural sources,,,,,,25,fish,skinless carp fillets,,anm,single,,tvbn,chemical,20.0,30.0,mg/100g,6.8,2.0,18.8,6.0,3.0,38.9,20.1,1.3,theoretical
anm-0064,1,control,0.0,% (w/w),0.0,none,none,,,,,,25,fish,skinless carp fillets,,,,,pv,chemical,10.0,20.0,meq/kg,1.0,3.0,8.5,2.5,,,,,theoretical
anm-0064,1,anodic nacl solution,1.0,% (w/w),1.0,mineral,other natural sources,,,,,,25,fish,skinless carp fillets,,anm,single,,pv,chemical,10.0,20.0,meq/kg,1.0,3.0,8.9,2.633,,,,,theoretical
anm-0064,1,anodic nacl solution,1.0,% (w/w),1.0,mineral,other natural sources,,,,,,25,fish,skinless carp fillets,,,,,pv,chemical,10.0,20.0,meq/kg,1.0,3.0,7.3,2.1,,,,,theoretical
anm-0064,1,control,0.0,% (w/w),0.0,none,none,,,,,,25,fish,skinless carp fillets,,anm,single,,pv,chemical,10.0,20.0,meq/kg,1.0,3.0,6.63,1.877,,,,,theoretical
anm-0064,1,anodic nacl solution,1.0,% (w/w),1.0,mineral,other natural sources,,,,,,25,fish,skinless carp fillets,,anm,single,,pv,chemical,10.0,20.0,meq/kg,1.0,3.0,4.2,1.067,,,,,theoretical
anm-0064,1,anodic nacl solution,1.0,% (w/w),1.0,mineral,other natural sources,,,,,,25,fish,skinless carp fillets,,anm,single,,pv,chemical,10.0,20.0,meq/kg,1.0,3.0,2.9,0.633,,,,,theoretical
anm-0064,1,control,0.0,% (w/w),0.0,none,none,,,,,,25,fish,skinless carp fillets,,,,,tbars,chemical,0.5,2.0,mg mda/kg,0.15,2.0,0.34,0.095,3.0,0.8,0.46,0.4,theoretical
anm-0064,1,anodic nacl solution,1.0,% (w/w),1.0,mineral,other natural sources,,,,,,25,fish,skinless carp fillets,,,,,tbars,chemical,0.5,2.0,mg mda/kg,0.15,2.0,0.38,0.115,3.0,0.92,0.54,0.46,theoretical
anm-0064,1,anodic nacl solution,1.0,% (w/w),1.0,mineral,other natural sources,,,,,,25,fish,skinless carp fillets,,,,,tbars,chemical,0.5,2.0,mg mda/kg,0.14,2.0,0.26,0.06,3.0,0.63,0.37,0.32,theoretical
anm-0064,1,control,0.0,% (w/w),0.0,none,none,,,,,,25,fish,skinless carp fillets,,anm,single,,tbars,chemical,0.5,2.0,mg mda/kg,0.14,3.0,0.25,0.037,,,,,theoretical
anm-0064,1,anodic nacl solution,1.0,% (w/w),1.0,mineral,other natural sources,,,,,,25,fish,skinless carp fillets,,anm,single,,tbars,chemical,0.5,2.0,mg mda/kg,0.14,3.0,0.3,0.053,,,,,theoretical
anm-0064,1,anodic nacl solution,1.0,% (w/w),1.0,mineral,other natural sources,,,,,,25,fish,skinless carp fillets,,anm,single,,tbars,chemical,0.5,2.0,mg mda/kg,0.14,3.0,0.17,0.01,,,,,theoretical
anm-0094,1,control,0.0,%,0.0,none,none,1.0,,,,,4,chicken,broiler wings,,,,,tac,microbial,5.0,7.0,log cfu/g,4.96,5.0,5.87,0.18,,,,,theoretical
anm-0094,1,chlorine dioxide,0.3,%,0.3,mineral,other natural sources,10.0,,,,,4,chicken,broiler wings,,anm,single,,tac,microbial,5.0,7.0,log cfu/g,4.44,9.0,5.54,0.12,,,,,theoretical
anm-0094,1,chlorine dioxide,0.5,%,0.5,mineral,other natural sources,10.0,,,,,4,chicken,broiler wings,,anm,single,,tac,microbial,5.0,7.0,log cfu/g,4.36,9.0,5.75,0.15,,,,,theoretical
anm-0094,1,lactic acid,0.5,%,0.5,organic acid,other natural sources,10.0,,,,,4,chicken,broiler wings,,anm,single,,tac,microbial,5.0,7.0,log cfu/g,4.39,9.0,5.62,0.14,,,,,theoretical
anm-0094,1,lactic acid,1.0,%,1.0,organic acid,other natural sources,10.0,,,,,4,chicken,broiler wings,,anm,single,,tac,microbial,5.0,7.0,log cfu/g,4.35,9.0,5.79,0.16,,,,,theoretical
anm-0094,1,fumaric acid,0.5,%,0.5,organic acid,other natural sources,10.0,,,,,4,chicken,broiler wings,,anm,single,,tac,microbial,5.0,7.0,log cfu/g,4.44,9.0,5.69,0.14,,,,,theoretical
anm-0094,1,fumaric acid,1.0,%,1.0,organic acid,other natural sources,10.0,,,,,4,chicken,broiler wings,,anm,single,,tac,microbial,5.0,7.0,log cfu/g,4.55,9.0,5.66,0.12,,,,,theoretical
anm-0094,1,control,0.0,%,0.0,none,none,1.0,,,,,4,chicken,broiler wings,,,,,e. coli,microbial,2.0,3.0,log cfu/g,2.8,,,,5.0,3.15,0.63,1.05,theoretical
anm-0094,1,chlorine dioxide,0.3,%,0.3,mineral,other natural sources,10.0,,,,,4,chicken,broiler wings,,anm,single,,e. coli,microbial,2.0,3.0,log cfu/g,2.52,9.0,2.92,0.04,,,,,theoretical
anm-0094,1,chlorine dioxide,0.5,%,0.5,mineral,other natural sources,10.0,,,,,4,chicken,broiler wings,,anm,single,,e. coli,microbial,2.0,3.0,log cfu/g,2.18,9.0,2.63,0.05,,,,,theoretical
anm-0094,1,lactic acid,0.5,%,0.5,organic acid,other natural sources,10.0,,,,,4,chicken,broiler wings,,anm,single,,e. coli,microbial,2.0,3.0,log cfu/g,2.4,9.0,2.67,0.03,,,,,theoretical
anm-0094,1,lactic acid,1.0,%,1.0,organic acid,other natural sources,10.0,,,,,4,chicken,broiler wings,,anm,single,,e. coli,microbial,2.0,3.0,log cfu/g,1.79,9.0,2.13,0.04,,,,,theoretical
anm-0094,1,fumaric acid,0.5,%,0.5,organic acid,other natural sources,10.0,,,,,4,chicken,broiler wings,,anm,single,,e. coli,microbial,2.0,3.0,log cfu/g,2.27,9.0,2.65,0.04,,,,,theoretical
anm-0094,1,fumaric acid,1.0,%,1.0,organic acid,other natural sources,10.0,,,,,4,chicken,broiler wings,,anm,single,,e. coli,microbial,2.0,3.0,log cfu/g,2.09,9.0,2.33,0.03,,,,,theoretical
anm-0094,1,control,0.0,%,0.0,none,none,1.0,,,,,4,chicken,broiler wings,,,,,tpc,microbial,5.0,7.0,log cfu/g,5.63,5.0,5.7,0.01,,,,,theoretical
anm-0094,1,chlorine dioxide,0.3,%,0.3,mineral,other natural sources,10.0,,,,,4,chicken,broiler wings,,anm,single,,tpc,microbial,5.0,7.0,log cfu/g,5.43,9.0,5.77,0.04,,,,,theoretical
anm-0094,1,chlorine dioxide,0.5,%,0.5,mineral,other natural sources,10.0,,,,,4,chicken,broiler wings,,anm,single,,tpc,microbial,5.0,7.0,log cfu/g,5.38,9.0,5.72,0.04,,,,,theoretical
anm-0094,1,lactic acid,0.5,%,0.5,organic acid,other natural sources,10.0,,,,,4,chicken,broiler wings,,anm,single,,tpc,microbial,5.0,7.0,log cfu/g,5.41,9.0,5.75,0.04,,,,,theoretical
anm-0094,1,lactic acid,1.0,%,1.0,organic acid,other natural sources,10.0,,,,,4,chicken,broiler wings,,anm,single,,tpc,microbial,5.0,7.0,log cfu/g,5.4,9.0,5.77,0.04,,,,,theoretical
anm-0094,1,fumaric acid,0.5,%,0.5,organic acid,other natural sources,10.0,,,,,4,chicken,broiler wings,,anm,single,,tpc,microbial,5.0,7.0,log cfu/g,5.47,9.0,5.77,0.03,,,,,theoretical
anm-0094,1,fumaric acid,1.0,%,1.0,organic acid,other natural sources,10.0,,,,,4,chicken,broiler wings,,anm,single,,tpc,microbial,5.0,7.0,log cfu/g,5.4,9.0,5.74,0.04,,,,,theoretical
anm-0105-106,1,control,0.0,mg/kg meat,0.0,none,none,,,pa|pp|ps,tray,oxygen-permeable|barrier,4,beef,raw beef patties,,salt,single,,tvc,microbial,5.0,7.0,log cfu/g,4.6,6.0,5.6,0.17,9.0,6.4,0.267,0.914,theoretical
anm-0105-106,1,so2,100.0,mg/kg meat,0.01,mineral,other natural sources,,,pa|pp|ps,tray,oxygen-permeable|barrier,4,beef,raw beef patties,,anm+salt,hybrid_simultaneous,,tvc,microbial,5.0,7.0,log cfu/g,4.5,9.0,5.9,0.16,,,,,theoretical
anm-0105-106,1,so2,100.0,mg/kg meat,0.01,mineral,other natural sources,,,pa|pp|ps,tray,oxygen-permeable|barrier,4,beef,raw beef patties,,anm+salt,hybrid_simultaneous,,tvc,microbial,5.0,7.0,log cfu/g,4.4,9.0,5.6,0.13,,,,,theoretical
anm-0105-106,1,so2,100.0,mg/kg meat,0.01,mineral,other natural sources,,,pa|pp|ps,tray,oxygen-permeable|barrier,4,beef,raw beef patties,,anm+salt,hybrid_simultaneous,,tvc,microbial,5.0,7.0,log cfu/g,4.3,9.0,5.8,0.17,,,,,theoretical
anm-0105-106,1,so2,100.0,mg/kg meat,0.01,mineral,other natural sources,,,pa|pp|ps,tray,oxygen-permeable|barrier,4,beef,raw beef patties,,anm+salt,hybrid_simultaneous,,tvc,microbial,5.0,7.0,log cfu/g,4.4,9.0,5.6,0.13,,,,,theoretical
anm-0105-106,1,control,0.0,mg/kg meat,0.0,none,none,,,pa|pp|ps,tray,oxygen-permeable|barrier,4,beef,raw beef patties,,salt,single,,tcc,microbial,2.0,3.0,log cfu/g,3.4,9.0,5.5,0.23,,,,,theoretical
anm-0105-106,1,so2,100.0,mg/kg meat,0.01,mineral,other natural sources,,,pa|pp|ps,tray,oxygen-permeable|barrier,4,beef,raw beef patties,,anm+salt,hybrid_simultaneous,,tcc,microbial,2.0,3.0,log cfu/g,3.3,9.0,4.1,0.09,,,,,theoretical
anm-0105-106,1,so2,100.0,mg/kg meat,0.01,mineral,other natural sources,,,pa|pp|ps,tray,oxygen-permeable|barrier,4,beef,raw beef patties,,anm+salt,hybrid_simultaneous,,tcc,microbial,2.0,3.0,log cfu/g,3.2,9.0,3.7,0.06,,,,,theoretical
anm-0105-106,1,so2,100.0,mg/kg meat,0.01,mineral,other natural sources,,,pa|pp|ps,tray,oxygen-permeable|barrier,4,beef,raw beef patties,,anm+salt,hybrid_simultaneous,,tcc,microbial,2.0,3.0,log cfu/g,3.3,9.0,3.8,0.06,,,,,theoretical
anm-0105-106,1,so2,100.0,mg/kg meat,0.01,mineral,other natural sources,,,pa|pp|ps,tray,oxygen-permeable|barrier,4,beef,raw beef patties,,anm+salt,hybrid_simultaneous,,tcc,microbial,2.0,3.0,log cfu/g,3.4,9.0,3.4,0.0,,,,,theoretical
anm-0105-106,1,control,0.0,mg/kg meat,0.0,none,none,,,pa|pp|ps,tray,oxygen-permeable|barrier,4,beef,raw beef patties,,salt,single,,tbars,chemical,0.5,2.0,mda/kg,0.83,1.0,0.83,0.0,4.0,,,,theoretical
anm-0105-106,1,so2,100.0,mg/kg meat,0.01,mineral,other natural sources,,,pa|pp|ps,tray,oxygen-permeable|barrier,4,beef,raw beef patties,,anm+salt,hybrid_simultaneous,,tbars,chemical,0.5,2.0,mda/kg,0.78,1.0,0.78,0.0,4.0,,,,theoretical
anm-0105-106,1,so2,100.0,mg/kg meat,0.01,mineral,other natural sources,,,pa|pp|ps,tray,oxygen-permeable|barrier,4,beef,raw beef patties,,anm+salt,hybrid_simultaneous,,tbars,chemical,0.5,2.0,mda/kg,0.44,10.0,0.69,0.025,,,,,theoretical
anm-0105-106,1,so2,100.0,mg/kg meat,0.01,mineral,other natural sources,,,pa|pp|ps,tray,oxygen-permeable|barrier,4,beef,raw beef patties,,anm+salt,hybrid_simultaneous,,tbars,chemical,0.5,2.0,mda/kg,0.51,10.0,0.6,0.009,,,,,theoretical
anm-0105-106,1,so2,100.0,mg/kg meat,0.01,mineral,other natural sources,,,pa|pp|ps,tray,oxygen-permeable|barrier,4,beef,raw beef patties,,anm+salt,hybrid_simultaneous,,tbars,chemical,0.5,2.0,mda/kg,0.45,10.0,0.47,0.002,,,,,theoretical
anm-0109,1,control,0.0,g/100g,0.0,none,none,,,,,,4,pork,pork burgers,,,,,tvc,microbial,5.0,7.0,log cfu/g,4.3,3.0,5.7,0.47,6.0,6.5,0.267,0.929,theoretical
anm-0109,1,grape pomace extract 1,0.06,g/100g,0.06,phenol,plant,,,,,,4,pork,pork burgers,,anm,single,,tvc,microbial,5.0,7.0,log cfu/g,4.5,3.0,5.7,0.4,6.0,6.5,0.267,0.929,theoretical
anm-0109,1,grape pomace extract 2,0.06,g/100g,0.06,phenol,plant,,,,,,4,pork,pork burgers,,anm,single,,tvc,microbial,5.0,7.0,log cfu/g,4.2,3.0,5.2,0.33,6.0,6.7,0.5,0.957,theoretical
anm-0109,1,control,0.0,g/100g,0.0,none,none,,,,,,4,pork,pork burgers,,,,,tpc,microbial,5.0,7.0,log cfu/g,4.2,3.0,5.7,0.5,6.0,6.3,0.2,0.9,theoretical
anm-0109,1,grape pomace extract 1,0.06,g/100g,0.06,phenol,plant,,,,,,4,pork,pork burgers,,anm,single,,tpc,microbial,5.0,7.0,log cfu/g,4.5,3.0,5.6,0.37,6.0,6.6,0.333,0.943,theoretical
anm-0109,1,grape pomace extract 2,0.06,g/100g,0.06,phenol,plant,,,,,,4,pork,pork burgers,,anm,single,,tpc,microbial,5.0,7.0,log cfu/g,4.2,3.0,5.2,0.33,6.0,6.3,0.367,0.9,theoretical
anm-0109,1,control,0.0,g/100g,0.0,none,none,,,,,,4,pork,pork burgers,,,,,tcc,microbial,5.0,7.0,log cfu/g,4.2,3.0,5.5,0.43,6.0,6.3,0.267,0.9,theoretical
anm-0109,1,grape pomace extract 1,0.06,g/100g,0.06,phenol,plant,,,,,,4,pork,pork burgers,,anm,single,,tcc,microbial,5.0,7.0,log cfu/g,4.6,3.0,5.4,0.27,6.0,6.0,0.2,0.857,theoretical
anm-0109,1,grape pomace extract 2,0.06,g/100g,0.06,phenol,plant,,,,,,4,pork,pork burgers,,anm,single,,tcc,microbial,5.0,7.0,log cfu/g,4.2,3.0,4.9,0.23,6.0,6.4,0.5,0.914,theoretical
anm-0109,1,control,0.0,g/100g,0.0,none,none,,,,,,4,pork,pork burgers,,,,,tbars,chemical,0.5,2.0,mg mda/kg,1.07,1.0,1.07,0.0,4.0,5.41,1.447,2.71,theoretical
anm-0109,1,grape pomace extract 1,0.06,g/100g,0.06,phenol,plant,,,,,,4,pork,pork burgers,,anm,single,,tbars,chemical,0.5,2.0,mg mda/kg,0.54,7.0,1.22,0.097,,,,,theoretical
anm-0109,1,grape pomace extract 2,0.06,g/100g,0.06,phenol,plant,,,,,,4,pork,pork burgers,,anm,single,,tbars,chemical,0.5,2.0,mg mda/kg,0.78,1.0,0.78,0.0,4.0,2.76,0.66,1.38,theoretical
anm-0110-113,1,control,0.0,µg/g meat,0.0,none,none,,aerobic,,,,4,pork,raw pork sausuages (fresh pork sholder and pork back fat),,,,,tvc,microbial,5.0,7.0,log cfu/g,3.24,21.0,6.85,0.17,,,,,theoretical
anm-0110-113,1,lutein,200.0,µg/g meat,0.02,carbohydrate,plant,,aerobic,,,,4,pork,raw pork sausuages (fresh pork sholder and pork back fat),,anm,single,,tvc,microbial,5.0,7.0,log cfu/g,3.14,21.0,6.76,0.17,,,,,theoretical
anm-0110-113,1,sesamol,250.0,µg/g meat,0.025,phenol,plant,,aerobic,,,,4,pork,raw pork sausuages (fresh pork sholder and pork back fat),,anm,single,,tvc,microbial,5.0,7.0,log cfu/g,3.21,21.0,6.79,0.17,,,,,theoretical
anm-0110-113,1,ellagic acid,300.0,µg/g meat,0.03,phenol,plant,,aerobic,,,,4,pork,raw pork sausuages (fresh pork sholder and pork back fat),,anm,single,,tvc,microbial,5.0,7.0,log cfu/g,3.29,21.0,6.87,0.17,,,,,theoretical
anm-0110-113,1,olive leaf,200.0,µg/g meat,0.02,phenol,plant,,aerobic,,,,4,pork,raw pork sausuages (fresh pork sholder and pork back fat),,anm,single,,tvc,microbial,5.0,7.0,log cfu/g,3.3,21.0,6.81,0.17,,,,,theoretical
anm-0110-113,1,control,0.0,µg/g meat,0.0,none,none,,map,,,,4,pork,raw pork sausuages (fresh pork sholder and pork back fat),,,,,tvc,microbial,5.0,7.0,log cfu/g,3.31,14.0,6.68,0.24,21.0,7.75,0.153,1.107,theoretical
anm-0110-113,1,lutein,200.0,µg/g meat,0.02,carbohydrate,plant,,map,,,,4,pork,raw pork sausuages (fresh pork sholder and pork back fat),,anm+map,hybrid_simultaneous,,tvc,microbial,5.0,7.0,log cfu/g,3.35,7.0,6.82,0.5,14.0,7.35,0.076,1.05,theoretical
anm-0110-113,1,sesamol,250.0,µg/g meat,0.025,phenol,plant,,map,,,,4,pork,raw pork sausuages (fresh pork sholder and pork back fat),,anm+map,hybrid_simultaneous,,tvc,microbial,5.0,7.0,log cfu/g,3.17,14.0,6.72,0.25,21.0,7.42,0.1,1.06,theoretical
anm-0110-113,1,ellagic acid,300.0,µg/g meat,0.03,phenol,plant,,map,,,,4,pork,raw pork sausuages (fresh pork sholder and pork back fat),,anm+map,hybrid_simultaneous,,tvc,microbial,5.0,7.0,log cfu/g,3.29,7.0,6.38,0.44,14.0,7.1,0.103,1.014,theoretical
anm-0110-113,1,olive leaf,200.0,µg/g meat,0.02,phenol,plant,,map,,,,4,pork,raw pork sausuages (fresh pork sholder and pork back fat),,anm+map,hybrid_simultaneous,,tvc,microbial,5.0,7.0,log cfu/g,3.35,7.0,6.58,0.46,14.0,7.27,0.099,1.039,theoretical
anm-0110-113,1,control,0.0,µg/g meat,0.0,none,none,,aerobic,,,,4,pork,raw pork sausuages (fresh pork sholder and pork back fat),,,,,tbars,chemical,0.5,2.0,mg mda/kg,0.43,8.0,0.95,0.065,14.0,1.03,0.013,0.52,theoretical
anm-0110-113,1,lutein,200.0,µg/g meat,0.02,carbohydrate,plant,,aerobic,,,,4,pork,raw pork sausuages (fresh pork sholder and pork back fat),,anm,single,,tbars,chemical,0.5,2.0,mg mda/kg,0.37,22.0,0.97,0.027,,,,,theoretical
anm-0110-113,1,sesamol,250.0,µg/g meat,0.025,phenol,plant,,aerobic,,,,4,pork,raw pork sausuages (fresh pork sholder and pork back fat),,anm,single,,tbars,chemical,0.5,2.0,mg mda/kg,0.39,22.0,0.57,0.008,,,,,theoretical
anm-0110-113,1,ellagic acid,300.0,µg/g meat,0.03,phenol,plant,,aerobic,,,,4,pork,raw pork sausuages (fresh pork sholder and pork back fat),,anm,single,,tbars,chemical,0.5,2.0,mg mda/kg,0.3,22.0,0.74,0.02,,,,,theoretical
anm-0110-113,1,olive leaf,200.0,µg/g meat,0.02,phenol,plant,,aerobic,,,,4,pork,raw pork sausuages (fresh pork sholder and pork back fat),,anm,single,,tbars,chemical,0.5,2.0,mg mda/kg,0.39,22.0,0.8,0.019,,,,,theoretical
anm-0110-113,1,control,0.0,µg/g meat,0.0,none,none,,map,,,,4,pork,raw pork sausuages (fresh pork sholder and pork back fat),,,,,tbars,chemical,0.5,2.0,mg mda/kg,0.43,1.0,0.43,0.0,8.0,1.06,0.09,0.53,theoretical
anm-0110-113,1,lutein,200.0,µg/g meat,0.02,carbohydrate,plant,,map,,,,4,pork,raw pork sausuages (fresh pork sholder and pork back fat),,anm+map,hybrid_simultaneous,,tbars,chemical,0.5,2.0,mg mda/kg,0.37,1.0,0.37,0.0,8.0,1.1,0.104,0.55,theoretical
anm-0110-113,1,sesamol,250.0,µg/g meat,0.025,phenol,plant,,map,,,,4,pork,raw pork sausuages (fresh pork sholder and pork back fat),,anm+map,hybrid_simultaneous,,tbars,chemical,0.5,2.0,mg mda/kg,0.39,22.0,0.46,0.003,,,,,theoretical
anm-0110-113,1,ellagic acid,300.0,µg/g meat,0.03,phenol,plant,,map,,,,4,pork,raw pork sausuages (fresh pork sholder and pork back fat),,anm+map,hybrid_simultaneous,,tbars,chemical,0.5,2.0,mg mda/kg,0.3,22.0,0.89,0.027,,,,,theoretical
anm-0110-113,1,olive leaf,200.0,µg/g meat,0.02,phenol,plant,,map,,,,4,pork,raw pork sausuages (fresh pork sholder and pork back fat),,anm+map,hybrid_simultaneous,,tbars,chemical,0.5,2.0,mg mda/kg,0.39,15.0,0.83,0.029,22.0,1.13,0.043,0.57,theoretical
anm-0110-113,1,control,0.0,µg/g meat,0.0,none,none,,aerobic,,,,4,pork,coooked pork sausuages (fresh pork sholder and pork back fat),,,,,tbars,chemical,0.5,2.0,mg mda/kg,0.81,1.0,0.81,0.0,8.0,1.1,0.041,0.55,theoretical
anm-0110-113,1,lutein,200.0,µg/g meat,0.02,carbohydrate,plant,,aerobic,,,,4,pork,coooked pork sausuages (fresh pork sholder and pork back fat),,anm,single,,tbars,chemical,0.5,2.0,mg mda/kg,0.88,15.0,0.95,0.005,22.0,1.19,0.034,0.6,theoretical
anm-0110-113,1,sesamol,250.0,µg/g meat,0.025,phenol,plant,,aerobic,,,,4,pork,coooked pork sausuages (fresh pork sholder and pork back fat),,anm,single,,tbars,chemical,0.5,2.0,mg mda/kg,0.8,22.0,0.7,-0.005,,,,,theoretical
anm-0110-113,1,ellagic acid,300.0,µg/g meat,0.03,phenol,plant,,aerobic,,,,4,pork,coooked pork sausuages (fresh pork sholder and pork back fat),,anm,single,,tbars,chemical,0.5,2.0,mg mda/kg,0.88,22.0,0.96,0.004,,,,,theoretical
anm-0110-113,1,olive leaf,200.0,µg/g meat,0.03,phenol,plant,,aerobic,,,,4,pork,coooked pork sausuages (fresh pork sholder and pork back fat),,anm,single,,tbars,chemical,0.5,2.0,mg mda/kg,0.69,22.0,0.98,0.013,,,,,theoretical
anm-0110-113,1,control,0.0,µg/g meat,0.0,none,none,,map,,,,4,pork,coooked pork sausuages (fresh pork sholder and pork back fat),,,,,tbars,chemical,0.5,2.0,mg mda/kg,0.81,1.0,0.81,0.0,8.0,1.19,0.054,0.6,theoretical
anm-0110-113,1,lutein,200.0,µg/g meat,0.02,carbohydrate,plant,,map,,,,4,pork,coooked pork sausuages (fresh pork sholder and pork back fat),,anm+map,hybrid_simultaneous,,tbars,chemical,0.5,2.0,mg mda/kg,0.88,1.0,0.88,0.0,8.0,1.14,0.037,0.57,theoretical
anm-0110-113,1,sesamol,250.0,µg/g meat,0.025,phenol,plant,,map,,,,4,pork,coooked pork sausuages (fresh pork sholder and pork back fat),,anm+map,hybrid_simultaneous,,tbars,chemical,0.5,2.0,mg mda/kg,0.8,22.0,0.8,0.0,,,,,theoretical
anm-0110-113,1,ellagic acid,300.0,µg/g meat,0.03,phenol,plant,,map,,,,4,pork,coooked pork sausuages (fresh pork sholder and pork back fat),,anm+map,hybrid_simultaneous,,tbars,chemical,0.5,2.0,mg mda/kg,0.88,22.0,0.99,0.005,,,,,theoretical
anm-0110-113,1,olive leaf,200.0,µg/g meat,0.02,phenol,plant,,map,,,,4,pork,coooked pork sausuages (fresh pork sholder and pork back fat),,anm+map,hybrid_simultaneous,,tbars,chemical,0.5,2.0,mg mda/kg,0.69,8.0,0.98,0.036,15.0,1.0,0.003,0.5,theoretical
anm-0130,1,control,0.0,%,0.0,none,none,,,,,,20,pork,dry pork sausuages (fresh boneless pork hams and pork backfat),,,,,tvc,microbial,7.0,7.0,log cfu/g,7.0,1.0,7.0,0.0,8.0,7.5,0.071,1.071,theoretical
anm-0130,1,tea polyphenol,0.03,%,0.03,phenol,plant,,,,,,20,pork,dry pork sausuages (fresh boneless pork hams and pork backfat),,anm,single,,tvc,microbial,7.0,7.0,log cfu/g,7.0,1.0,7.0,0.0,8.0,7.4,0.057,1.057,theoretical
anm-0130,1,control,0.0,%,0.0,none,none,,,,,,20,pork,dry pork sausuages (fresh boneless pork hams and pork backfat),,,,,lab,microbial,5.0,7.0,log cfu/g,6.4,1.0,6.4,0.0,8.0,7.0,0.086,1.0,theoretical
anm-0130,1,tea polyphenol,0.03,%,0.03,phenol,plant,,,,,,20,pork,dry pork sausuages (fresh boneless pork hams and pork backfat),,anm,single,,lab,microbial,5.0,7.0,log cfu/g,6.4,1.0,6.4,0.0,8.0,7.0,0.086,1.0,theoretical
anm-0136-139,1,control,0.0,iu/g,0.0,none,none,30.0,active_antimicrobial,ldpe|pa,,active packaging,4,chicken,fresh chicken breast 300g,,,,,tvc,microbial,5.0,7.0,log cfu/g,4.3,1.0,4.3,0.0,9.5,7.0,0.318,1.0,theoretical
anm-0136-139,1,nisin,500.0,iu/g,0.05,protein,microbial,30.0,active_antimicrobial,ldpe|pa,,active packaging,4,chicken,fresh chicken breast 300g,,anm+map,hybrid_simultaneous,,tvc,microbial,5.0,7.0,log cfu/g,4.3,1.0,4.3,0.0,12.0,7.0,0.245,1.0,theoretical
anm-0136-139,1,nisin,1500.0,iu/g,0.15,protein,microbial,30.0,active_antimicrobial,ldpe|pa,,active packaging,4,chicken,fresh chicken breast 300g,,anm+map,hybrid_simultaneous,,tvc,microbial,5.0,7.0,log cfu/g,4.3,1.0,4.3,0.0,15.0,7.0,0.193,1.0,theoretical
anm-0136-139,1,nisin,500.0,iu/g,0.05,protein,microbial,30.0,active_antimicrobial,ldpe|pa,,active packaging,4,chicken,fresh chicken breast 300g,,anm+map,hybrid_simultaneous,,tvc,microbial,5.0,7.0,log cfu/g,4.3,1.0,4.3,0.0,15.0,7.0,0.193,1.0,theoretical
anm-0136-139,1,nisin,1500.0,iu/g,0.15,protein,microbial,30.0,active_antimicrobial,ldpe|pa,,active packaging,4,chicken,fresh chicken breast 300g,,anm+map,hybrid_simultaneous,,tvc,microbial,5.0,7.0,log cfu/g,4.3,1.0,4.3,0.0,18.5,7.0,0.154,1.0,theoretical
anm-0136-139,1,nisin,500.0,iu/g,0.05,protein,microbial,30.0,active_antimicrobial,ldpe|pa,,active packaging,4,chicken,fresh chicken breast 300g,,anm+map,hybrid_simultaneous,,tvc,microbial,5.0,7.0,log cfu/g,4.3,1.0,4.3,0.0,21.5,7.0,0.132,1.0,theoretical
anm-0136-139,1,nisin,1500.0,iu/g,0.15,protein,microbial,30.0,active_antimicrobial,ldpe|pa,,active packaging,4,chicken,fresh chicken breast 300g,,anm+map,hybrid_simultaneous,,tvc,microbial,5.0,7.0,log cfu/g,4.3,1.0,4.3,0.0,27.0,7.0,0.104,1.0,theoretical
anm-0136-139,1,control,0.0,iu/g,0.0,none,none,30.0,active_antimicrobial,ldpe|pa,,active packaging,4,chicken,fresh chicken breast 300g,,anm+map,hybrid_simultaneous,,tvc,microbial,5.0,7.0,log cfu/g,4.3,1.0,4.3,0.0,9.5,7.0,0.318,1.0,theoretical
anm-0136-139,1,control,0.0,iu/g,0.0,none,none,30.0,active_antimicrobial,ldpe|pa,,active packaging,4,chicken,fresh chicken breast 300g,,anm+map,hybrid_simultaneous,,tvc,microbial,5.0,7.0,log cfu/g,4.3,1.0,4.3,0.0,9.5,7.0,0.318,1.0,theoretical
anm-0136-139,1,control,0.0,iu/g,0.0,none,none,30.0,active_antimicrobial,ldpe|pa,,active packaging,4,chicken,fresh chicken breast 300g,,,,,lab,microbial,5.0,7.0,log cfu/g,4.8,8.0,6.5,0.21,12.0,7.5,0.25,1.071,theoretical
anm-0136-139,1,nisin,500.0,iu/g,0.05,protein,microbial,30.0,active_antimicrobial,ldpe|pa,,active packaging,4,chicken,fresh chicken breast 300g,,anm+map,hybrid_simultaneous,,lab,microbial,5.0,7.0,log cfu/g,4.8,8.0,6.0,0.15,12.0,7.2,0.3,1.029,theoretical
anm-0136-139,1,nisin,1500.0,iu/g,0.15,protein,microbial,30.0,active_antimicrobial,ldpe|pa,,active packaging,4,chicken,fresh chicken breast 300g,,anm+map,hybrid_simultaneous,,lab,microbial,5.0,7.0,log cfu/g,4.8,12.0,6.2,0.12,16.0,7.2,0.25,1.029,theoretical
anm-0136-139,1,nisin,500.0,iu/g,0.05,protein,microbial,30.0,active_antimicrobial,ldpe|pa,,active packaging,4,chicken,fresh chicken breast 300g,,anm+map,hybrid_simultaneous,,lab,microbial,5.0,7.0,log cfu/g,4.8,16.0,6.8,0.13,20.0,7.2,0.1,1.029,theoretical
anm-0136-139,1,nisin,1500.0,iu/g,0.15,protein,microbial,30.0,active_antimicrobial,ldpe|pa,,active packaging,4,chicken,fresh chicken breast 300g,,anm+map,hybrid_simultaneous,,lab,microbial,5.0,7.0,log cfu/g,4.8,16.0,6.7,0.12,20.0,7.1,0.1,1.014,theoretical
anm-0136-139,1,nisin,500.0,iu/g,0.05,protein,microbial,30.0,active_antimicrobial,ldpe|pa,,active packaging,4,chicken,fresh chicken breast 300g,,anm+map,hybrid_simultaneous,,lab,microbial,5.0,7.0,log cfu/g,4.8,20.0,6.6,0.09,24.0,7.0,0.1,1.0,theoretical
anm-0136-139,1,nisin,1500.0,iu/g,0.15,protein,microbial,30.0,active_antimicrobial,ldpe|pa,,active packaging,4,chicken,fresh chicken breast 300g,,anm+map,hybrid_simultaneous,,lab,microbial,5.0,7.0,log cfu/g,4.8,20.0,6.6,0.09,24.0,7.0,0.1,1.0,theoretical
anm-0136-139,1,control,0.0,iu/g,0.0,none,none,30.0,active_antimicrobial,ldpe|pa,,active packaging,4,chicken,fresh chicken breast 300g,,,,,b. thermosphacta,microbial,5.0,7.0,log cfu/g,4.5,8.0,6.0,0.19,12.0,7.2,0.3,1.029,theoretical
anm-0136-139,1,nisin,500.0,iu/g,0.05,protein,microbial,30.0,active_antimicrobial,ldpe|pa,,active packaging,4,chicken,fresh chicken breast 300g,,anm+map,hybrid_simultaneous,,b. thermosphacta,microbial,5.0,7.0,log cfu/g,4.5,8.0,5.8,0.16,12.0,7.0,0.3,1.0,theoretical
anm-0136-139,1,nisin,1500.0,iu/g,0.15,protein,microbial,30.0,active_antimicrobial,ldpe|pa,,active packaging,4,chicken,fresh chicken breast 300g,,anm+map,hybrid_simultaneous,,b. thermosphacta,microbial,5.0,7.0,log cfu/g,4.5,12.0,5.7,0.1,15.0,7.1,0.467,1.014,theoretical
anm-0136-139,1,nisin,500.0,iu/g,0.05,protein,microbial,30.0,active_antimicrobial,ldpe|pa,,active packaging,4,chicken,fresh chicken breast 300g,,anm+map,hybrid_simultaneous,,b. thermosphacta,microbial,5.0,7.0,log cfu/g,4.5,12.0,5.6,0.09,15.0,7.0,0.467,1.0,theoretical
anm-0136-139,1,nisin,1500.0,iu/g,0.15,protein,microbial,30.0,active_antimicrobial,ldpe|pa,,active packaging,4,chicken,fresh chicken breast 300g,,anm+map,hybrid_simultaneous,,b. thermosphacta,microbial,5.0,7.0,log cfu/g,4.5,24.0,6.2,0.07,,,,,theoretical
anm-0136-139,1,nisin,500.0,iu/g,0.05,protein,microbial,30.0,active_antimicrobial,ldpe|pa,,active packaging,4,chicken,fresh chicken breast 300g,,anm+map,hybrid_simultaneous,,b. thermosphacta,microbial,5.0,7.0,log cfu/g,4.5,24.0,6.0,0.06,,,,,theoretical
anm-0136-139,1,nisin,1500.0,iu/g,0.15,protein,microbial,30.0,active_antimicrobial,ldpe|pa,,active packaging,4,chicken,fresh chicken breast 300g,,anm+map,hybrid_simultaneous,,b. thermosphacta,microbial,5.0,7.0,log cfu/g,4.5,24.0,5.9,0.06,,,,,theoretical
anm-0136-139,1,control,0.0,iu/g,0.0,none,none,30.0,active_antimicrobial,ldpe|pa,,active packaging,4,chicken,fresh chicken breast 300g,,,,,pseudomonas,microbial,5.0,7.0,log cfu/g,3.8,8.0,6.0,0.28,12.0,7.1,0.275,1.014,theoretical
anm-0136-139,1,nisin,500.0,iu/g,0.05,protein,microbial,30.0,active_antimicrobial,ldpe|pa,,active packaging,4,chicken,fresh chicken breast 300g,,anm+map,hybrid_simultaneous,,pseudomonas,microbial,5.0,7.0,log cfu/g,3.8,8.0,6.8,0.38,12.0,7.0,0.05,1.0,theoretical
anm-0136-139,1,nisin,1500.0,iu/g,0.15,protein,microbial,30.0,active_antimicrobial,ldpe|pa,,active packaging,4,chicken,fresh chicken breast 300g,,anm+map,hybrid_simultaneous,,pseudomonas,microbial,5.0,7.0,log cfu/g,3.8,12.0,6.8,0.25,16.0,7.0,0.05,1.0,theoretical
anm-0136-139,1,nisin,500.0,iu/g,0.05,protein,microbial,30.0,active_antimicrobial,ldpe|pa,,active packaging,4,chicken,fresh chicken breast 300g,,anm+map,hybrid_simultaneous,,pseudomonas,microbial,5.0,7.0,log cfu/g,3.8,24.0,5.8,0.08,,,,,theoretical
anm-0136-139,1,nisin,1500.0,iu/g,0.15,protein,microbial,30.0,active_antimicrobial,ldpe|pa,,active packaging,4,chicken,fresh chicken breast 300g,,anm+map,hybrid_simultaneous,,pseudomonas,microbial,5.0,7.0,log cfu/g,3.8,24.0,5.8,0.08,,,,,theoretical
anm-0136-139,1,nisin,500.0,iu/g,0.05,protein,microbial,30.0,active_antimicrobial,ldpe|pa,,active packaging,4,chicken,fresh chicken breast 300g,,anm+map,hybrid_simultaneous,,pseudomonas,microbial,5.0,7.0,log cfu/g,3.8,24.0,5.5,0.07,,,,,theoretical
anm-0136-139,1,nisin,1500.0,iu/g,0.15,protein,microbial,30.0,active_antimicrobial,ldpe|pa,,active packaging,4,chicken,fresh chicken breast 300g,,anm+map,hybrid_simultaneous,,pseudomonas,microbial,5.0,7.0,log cfu/g,3.8,24.0,5.0,0.05,,,,,theoretical
anm-0136-139,1,control,0.0,iu/g,0.0,none,none,30.0,active_antimicrobial,ldpe|pa,,active packaging,4,chicken,fresh chicken breast 300g,,,,,enterobacteriaceae,microbial,5.0,7.0,log cfu/g,3.0,20.0,6.8,0.19,24.0,7.0,0.05,1.0,theoretical
anm-0136-139,1,nisin,500.0,iu/g,0.05,protein,microbial,30.0,active_antimicrobial,ldpe|pa,,active packaging,4,chicken,fresh chicken breast 300g,,anm+map,hybrid_simultaneous,,enterobacteriaceae,microbial,5.0,7.0,log cfu/g,3.0,24.0,6.8,0.16,,,,,theoretical
anm-0136-139,1,nisin,1500.0,iu/g,0.15,protein,microbial,30.0,active_antimicrobial,ldpe|pa,,active packaging,4,chicken,fresh chicken breast 300g,,anm+map,hybrid_simultaneous,,enterobacteriaceae,microbial,5.0,7.0,log cfu/g,3.0,24.0,6.8,0.16,,,,,theoretical
anm-0136-139,1,nisin,500.0,iu/g,0.05,protein,microbial,30.0,active_antimicrobial,ldpe|pa,,active packaging,4,chicken,fresh chicken breast 300g,,anm+map,hybrid_simultaneous,,enterobacteriaceae,microbial,5.0,7.0,log cfu/g,3.0,24.0,6.6,0.15,,,,,theoretical
anm-0136-139,1,nisin,1500.0,iu/g,0.15,protein,microbial,30.0,active_antimicrobial,ldpe|pa,,active packaging,4,chicken,fresh chicken breast 300g,,anm+map,hybrid_simultaneous,,enterobacteriaceae,microbial,5.0,7.0,log cfu/g,3.0,24.0,6.5,0.15,,,,,theoretical
anm-0136-139,1,nisin,500.0,iu/g,0.05,protein,microbial,30.0,active_antimicrobial,ldpe|pa,,active packaging,4,chicken,fresh chicken breast 300g,,anm+map,hybrid_simultaneous,,enterobacteriaceae,microbial,5.0,7.0,log cfu/g,3.0,24.0,6.0,0.13,,,,,theoretical
anm-0136-139,1,nisin,1500.0,iu/g,0.15,protein,microbial,30.0,active_antimicrobial,ldpe|pa,,active packaging,4,chicken,fresh chicken breast 300g,,anm+map,hybrid_simultaneous,,enterobacteriaceae,microbial,5.0,7.0,log cfu/g,3.0,24.0,5.8,0.12,,,,,theoretical
anm-0136-139,1,control,0.0,iu/g,0.0,none,none,30.0,active_antimicrobial,ldpe|pa,,active packaging,4,chicken,fresh chicken breast 300g,,,,,tman,chemical,,10.0,mg n/100g,2.0,12.0,4.5,0.208,16.0,10.5,1.5,1.05,theoretical
anm-0136-139,1,nisin,500.0,iu/g,0.05,protein,microbial,30.0,active_antimicrobial,ldpe|pa,,active packaging,4,chicken,fresh chicken breast 300g,,anm+map,hybrid_simultaneous,,tman,chemical,,10.0,mg n/100g,2.0,12.0,4.0,0.167,16.0,10.5,1.625,1.05,theoretical
anm-0136-139,1,nisin,1500.0,iu/g,0.15,protein,microbial,30.0,active_antimicrobial,ldpe|pa,,active packaging,4,chicken,fresh chicken breast 300g,,anm+map,hybrid_simultaneous,,tman,chemical,,10.0,mg n/100g,2.0,15.0,6.0,0.267,20.0,10.0,0.8,1.0,theoretical
anm-0136-139,1,nisin,500.0,iu/g,0.05,protein,microbial,30.0,active_antimicrobial,ldpe|pa,,active packaging,4,chicken,fresh chicken breast 300g,,anm+map,hybrid_simultaneous,,tman,chemical,,10.0,mg n/100g,2.0,15.0,6.0,0.267,20.0,10.0,0.8,1.0,theoretical
anm-0136-139,1,nisin,1500.0,iu/g,0.15,protein,microbial,30.0,active_antimicrobial,ldpe|pa,,active packaging,4,chicken,fresh chicken breast 300g,,anm+map,hybrid_simultaneous,,tman,chemical,,10.0,mg n/100g,2.0,20.0,7.0,0.25,24.0,10.0,0.75,1.0,theoretical
anm-0136-139,1,nisin,500.0,iu/g,0.05,protein,microbial,30.0,active_antimicrobial,ldpe|pa,,active packaging,4,chicken,fresh chicken breast 300g,,anm+map,hybrid_simultaneous,,tman,chemical,,10.0,mg n/100g,2.0,24.0,6.0,0.167,,,,,theoretical
anm-0136-139,1,nisin,1500.0,iu/g,0.15,protein,microbial,30.0,active_antimicrobial,ldpe|pa,,active packaging,4,chicken,fresh chicken breast 300g,,anm+map,hybrid_simultaneous,,tman,chemical,,10.0,mg n/100g,2.0,24.0,3.0,0.042,,,,,theoretical
anm-0136-139,1,control,0.0,iu/g,0.0,none,none,30.0,active_antimicrobial,ldpe|pa,,active packaging,4,chicken,fresh chicken breast 300g,,anm+map,hybrid_simultaneous,,tman,chemical,,10.0,mg n/100g,,,,,,,,,theoretical
anm-0136-139,1,control,0.0,iu/g,0.0,none,none,30.0,active_antimicrobial,ldpe|pa,,active packaging,4,chicken,fresh chicken breast 300g,,anm+map,hybrid_simultaneous,,tman,chemical,,10.0,mg n/100g,,,,,,,,,theoretical
anm-0136-139,1,control,0.0,iu/g,0.0,none,none,30.0,active_antimicrobial,ldpe|pa,,active packaging,4,chicken,fresh chicken breast 300g,,,,,tvbn,chemical,20.0,40.0,mg n/100g,23.6,8.0,35.0,1.425,12.0,42.0,1.75,1.05,theoretical
anm-0136-139,1,nisin,500.0,iu/g,0.05,protein,microbial,30.0,active_antimicrobial,ldpe|pa,,active packaging,4,chicken,fresh chicken breast 300g,,anm+map,hybrid_simultaneous,,tvbn,chemical,20.0,40.0,mg n/100g,23.6,8.0,34.0,1.3,12.0,40.0,1.5,1.0,theoretical
anm-0136-139,1,nisin,1500.0,iu/g,0.15,protein,microbial,30.0,active_antimicrobial,ldpe|pa,,active packaging,4,chicken,fresh chicken breast 300g,,anm+map,hybrid_simultaneous,,tvbn,chemical,20.0,40.0,mg n/100g,23.6,12.0,34.0,0.867,15.0,60.3,8.767,1.51,theoretical
anm-0136-139,1,nisin,500.0,iu/g,0.05,protein,microbial,30.0,active_antimicrobial,ldpe|pa,,active packaging,4,chicken,fresh chicken breast 300g,,anm+map,hybrid_simultaneous,,tvbn,chemical,20.0,40.0,mg n/100g,23.6,15.0,38.0,0.96,20.0,49.2,2.24,1.23,theoretical
anm-0136-139,1,nisin,1500.0,iu/g,0.15,protein,microbial,30.0,active_antimicrobial,ldpe|pa,,active packaging,4,chicken,fresh chicken breast 300g,,anm+map,hybrid_simultaneous,,tvbn,chemical,20.0,40.0,mg n/100g,23.6,24.0,39.5,0.663,,,,,theoretical
anm-0136-139,1,nisin,500.0,iu/g,0.05,protein,microbial,30.0,active_antimicrobial,ldpe|pa,,active packaging,4,chicken,fresh chicken breast 300g,,anm+map,hybrid_simultaneous,,tvbn,chemical,20.0,40.0,mg n/100g,23.6,24.0,37.4,0.575,,,,,theoretical
anm-0136-139,1,nisin,1500.0,iu/g,0.15,protein,microbial,30.0,active_antimicrobial,ldpe|pa,,active packaging,4,chicken,fresh chicken breast 300g,,anm+map,hybrid_simultaneous,,tvbn,chemical,20.0,40.0,mg n/100g,23.6,24.0,32.1,0.354,,,,,theoretical
anm-0143-147,1,control,0.0,%,0.0,none,none,,aerobic,,,,4,chicken,fresh chicken breast 300g,,,,,tvc,microbial,5.0,7.0,log cfu/g,4.28,3.0,5.83,0.52,6.0,7.1,0.423,1.014,theoretical
anm-0143-147,1,organo eo,0.1,%,0.1,essential oil,plant,,aerobic,,,,4,chicken,fresh chicken breast 300g,,anm,single,,tvc,microbial,5.0,7.0,log cfu/g,4.28,3.0,5.59,0.44,6.0,6.92,0.443,0.989,theoretical
anm-0143-147,1,organo eo,1.0,%,1.0,essential oil,plant,,aerobic,,,,4,chicken,fresh chicken breast 300g,,anm,single,,tvc,microbial,5.0,7.0,log cfu/g,4.28,15.0,5.38,0.07,20.0,6.83,0.29,0.976,theoretical
anm-0143-147,1,control,0.0,%,0.0,none,none,,map,,,,4,chicken,fresh chicken breast 300g,,,,,tvc,microbial,5.0,7.0,log cfu/g,4.28,9.0,6.23,0.22,12.0,7.09,0.287,1.013,theoretical
anm-0143-147,1,organo eo,0.1,%,0.1,essential oil,plant,,map,,,,4,chicken,fresh chicken breast 300g,,anm+map,hybrid_simultaneous,,tvc,microbial,5.0,7.0,log cfu/g,4.28,9.0,6.12,0.2,12.0,6.91,0.263,0.987,theoretical
anm-0143-147,1,organo eo,1.0,%,1.0,essential oil,plant,,map,,,,4,chicken,fresh chicken breast 300g,,anm+map,hybrid_simultaneous,,tvc,microbial,5.0,7.0,log cfu/g,4.28,20.0,5.87,0.08,25.0,6.88,0.202,0.983,theoretical
anm-0143-147,1,control,0.0,%,0.0,none,none,,map,,,,4,chicken,fresh chicken breast 300g,,,,,tvc,microbial,5.0,7.0,log cfu/g,4.28,12.0,6.62,0.2,15.0,7.18,0.187,1.026,theoretical
anm-0143-147,1,organo eo,0.1,%,0.1,essential oil,plant,,map,,,,4,chicken,fresh chicken breast 300g,,anm+map,hybrid_simultaneous,,tvc,microbial,5.0,7.0,log cfu/g,4.28,9.0,6.22,0.22,12.0,6.98,0.253,0.997,theoretical
anm-0143-147,1,organo eo,1.0,%,1.0,essential oil,plant,,map,,,,4,chicken,fresh chicken breast 300g,,anm+map,hybrid_simultaneous,,tvc,microbial,5.0,7.0,log cfu/g,4.28,25.0,6.32,0.08,,,,,theoretical
anm-0182-183,1,control,,,0.0,none,none,,active_antimicrobial,pa|cellulose,,active packaging,4±1,beef,veal fillet,,,,,tac,microbial,5.0,7.0,log cfu/g,5.34,1.0,5.34,0.0,3.0,6.48,0.57,0.926,theoretical
anm-0182-183,1,lysozyme,10.0,% (w/w),10.0,protein,enzyme,,active_antimicrobial,pa|cellulose,,active packaging,4±1,beef,veal fillet,,anm,single,,tac,microbial,5.0,7.0,log cfu/g,5.34,3.0,5.55,0.07,,,,,theoretical
anm-0182-183,1,lactoferrin,5.0,% (w/w),5.0,protein,enzyme,,active_antimicrobial,pa|cellulose,,active packaging,4±1,beef,veal fillet,,anm,single,,tac,microbial,5.0,7.0,log cfu/g,5.34,1.0,5.34,0.0,3.0,6.3,0.48,0.9,theoretical
anm-0182-183,1,lysozyme,5.0,% (w/w),5.0,protein,enzyme,,active_antimicrobial,pa|cellulose,,active packaging,4±1,beef,veal fillet,,anm,single,,tac,microbial,5.0,7.0,log cfu/g,5.34,3.0,5.43,0.03,,,,,theoretical
anm-0185-190,1,control,,,0.0,none,none,,vacuum,pa,,,4±1,beef,ground beef patties,,,,,pseudomonas,microbial,5.0,7.0,log cfu/g,6.36,12.0,6.0,-0.03,,,,,theoretical
anm-0185-190,1,oregano eo,5.0,%,5.0,essential oil,plant,,vacuum,pa,,,4±1,beef,ground beef patties,,,,,pseudomonas,microbial,5.0,7.0,log cfu/g,6.36,12.0,5.5,-0.07,,,,,theoretical
anm-0185-190,1,thyme eo,5.0,%,5.0,essential oil,plant,,vacuum,pa,,,4±1,beef,ground beef patties,,,,,pseudomonas,microbial,5.0,7.0,log cfu/g,6.36,12.0,5.25,-0.09,,,,,theoretical
anm-0185-190,1,oregano eo,2.5,%,2.5,essential oil,plant,,vacuum,pa,,,4±1,beef,ground beef patties,,,,,pseudomonas,microbial,5.0,7.0,log cfu/g,6.36,12.0,5.25,-0.09,,,,,theoretical
anm-0185-190,1,control,,,0.0,none,none,,vacuum,pa,,,4±1,beef,ground beef patties,,,,,tcc,microbial,2.0,4.0,log cfu/g,4.7,12.0,5.25,0.05,,,,,theoretical
anm-0185-190,1,organo eo,5.0,%,5.0,essential oil,plant,,vacuum,pa,,,4±1,beef,ground beef patties,,anm+map,hybrid_simultaneous,,tcc,microbial,2.0,4.0,log cfu/g,4.7,12.0,5.0,0.03,,,,,theoretical
anm-0185-190,1,thyme eo,5.0,%,5.0,essential oil,plant,,vacuum,pa,,,4±1,beef,ground beef patties,,anm+map,hybrid_simultaneous,,tcc,microbial,2.0,4.0,log cfu/g,4.7,12.0,5.0,0.03,,,,,theoretical
anm-0185-190,1,organo eo,2.5,%,2.5,essential oil,plant,,vacuum,pa,,,4±1,beef,ground beef patties,,anm+map,hybrid_simultaneous,,tcc,microbial,2.0,4.0,log cfu/g,4.7,12.0,5.0,0.03,,,,,theoretical
anm-0193-194,1,control,,,0.0,none,none,,,protein film,film,,5,beef,freshly cut beef (2.1x2.5x1cm),,,,,tvc,microbial,5.0,7.0,log cfu/g,3.0,1.0,3.0,0.0,9.0,8.4,0.675,1.2,theoretical
anm-0193-194,1,oregano eo,1.5,% (w/w),1.5,essential oil,plant,,,protein film,film,,5,beef,freshly cut beef (2.1x2.5x1cm),,anm,single,,tvc,microbial,5.0,7.0,log cfu/g,3.0,9.0,5.1,0.23,13.0,7.0,0.475,1.0,theoretical
anm-0193-194,1,control,,,0.0,none,none,,,protein film,film,,5,beef,freshly cut beef (2.1x2.5x1cm),,,,,pseudomonas,microbial,5.0,7.0,log cfu/g,3.0,1.0,3.0,0.0,9.0,8.4,0.675,1.2,theoretical
anm-0193-194,1,oregano eo,1.5,% (w/w),1.5,essential oil,plant,,,protein film,film,,5,beef,freshly cut beef (2.1x2.5x1cm),,,,,pseudomonas,microbial,5.0,7.0,log cfu/g,3.0,9.0,5.1,0.23,13.0,7.0,0.475,1.0,theoretical
anm-0193-194,1,control,,,0.0,none,none,,,protein film,film,,5,beef,freshly cut beef (2.1x2.5x1cm),,,,,lab,microbial,5.0,7.0,log cfu/g,3.0,1.0,3.0,0.0,9.0,8.4,0.675,1.2,theoretical
anm-0193-194,1,oregano eo,1.5,% (w/w),1.5,essential oil,plant,,,protein film,film,,5,beef,freshly cut beef (2.1x2.5x1cm),,anm,single,,lab,microbial,5.0,7.0,log cfu/g,3.0,9.0,5.1,0.23,13.0,7.0,0.475,1.0,theoretical
anm-0206-208,1,control,,,0.0,none,none,2.0,active_antimicrobial,ldpe|pa|protein film,pouch,active packaging|barrier,4,chicken,skinless and boneless fresh chicken breast meat (ca. 400 g),,,,,tvc,microbial,5.0,7.0,log cfu/g,4.85,1.0,4.85,0.0,6.0,7.5,0.53,1.071,theoretical
anm-0206-208,1,pomegranate fruit juice,100.0,%,2.0,phenol,plant,2.0,active_antimicrobial,ldpe|pa|protein film,pouch,active packaging|barrier,4,chicken,skinless and boneless fresh chicken breast meat (ca. 400 g),,anm,single,,tvc,microbial,5.0,7.0,log cfu/g,4.85,11.0,6.5,0.15,16.0,7.5,0.2,1.071,theoretical
anm-0206-208,1,pomegranate fruit juice,100.0,%,2.0,phenol,plant,2.0,active_antimicrobial,ldpe|pa|protein film,pouch,active packaging|barrier,4,chicken,skinless and boneless fresh chicken breast meat (ca. 400 g),,anm,single,,tvc,microbial,5.0,7.0,log cfu/g,4.85,21.0,6.5,0.08,,,,,theoretical
anm-0206-208,1,pomegranate fruit juice,100.0,%,2.0,phenol,plant,2.0,active_antimicrobial,ldpe|pa|protein film,pouch,active packaging|barrier,4,chicken,skinless and boneless fresh chicken breast meat (ca. 400 g),,anm,single,,tvc,microbial,5.0,7.0,log cfu/g,4.85,21.0,6.5,0.08,,,,,theoretical
anm-0206-208,1,pomegranate fruit juice,100.0,%,2.0,phenol,plant,2.0,active_antimicrobial,ldpe|pa|protein film,pouch,active packaging|barrier,4,chicken,skinless and boneless fresh chicken breast meat (ca. 400 g),,anm,single,,tvc,microbial,5.0,7.0,log cfu/g,4.85,21.0,6.5,0.08,,,,,theoretical
anm-0206-208,1,control,,,0.0,none,none,2.0,active_antimicrobial,ldpe|pa|protein film,pouch,active packaging|barrier,4,chicken,skinless and boneless fresh chicken breast meat (ca. 400 g),,,,,pseudomonas,microbial,5.0,7.0,log cfu/g,4.04,1.0,4.04,0.0,6.0,7.0,0.592,1.0,theoretical
anm-0206-208,1,pomegranate fruit juice,100.0,%,2.0,phenol,plant,2.0,active_antimicrobial,ldpe|pa|protein film,pouch,active packaging|barrier,4,chicken,skinless and boneless fresh chicken breast meat (ca. 400 g),,,,,pseudomonas,microbial,5.0,7.0,log cfu/g,4.04,11.0,6.9,0.26,16.0,7.1,0.04,1.014,theoretical
anm-0206-208,1,pomegranate fruit juice,100.0,%,2.0,phenol,plant,2.0,active_antimicrobial,ldpe|pa|protein film,pouch,active packaging|barrier,4,chicken,skinless and boneless fresh chicken breast meat (ca. 400 g),,,,,pseudomonas,microbial,5.0,7.0,log cfu/g,4.04,16.0,6.5,0.15,21.0,7.0,0.1,1.0,theoretical
anm-0206-208,1,pomegranate fruit juice,100.0,%,2.0,phenol,plant,2.0,active_antimicrobial,ldpe|pa|protein film,pouch,active packaging|barrier,4,chicken,skinless and boneless fresh chicken breast meat (ca. 400 g),,,,,pseudomonas,microbial,5.0,7.0,log cfu/g,4.04,21.0,6.1,0.1,,,,,theoretical
anm-0206-208,1,pomegranate fruit juice,100.0,%,2.0,phenol,plant,2.0,active_antimicrobial,ldpe|pa|protein film,pouch,active packaging|barrier,4,chicken,skinless and boneless fresh chicken breast meat (ca. 400 g),,,,,pseudomonas,microbial,5.0,7.0,log cfu/g,4.04,21.0,6.0,0.09,,,,,theoretical
anm-0206-208,1,control,,,0.0,none,none,2.0,active_antimicrobial,ldpe|pa|protein film,pouch,active packaging|barrier,4,chicken,skinless and boneless fresh chicken breast meat (ca. 400 g),,,,,lab,microbial,5.0,7.0,log cfu/g,4.87,1.0,4.87,0.0,6.0,7.0,0.426,1.0,theoretical
anm-0206-208,1,pomegranate fruit juice,100.0,%,2.0,phenol,plant,2.0,active_antimicrobial,ldpe|pa|protein film,pouch,active packaging|barrier,4,chicken,skinless and boneless fresh chicken breast meat (ca. 400 g),,anm,single,,lab,microbial,5.0,7.0,log cfu/g,4.87,6.0,6.5,0.27,11.0,7.0,0.1,1.0,theoretical
anm-0206-208,1,pomegranate fruit juice,100.0,%,2.0,phenol,plant,2.0,active_antimicrobial,ldpe|pa|protein film,pouch,active packaging|barrier,4,chicken,skinless and boneless fresh chicken breast meat (ca. 400 g),,anm,single,,lab,microbial,5.0,7.0,log cfu/g,4.87,6.0,5.5,0.11,11.0,7.1,0.32,1.014,theoretical
anm-0206-208,1,pomegranate fruit juice,100.0,%,2.0,phenol,plant,2.0,active_antimicrobial,ldpe|pa|protein film,pouch,active packaging|barrier,4,chicken,skinless and boneless fresh chicken breast meat (ca. 400 g),,anm,single,,lab,microbial,5.0,7.0,log cfu/g,4.87,16.0,6.5,0.1,21.0,7.5,0.2,1.071,theoretical
anm-0206-208,1,pomegranate fruit juice,100.0,%,2.0,phenol,plant,2.0,active_antimicrobial,ldpe|pa|protein film,pouch,active packaging|barrier,4,chicken,skinless and boneless fresh chicken breast meat (ca. 400 g),,anm,single,,lab,microbial,5.0,7.0,log cfu/g,4.87,16.0,6.1,0.08,21.0,7.0,0.18,1.0,theoretical
anm-0206-208,1,control,,,0.0,none,none,2.0,active_antimicrobial,ldpe|pa|protein film,pouch,active packaging|barrier,4,chicken,skinless and boneless fresh chicken breast meat (ca. 400 g),,,,,psy,chemical,5.0,7.0,log cfu/g,3.19,2.0,3.19,0.0,6.0,9.0,1.453,1.286,theoretical
anm-0206-208,1,pomegranate fruit juice,100.0,%,2.0,phenol,plant,2.0,active_antimicrobial,ldpe|pa|protein film,pouch,active packaging|barrier,4,chicken,skinless and boneless fresh chicken breast meat (ca. 400 g),,anm,single,,psy,chemical,5.0,7.0,log cfu/g,3.64,2.0,3.64,0.0,6.0,7.5,0.965,1.071,theoretical
anm-0206-208,1,pomegranate fruit juice,100.0,%,2.0,phenol,plant,2.0,active_antimicrobial,ldpe|pa|protein film,pouch,active packaging|barrier,4,chicken,skinless and boneless fresh chicken breast meat (ca. 400 g),,anm,single,,psy,chemical,5.0,7.0,log cfu/g,3.7,6.0,6.1,0.4,11.0,7.5,0.28,1.071,theoretical
anm-0206-208,1,pomegranate fruit juice,100.0,%,2.0,phenol,plant,2.0,active_antimicrobial,ldpe|pa|protein film,pouch,active packaging|barrier,4,chicken,skinless and boneless fresh chicken breast meat (ca. 400 g),,anm,single,,psy,chemical,5.0,7.0,log cfu/g,3.74,11.0,6.5,0.25,16.0,7.45,0.19,1.064,theoretical
anm-0206-208,1,pomegranate fruit juice,100.0,%,2.0,phenol,plant,2.0,active_antimicrobial,ldpe|pa|protein film,pouch,active packaging|barrier,4,chicken,skinless and boneless fresh chicken breast meat (ca. 400 g),,anm,single,,psy,chemical,5.0,7.0,log cfu/g,4.1,16.0,6.1,0.13,21.0,7.0,0.18,1.0,theoretical
anm-0206-208,1,control,,,0.0,none,none,2.0,active_antimicrobial,ldpe|pa|protein film,pouch,active packaging|barrier,4,chicken,skinless and boneless fresh chicken breast meat (ca. 400 g),,,,,pv,chemical,10.0,25.0,meq o2/kg fat,0.07,20.0,0.13,0.003,,,,,theoretical
anm-0206-208,1,pomegranate fruit juice,100.0,%,2.0,phenol,plant,2.0,active_antimicrobial,ldpe|pa|protein film,pouch,active packaging|barrier,4,chicken,skinless and boneless fresh chicken breast meat (ca. 400 g),,anm,single,,pv,chemical,10.0,25.0,meq o2/kg fat,0.07,20.0,0.13,0.003,,,,,theoretical
anm-0206-208,1,pomegranate fruit juice,100.0,%,2.0,phenol,plant,2.0,active_antimicrobial,ldpe|pa|protein film,pouch,active packaging|barrier,4,chicken,skinless and boneless fresh chicken breast meat (ca. 400 g),,anm,single,,pv,chemical,10.0,25.0,meq o2/kg fat,0.05,20.0,0.11,0.003,,,,,theoretical
anm-0206-208,1,pomegranate fruit juice,100.0,%,2.0,phenol,plant,2.0,active_antimicrobial,ldpe|pa|protein film,pouch,active packaging|barrier,4,chicken,skinless and boneless fresh chicken breast meat (ca. 400 g),,anm,single,,pv,chemical,10.0,25.0,meq o2/kg fat,0.07,20.0,0.099,0.002,,,,,theoretical
anm-0206-208,1,pomegranate fruit juice,100.0,%,2.0,phenol,plant,2.0,active_antimicrobial,ldpe|pa|protein film,pouch,active packaging|barrier,4,chicken,skinless and boneless fresh chicken breast meat (ca. 400 g),,anm,single,,pv,chemical,10.0,25.0,meq o2/kg fat,0.05,20.0,0.065,0.001,,,,,theoretical
anm-0206-208,1,control,,,0.0,none,none,2.0,active_antimicrobial,ldpe|pa|protein film,pouch,active packaging|barrier,4,chicken,skinless and boneless fresh chicken breast meat (ca. 400 g),,,,,tbars,chemical,0.5,2.0,mg mda/kg,0.04,20.0,0.128,0.004,,,,,theoretical
anm-0206-208,1,pomegranate fruit juice,100.0,%,2.0,phenol,plant,2.0,active_antimicrobial,ldpe|pa|protein film,pouch,active packaging|barrier,4,chicken,skinless and boneless fresh chicken breast meat (ca. 400 g),,,,,tbars,chemical,0.5,2.0,mg mda/kg,0.02,20.0,0.112,0.005,,,,,theoretical
anm-0206-208,1,pomegranate fruit juice,100.0,%,2.0,phenol,plant,2.0,active_antimicrobial,ldpe|pa|protein film,pouch,active packaging|barrier,4,chicken,skinless and boneless fresh chicken breast meat (ca. 400 g),,,,,tbars,chemical,0.5,2.0,mg mda/kg,0.03,20.0,0.106,0.004,,,,,theoretical
anm-0206-208,1,pomegranate fruit juice,100.0,%,2.0,phenol,plant,2.0,active_antimicrobial,ldpe|pa|protein film,pouch,active packaging|barrier,4,chicken,skinless and boneless fresh chicken breast meat (ca. 400 g),,,,,tbars,chemical,0.5,2.0,mg mda/kg,0.02,20.0,0.09,0.004,,,,,theoretical
anm-0206-208,1,pomegranate fruit juice,100.0,%,2.0,phenol,plant,2.0,active_antimicrobial,ldpe|pa|protein film,pouch,active packaging|barrier,4,chicken,skinless and boneless fresh chicken breast meat (ca. 400 g),,,,,tbars,chemical,0.5,2.0,mg mda/kg,0.01,20.0,0.08,0.003,,,,,theoretical
anm0209-213,1,control,,,0.0,none,none,2.0,active_antimicrobial,pa|protein film|ldpe|pp,tray,active packaging,4,chicken,skinned chicken breast fillets,,,,,tac,microbial,5.0,7.0,log cfu/g,3.34,13.0,6.99,0.28,,,,,theoretical
anm0209-213,1,oregano eo,10.0,g/kg,1.0,essential oil,plant,2.0,active_antimicrobial,pa|protein film|ldpe|pp,tray,active packaging,4,chicken,skinned chicken breast fillets,,anm,single,,tac,microbial,5.0,7.0,log cfu/g,3.34,13.0,5.61,0.17,,,,,theoretical
anm0209-213,1,oregano eo,20.0,g/kg,2.0,essential oil,plant,2.0,active_antimicrobial,pa|protein film|ldpe|pp,tray,active packaging,4,chicken,skinned chicken breast fillets,,anm,single,,tac,microbial,5.0,7.0,log cfu/g,3.34,13.0,4.98,0.13,,,,,theoretical
anm0209-213,1,clove eo,10.0,g/kg,1.0,essential oil,plant,2.0,active_antimicrobial,pa|protein film|ldpe|pp,tray,active packaging,4,chicken,skinned chicken breast fillets,,anm,single,,tac,microbial,5.0,7.0,log cfu/g,3.34,13.0,6.72,0.26,,,,,theoretical
anm0209-213,1,clove eo,20.0,g/kg,2.0,essential oil,plant,2.0,active_antimicrobial,pa|protein film|ldpe|pp,tray,active packaging,4,chicken,skinned chicken breast fillets,,anm,single,,tac,microbial,5.0,7.0,log cfu/g,3.34,13.0,5.83,0.19,,,,,theoretical
anm0209-213,1,control,,,0.0,none,none,2.0,active_antimicrobial,pa|protein film|ldpe|pp,tray,active packaging,4,chicken,skinned chicken breast fillets,,,,,enterobacteriaceae,microbial,5.0,7.0,log cfu/g,2.17,10.0,6.7,0.45,13.0,7.55,0.283,1.079,theoretical
anm0209-213,1,oregano eo,10.0,g/kg,1.0,essential oil,plant,2.0,active_antimicrobial,pa|protein film|ldpe|pp,tray,active packaging,4,chicken,skinned chicken breast fillets,,anm,single,,enterobacteriaceae,microbial,5.0,7.0,log cfu/g,2.17,13.0,6.43,0.33,,,,,theoretical
anm0209-213,1,oregano eo,20.0,g/kg,2.0,essential oil,plant,2.0,active_antimicrobial,pa|protein film|ldpe|pp,tray,active packaging,4,chicken,skinned chicken breast fillets,,anm,single,,enterobacteriaceae,microbial,5.0,7.0,log cfu/g,2.17,13.0,6.41,0.33,,,,,theoretical
anm0209-213,1,clove eo,10.0,g/kg,1.0,essential oil,plant,2.0,active_antimicrobial,pa|protein film|ldpe|pp,tray,active packaging,4,chicken,skinned chicken breast fillets,,anm,single,,enterobacteriaceae,microbial,5.0,7.0,log cfu/g,2.17,13.0,6.62,0.34,,,,,theoretical
anm0209-213,1,clove eo,20.0,g/kg,2.0,essential oil,plant,2.0,active_antimicrobial,pa|protein film|ldpe|pp,tray,active packaging,4,chicken,skinned chicken breast fillets,,anm,single,,enterobacteriaceae,microbial,5.0,7.0,log cfu/g,2.17,13.0,6.14,0.31,,,,,theoretical
anm0209-213,1,control,,,0.0,none,none,2.0,active_antimicrobial,pa|protein film|ldpe|pp,tray,active packaging,4,chicken,skinned chicken breast fillets,,,,,psy,microbial,5.0,7.0,log cfu/g,3.43,10.0,5.84,0.24,13.0,7.03,0.397,1.004,theoretical
anm0209-213,1,oregano eo,10.0,g/kg,1.0,essential oil,plant,2.0,active_antimicrobial,pa|protein film|ldpe|pp,tray,active packaging,4,chicken,skinned chicken breast fillets,,anm,single,,psy,microbial,5.0,7.0,log cfu/g,3.43,13.0,5.65,0.17,,,,,theoretical
anm0209-213,1,oregano eo,20.0,g/kg,2.0,essential oil,plant,2.0,active_antimicrobial,pa|protein film|ldpe|pp,tray,active packaging,4,chicken,skinned chicken breast fillets,,anm,single,,psy,microbial,5.0,7.0,log cfu/g,3.43,13.0,5.84,0.19,,,,,theoretical
anm0209-213,1,clove eo,10.0,g/kg,1.0,essential oil,plant,2.0,active_antimicrobial,pa|protein film|ldpe|pp,tray,active packaging,4,chicken,skinned chicken breast fillets,,anm,single,,psy,microbial,5.0,7.0,log cfu/g,3.43,13.0,6.71,0.25,,,,,theoretical
anm0209-213,1,clove eo,20.0,g/kg,2.0,essential oil,plant,2.0,active_antimicrobial,pa|protein film|ldpe|pp,tray,active packaging,4,chicken,skinned chicken breast fillets,,anm,single,,psy,microbial,5.0,7.0,log cfu/g,3.43,13.0,6.55,0.24,,,,,theoretical
anm0209-213,1,control,,,0.0,none,none,2.0,active_antimicrobial,pa|protein film|ldpe|pp,tray,active packaging,4,chicken,skinned chicken breast fillets,,,,,enterobacteriaceae,microbial,5.0,7.0,log cfu/g,3.37,3.0,4.43,0.35,5.0,7.54,1.555,1.077,theoretical
anm0209-213,1,oregano eo,10.0,g/kg,1.0,essential oil,plant,2.0,active_antimicrobial,pa|protein film|ldpe|pp,tray,active packaging,4,chicken,skinned chicken breast fillets,,anm,single,,enterobacteriaceae,microbial,5.0,7.0,log cfu/g,3.37,3.0,4.21,0.28,5.0,7.13,1.46,1.019,theoretical
anm0209-213,1,oregano eo,20.0,g/kg,2.0,essential oil,plant,2.0,active_antimicrobial,pa|protein film|ldpe|pp,tray,active packaging,4,chicken,skinned chicken breast fillets,,anm,single,,enterobacteriaceae,microbial,5.0,7.0,log cfu/g,3.37,10.0,6.86,0.35,13.0,7.05,0.063,1.007,theoretical
anm0209-213,1,clove eo,10.0,g/kg,1.0,essential oil,plant,2.0,active_antimicrobial,pa|protein film|ldpe|pp,tray,active packaging,4,chicken,skinned chicken breast fillets,,anm,single,,enterobacteriaceae,microbial,5.0,7.0,log cfu/g,3.37,3.0,4.23,0.29,5.0,7.06,1.415,1.009,theoretical
anm0209-213,1,clove eo,20.0,g/kg,2.0,essential oil,plant,2.0,active_antimicrobial,pa|protein film|ldpe|pp,tray,active packaging,4,chicken,skinned chicken breast fillets,,anm,single,,enterobacteriaceae,microbial,5.0,7.0,log cfu/g,3.37,3.0,4.25,0.29,5.0,7.48,1.615,1.069,theoretical
anm0209-213,1,control,,,0.0,none,none,2.0,active_antimicrobial,pa|protein film|ldpe|pp,tray,active packaging,4,chicken,skinned chicken breast fillets,,,,,pseudomonas,microbial,5.0,7.0,log cfu/g,4.47,3.0,4.47,0.0,5.0,8.82,2.175,1.26,theoretical
anm0209-213,1,oregano eo,10.0,g/kg,1.0,essential oil,plant,2.0,active_antimicrobial,pa|protein film|ldpe|pp,tray,active packaging,4,chicken,skinned chicken breast fillets,,anm,single,,pseudomonas,microbial,5.0,7.0,log cfu/g,4.47,3.0,4.47,0.0,5.0,8.47,2.0,1.21,theoretical
anm0209-213,1,oregano eo,20.0,g/kg,2.0,essential oil,plant,2.0,active_antimicrobial,pa|protein film|ldpe|pp,tray,active packaging,4,chicken,skinned chicken breast fillets,,anm,single,,pseudomonas,microbial,5.0,7.0,log cfu/g,4.47,3.0,4.47,0.0,5.0,7.21,1.37,1.03,theoretical
anm0209-213,1,clove eo,10.0,g/kg,1.0,essential oil,plant,2.0,active_antimicrobial,pa|protein film|ldpe|pp,tray,active packaging,4,chicken,skinned chicken breast fillets,,anm,single,,pseudomonas,microbial,5.0,7.0,log cfu/g,4.47,3.0,4.47,0.0,5.0,7.4,1.465,1.057,theoretical
anm0209-213,1,clove eo,20.0,g/kg,2.0,essential oil,plant,2.0,active_antimicrobial,pa|protein film|ldpe|pp,tray,active packaging,4,chicken,skinned chicken breast fillets,,anm,single,,pseudomonas,microbial,5.0,7.0,log cfu/g,4.47,3.0,4.47,0.0,5.0,7.06,1.295,,theoretical
anm-0238-239,1,control,,,0.0,none,none,60.0,active_antimicrobial,ldpe|pa|protein film,pouch,active packaging,4,fish,crucian carp,,,,,tvc,microbial,5.0,7.0,log cfu/g,2.84,10.0,6.97,0.41,15.0,8.5,0.306,1.214,theoretical
anm-0238-239,1,tea polyphenols,0.2,%,0.2,phenol,plant,60.0,active_antimicrobial,ldpe|pa|protein film,pouch,active packaging,4,fish,crucian carp,,anm,single,,tvc,microbial,5.0,7.0,log cfu/g,2.84,15.0,6.7,0.26,20.0,8.0,0.26,1.143,theoretical
anm-0238-239,1,rosemary extract,0.2,%,0.2,phenol,plant,60.0,active_antimicrobial,ldpe|pa|protein film,pouch,active packaging,4,fish,crucian carp,,anm,single,,tvc,microbial,5.0,7.0,log cfu/g,2.84,15.0,6.2,0.22,20.0,7.5,0.26,1.071,theoretical
anm-0327-346,1,control,,,0.0,none,none,,,,,,8,beef,swedish-style meatballs,,,,,lab,microbial,5.0,7.0,log cfu/g,2.0,12.0,3.3,0.11,,,,,theoretical
anm-0327-346,1,rosemary oil extract,0.1,% (w/w),0.1,essential oil,plant,,,,,,8,beef,swedish-style meatballs,,anm,single,,lab,microbial,5.0,7.0,log cfu/g,1.6,12.0,3.0,0.12,,,,,theoretical
anm-0327-346,1,rosemary water extract,0.15,% (w/w),0.15,phenol,plant,,,,,,8,beef,swedish-style meatballs,,anm,single,,lab,microbial,5.0,7.0,log cfu/g,1.6,12.0,3.3,0.14,,,,,theoretical
anm-0327-346,1,rosemary oil and water extract,0.25,% (w/w),0.25,phenol/essential oil,plant,,,,,,8,beef,swedish-style meatballs,,anm,single,,lab,microbial,5.0,7.0,log cfu/g,2.3,12.0,3.3,0.08,,,,,theoretical
anm-0327-346,1,lemon fiber,5.0,% (w/w),5.0,carbohydrate,plant,,,,,,8,beef,swedish-style meatballs,,anm,single,,lab,microbial,5.0,7.0,log cfu/g,1.6,12.0,1.6,0.0,,,,,theoretical
anm-0327-346,1,orange fiber,5.0,% (w/w),5.0,carbohydrate,plant,,,,,,8,beef,swedish-style meatballs,,anm,single,,lab,microbial,5.0,7.0,log cfu/g,1.6,12.0,1.6,0.0,,,,,theoretical
anm-0359-360,1,control,,,0.0,none,none,30.0,active_antimicrobial,ldpe|pa|protein film,pouch,active packaging,0–2,fish,indian mackerel,,,,,tac,microbial,5.0,7.0,log cfu/g,4.17,,,,11.0,7.13,0.648,1.019,theoretical
anm-0359-360,1,mint leaf extract,0.5,% (w/v),0.5,essential oil,plant,30.0,active_antimicrobial,ldpe|pa|protein film,pouch,active packaging,0–2,fish,indian mackerel,,anm,single,,tac,microbial,5.0,7.0,log cfu/g,4.17,,,,16.0,7.33,0.458,1.047,theoretical
anm-0359-360,1,citrus peel extract,0.5,% (w/v),0.5,phenol,plant,30.0,active_antimicrobial,ldpe|pa|protein film,pouch,active packaging,0–2,fish,indian mackerel,,anm,single,,tac,microbial,5.0,7.0,log cfu/g,4.17,,,,13.0,7.01,0.539,1.001,theoretical
anm-0361-363,1,control,,,0.0,none,none,,active_antimicrobial,ldpe|pa|protein film,bag,active packaging,7,chicken,restructured chicken block,,,,,tpc,microbial,5.0,7.0,log cfu/g,3.4,20.0,4.2,0.04,,,,,theoretical
anm-0361-363,1,drumstick leaf,1.0,%,1.0,essential oil,plant,,active_antimicrobial,ldpe|pa|protein film,bag,active packaging,7,chicken,restructured chicken block,,anm,single,,tpc,microbial,5.0,7.0,log cfu/g,3.1,20.0,3.7,0.03,,,,,theoretical
anm-0361-363,1,mint leaf,1.0,%,1.0,essential oil,plant,,active_antimicrobial,ldpe|pa|protein film,bag,active packaging,7,chicken,restructured chicken block,,anm,single,,tpc,microbial,5.0,7.0,log cfu/g,3.1,20.0,3.9,0.04,,,,,theoretical
anm-0361-363,1,curry leaf,1.0,%,1.0,essential oil,plant,,active_antimicrobial,ldpe|pa|protein film,bag,active packaging,7,chicken,restructured chicken block,,anm,single,,tpc,microbial,5.0,7.0,log cfu/g,2.9,20.0,3.7,0.04,,,,,theoretical
anm-0523-526,1,control,,,0.0,none,none,,active_antimicrobial,pa,,active packaging,4,chicken,ready to cook chicken-pepper kebabs (125g),,,,,tvc,microbial,5.0,7.0,log cfu/g,5.41,2.0,6.5,0.55,4.0,7.1,0.3,1.014,theoretical
anm-0523-526,1,chitosan,1.5,% (v/w),0.03,carbohydrate,"algae, fish and others",,active_antimicrobial,pa,,active packaging,4,chicken,ready to cook chicken-pepper kebabs (125g),,anm,single,,tvc,microbial,5.0,7.0,log cfu/g,5.41,4.0,6.5,0.27,6.0,7.0,0.25,1.0,theoretical
anm-0523-526,1,thyme oil,0.2,% (v/w),0.2,essential oil,plant,,active_antimicrobial,pa,,active packaging,4,chicken,ready to cook chicken-pepper kebabs (125g),,anm,single,,tvc,microbial,5.0,7.0,log cfu/g,5.41,4.0,6.5,0.27,6.0,7.0,0.25,1.0,theoretical
anm-0523-526,1,chitosan,1.5,% (v/w),0.03,carbohydrate,"algae, fish and others",,active_antimicrobial,pa,,active packaging,4,chicken,ready to cook chicken-pepper kebabs (125g),,anm,single,,tvc,microbial,5.0,7.0,log cfu/g,5.41,6.0,6.5,0.18,7.0,7.0,0.5,1.0,theoretical
anm-0523-526,1,control,,,0.0,none,none,,active_antimicrobial,pa,,active packaging,4,chicken,ready to cook chicken-pepper kebabs (125g),,,,,pseudomonas,microbial,5.0,7.0,log cfu/g,5.05,2.0,6.5,0.73,4.0,7.2,0.35,1.029,theoretical
anm-0523-526,1,chitosan,1.5,% (v/w),0.03,carbohydrate,"algae, fish and others",,active_antimicrobial,pa,,active packaging,4,chicken,ready to cook chicken-pepper kebabs (125g),,anm,single,,pseudomonas,microbial,5.0,7.0,log cfu/g,5.05,4.0,6.0,0.24,6.0,7.5,0.75,1.071,theoretical
anm-0523-526,1,thyme oil,0.2,% (v/w),0.2,essential oil,plant,,active_antimicrobial,pa,,active packaging,4,chicken,ready to cook chicken-pepper kebabs (125g),,anm,single,,pseudomonas,microbial,5.0,7.0,log cfu/g,5.05,4.0,6.0,0.24,6.0,7.5,0.75,1.071,theoretical
anm-0523-526,1,chitosan,1.5,% (v/w),0.03,carbohydrate,"algae, fish and others",,active_antimicrobial,pa,,active packaging,4,chicken,ready to cook chicken-pepper kebabs (125g),,anm,single,,pseudomonas,microbial,5.0,7.0,log cfu/g,5.05,6.0,6.0,0.16,8.0,7.0,0.5,1.0,theoretical
anm-0523-526,1,control,,,0.0,none,none,,active_antimicrobial,pa,,active packaging,4,chicken,ready to cook chicken-pepper kebabs (125g),,,,,lab,microbial,5.0,7.0,log cfu/g,4.35,6.0,6.1,0.29,8.0,7.0,0.45,1.0,theoretical
anm-0523-526,1,chitosan,1.5,% (v/w),0.03,carbohydrate,"algae, fish and others",,active_antimicrobial,pa,,active packaging,4,chicken,ready to cook chicken-pepper kebabs (125g),,anm,single,,lab,microbial,5.0,7.0,log cfu/g,4.35,8.0,5.0,0.08,10.0,7.0,1.0,1.0,theoretical
anm-0523-526,1,thyme oil,0.2,% (v/w),0.2,essential oil,plant,,active_antimicrobial,pa,,active packaging,4,chicken,ready to cook chicken-pepper kebabs (125g),,anm,single,,lab,microbial,5.0,7.0,log cfu/g,4.35,8.0,5.0,0.08,10.0,7.0,1.0,1.0,theoretical
anm-0523-526,1,chitosan,1.5,% (v/w),0.03,carbohydrate,"algae, fish and others",,active_antimicrobial,pa,,active packaging,4,chicken,ready to cook chicken-pepper kebabs (125g),,anm,single,,lab,microbial,5.0,7.0,log cfu/g,4.35,10.0,5.9,0.16,,,,,theoretical
anm-0523-526,1,control,,,0.0,none,none,,active_antimicrobial,pa,,active packaging,4,chicken,ready to cook chicken-pepper kebabs (125g),,,,,b. thermosphacta,microbial,5.0,7.0,log cfu/g,4.29,,,,12.0,9.13,,,theoretical
anm-0523-526,1,chitosan,1.5,% (v/w),0.03,carbohydrate,"algae, fish and others",,active_antimicrobial,pa,,active packaging,4,chicken,ready to cook chicken-pepper kebabs (125g),,anm,single,,b. thermosphacta,microbial,5.0,7.0,log cfu/g,4.29,,,,12.0,,,,theoretical
anm-0523-526,1,thyme oil,0.2,% (v/w),0.2,essential oil,plant,,active_antimicrobial,pa,,active packaging,4,chicken,ready to cook chicken-pepper kebabs (125g),,anm,single,,b. thermosphacta,microbial,5.0,7.0,log cfu/g,4.29,,,,12.0,,,,theoretical
anm-0523-526,1,chitosan,1.5,% (v/w),0.03,carbohydrate,"algae, fish and others",,active_antimicrobial,pa,,active packaging,4,chicken,ready to cook chicken-pepper kebabs (125g),,anm,single,,b. thermosphacta,microbial,5.0,7.0,log cfu/g,4.29,,,,12.0,,,,theoretical
anm-0523-526,1,control,,,0.0,none,none,,active_antimicrobial,pa,,active packaging,4,chicken,ready to cook chicken-pepper kebabs (125g),,,,,enterobacteriaceae,microbial,5.0,7.0,log cfu/g,3.5,,,,,,,,theoretical
anm-0523-526,1,chitosan,1.5,% (v/w),0.03,carbohydrate,"algae, fish and others",,active_antimicrobial,pa,,active packaging,4,chicken,ready to cook chicken-pepper kebabs (125g),,anm,single,,enterobacteriaceae,microbial,5.0,7.0,log cfu/g,3.5,,,,,,,,theoretical
anm-0523-526,1,thyme oil,0.2,% (v/w),0.2,essential oil,plant,,active_antimicrobial,pa,,active packaging,4,chicken,ready to cook chicken-pepper kebabs (125g),,anm,single,,enterobacteriaceae,microbial,5.0,7.0,log cfu/g,3.5,,,,,,,,theoretical
anm-0523-526,1,chitosan,1.5,% (v/w),0.03,carbohydrate,"algae, fish and others",,active_antimicrobial,pa,,active packaging,4,chicken,ready to cook chicken-pepper kebabs (125g),,anm,single,,enterobacteriaceae,microbial,5.0,7.0,log cfu/g,3.5,,,,12.0,,,,theoretical
anm-0523-526,1,control,,,0.0,none,none,,active_antimicrobial,pa,,active packaging,4,chicken,ready to cook chicken-pepper kebabs (125g),,,,,fungal count,microbial,2.0,3.0,log cfu/g,4.5,6.0,6.2,0.28,8.0,8.0,0.9,2.667,theoretical
anm-0523-526,1,chitosan,1.5,% (v/w),0.03,carbohydrate,"algae, fish and others",,active_antimicrobial,pa,,active packaging,4,chicken,ready to cook chicken-pepper kebabs (125g),,anm,single,,fungal count,microbial,2.0,3.0,log cfu/g,4.51,8.0,6.0,0.19,10.0,7.0,0.5,2.333,theoretical
anm-0523-526,1,thyme oil,0.2,% (v/w),0.2,essential oil,plant,,active_antimicrobial,pa,,active packaging,4,chicken,ready to cook chicken-pepper kebabs (125g),,anm,single,,fungal count,microbial,2.0,3.0,log cfu/g,4.52,12.0,6.2,0.14,,,,,theoretical
anm-0523-526,1,chitosan,1.5,% (v/w),0.03,carbohydrate,"algae, fish and others",,active_antimicrobial,pa,,active packaging,4,chicken,ready to cook chicken-pepper kebabs (125g),,anm,single,,fungal count,microbial,2.0,3.0,log cfu/g,4.53,12.0,4.7,0.01,,,,,theoretical
anm-0547-550,1,control,0.0,,0.0,none,none,,active_antimicrobial,ldpe|pa,pouch,barrier|active packaging,4,chicken,semi cooked coated chicken fillets,,,,,tvc,microbial,5.0,7.0,log cfu/g,3.6,10.0,6.9,0.33,14.0,8.5,0.4,1.214,theoretical
anm-0547-550,1,control,0.0,,0.0,none,none,,active_antimicrobial,ldpe|pa,pouch,barrier|active packaging,4,chicken,semi cooked coated chicken fillets,,,,,tvc,microbial,5.0,7.0,log cfu/g,3.6,,,,,,,,theoretical
anm-0547-550,1,edta–lysozyme solution,1.5,% (w/w),1.5,protein,enzyme,,active_antimicrobial,ldpe|pa,pouch,barrier|active packaging,4,chicken,semi cooked coated chicken fillets,,anm+map,hybrid_simultaneous,,tvc,microbial,5.0,7.0,log cfu/g,3.6,12.0,6.5,0.24,14.0,7.0,0.25,1.0,theoretical
anm-0547-550,1,rosemary oil,0.2,% (v/w),0.2,essential oil,plant,,active_antimicrobial,ldpe|pa,pouch,barrier|active packaging,4,chicken,semi cooked coated chicken fillets,,anm+map,hybrid_simultaneous,,tvc,microbial,5.0,7.0,log cfu/g,3.6,14.0,,,16.0,,,,theoretical
anm-0547-550,1,oregano oil,0.2,% (v/w),0.2,essential oil,plant,,active_antimicrobial,ldpe|pa,pouch,barrier|active packaging,4,chicken,semi cooked coated chicken fillets,,anm+map,hybrid_simultaneous,,tvc,microbial,5.0,7.0,log cfu/g,3.6,14.0,,,16.0,,,,theoretical
anm-0547-550,1,edta–lysozyme solution,1.5,% (w/w),1.5,protein,enzyme,,active_antimicrobial,ldpe|pa,pouch,barrier|active packaging,4,chicken,semi cooked coated chicken fillets,,anm+map,hybrid_simultaneous,,tvc,microbial,5.0,7.0,log cfu/g,3.6,14.0,,,16.0,,,,theoretical
anm-0547-550,1,edta–lysozyme solution,1.5,% (w/w),1.5,protein,enzyme,,active_antimicrobial,ldpe|pa,pouch,barrier|active packaging,4,chicken,semi cooked coated chicken fillets,,anm+map,hybrid_simultaneous,,tvc,microbial,5.0,7.0,log cfu/g,3.6,14.0,,,16.0,,,,theoretical
anm-0570,1,lemon juice,250.0,ml,1.67,organic acid,plant,1440.0,,,,,0,chicken,leg,,anm,single,,salmonella,microbial,0.0,0.0,cfu/plate,,,,,1.0,,,,theoretical
anm-0570,1,lemon juice,250.0,ml,1.67,organic acid,plant,1440.0,,,,,0,chicken,leg,irradiation,anm,hybrid_simultaneous,3.0,salmonella,microbial,0.0,0.0,cfu/plate,,9.0,0.0,,12.0,,,,theoretical
anm-0570,1,lemon juice,250.0,ml,1.67,organic acid,plant,1440.0,,,,,0,chicken,leg,irradiation,anm,hybrid_simultaneous,5.0,salmonella,microbial,0.0,0.0,cfu/plate,,15.0,0.0,,,,,,theoretical
anm-0570,1,control,0.0,ml,0.0,none,none,,vacuum,,,,0,chicken,leg,,anm,single,,salmonella,microbial,0.0,0.0,cfu/plate,,,,,1.0,,,,theoretical
anm-0570,1,control,0.0,ml,0.0,none,none,,vacuum,,,,0,chicken,leg,irradiation,,single,3.0,salmonella,microbial,0.0,0.0,cfu/plate,,,,,1.0,,,,theoretical
anm-0570,1,control,0.0,ml,0.0,none,none,,vacuum,,,,0,chicken,leg,irradiation,,single,5.0,salmonella,microbial,0.0,0.0,cfu/plate,,12.0,0.0,,15.0,,,,theoretical
anm-0570,1,control,0.0,ml,0.0,none,none,,aerobic,,,,0,chicken,leg,irradiation,,single,0.0,salmonella,microbial,0.0,0.0,cfu/plate,,,,,1.0,,,,theoretical
anm-0570,1,control,0.0,ml,0.0,none,none,,aerobic,,,,0,chicken,leg,irradiation,,single,3.0,salmonella,microbial,0.0,0.0,cfu/plate,,,,,1.0,,,,theoretical
anm-0570,1,control,0.0,ml,0.0,none,none,,aerobic,,,,0,chicken,leg,irradiation,,single,5.0,salmonella,microbial,0.0,0.0,cfu/plate,0.0,15.0,0.0,,,,,,theoretical
anm-0570,1,lemon juice,250.0,ml,1.67,organic acid,plant,1440.0,,,,,0,chicken,leg,irradiation,anm,hybrid_simultaneous,0.0,tvc,microbial,5.0,7.0,log cfu/g,1.24,6.0,2.76,0.25,9.0,6.25,1.163,0.893,theoretical
anm-0570,1,lemon juice,250.0,ml,1.67,organic acid,plant,1440.0,,,,,0,chicken,leg,irradiation,anm,hybrid_simultaneous,3.0,tvc,microbial,5.0,7.0,log cfu/g,1.24,6.0,2.76,0.25,9.0,6.25,1.163,0.893,theoretical
anm-0570,1,lemon juice,250.0,ml,1.67,organic acid,plant,1440.0,,,,,0,chicken,leg,irradiation,anm,hybrid_simultaneous,5.0,tvc,microbial,5.0,7.0,log cfu/g,1.24,6.0,2.76,0.25,9.0,6.25,1.163,0.893,theoretical
anm-0570,1,control,0.0,ml,0.0,none,none,,vacuum,,,,0,chicken,leg,irradiation,map,hybrid_simultaneous,0.0,tvc,microbial,5.0,7.0,log cfu/g,2.63,6.0,4.23,0.27,9.0,6.94,0.903,0.991,theoretical
anm-0570,1,control,0.0,ml,0.0,none,none,,vacuum,,,,0,chicken,leg,irradiation,map,hybrid_simultaneous,3.0,tvc,microbial,5.0,7.0,log cfu/g,2.63,6.0,4.23,0.27,9.0,6.94,0.903,0.991,theoretical
anm-0570,1,control,0.0,ml,0.0,none,none,,vacuum,,,,0,chicken,leg,irradiation,map,hybrid_simultaneous,5.0,tvc,microbial,5.0,7.0,log cfu/g,2.63,6.0,4.23,0.27,9.0,6.94,0.903,0.991,theoretical
anm-0570,1,control,0.0,ml,0.0,none,none,,aerobic,,,,0,chicken,leg,irradiation,,single,0.0,tvc,microbial,5.0,7.0,log cfu/g,2.53,6.0,4.36,0.31,9.0,6.64,0.76,0.949,theoretical
anm-0570,1,control,0.0,ml,0.0,none,none,,aerobic,,,,0,chicken,leg,irradiation,,single,3.0,tvc,microbial,5.0,7.0,log cfu/g,2.53,6.0,4.36,0.31,9.0,6.64,0.76,0.949,theoretical
anm-0570,1,control,0.0,ml,0.0,none,none,,aerobic,,,,0,chicken,leg,irradiation,,single,5.0,tvc,microbial,5.0,7.0,log cfu/g,2.53,6.0,4.36,0.31,9.0,6.64,0.76,0.949,theoretical
anm-0576-579,1,control,,,0.0,none,none,,active_antimicrobial,pa|protein film,pouch,active packaging,room temp,mixed,"food containing potato, boneless chicken cooking oil, masala, tomato and salt",,,,,tvc,microbial,5.0,7.0,log cfu/g,2.51,1.0,2.51,0.0,16.0,,,,theoretical
anm-0576-579,1,turmeric oil,1.0,%,1.0,phenol,plant,,active_antimicrobial,pa|protein film,pouch,active packaging,room temp,mixed,"food containing potato, boneless chicken cooking oil, masala, tomato and salt",,anm,single,,tvc,microbial,5.0,7.0,log cfu/g,2.41,1.0,2.41,0.0,16.0,,,,theoretical
anm-0576-579,1,turmeric oil,2.0,%,2.0,phenol,plant,,active_antimicrobial,pa|protein film,pouch,active packaging,room temp,mixed,"food containing potato, boneless chicken cooking oil, masala, tomato and salt",,anm,single,,tvc,microbial,5.0,7.0,log cfu/g,2.18,1.0,2.41,0.23,16.0,,,,theoretical
anm-0576-579,1,sodium benzoate,0.1,%,0.1,organic acid,other natural sources,,active_antimicrobial,pa|protein film,pouch,active packaging,room temp,mixed,"food containing potato, boneless chicken cooking oil, masala, tomato and salt",,anm,single,,tvc,microbial,5.0,7.0,log cfu/g,1.4,16.0,1.71,0.02,31.0,,,,theoretical
anm-0576-579,1,sodium benzoate,0.1,%,0.1,organic acid,other natural sources,,active_antimicrobial,pa|protein film,pouch,active packaging,room temp,mixed,"food containing potato, boneless chicken cooking oil, masala, tomato and salt",,anm,single,,tvc,microbial,5.0,7.0,log cfu/g,1.3,46.0,0.7,-0.01,,,,,theoretical
anm-0576-579,1,turmeric oil,1.0,%,1.0,phenol,plant,,active_antimicrobial,pa|protein film,pouch,active packaging,room temp,mixed,"food containing potato, boneless chicken cooking oil, masala, tomato and salt",heat,anm,hybrid_simultaneous,,tvc,microbial,5.0,7.0,log cfu/g,0.7,91.0,0.7,0.0,,,,,theoretical
anm-0576-579,1,turmeric oil,2.0,%,2.0,phenol,plant,,active_antimicrobial,pa|protein film,pouch,active packaging,room temp,mixed,"food containing potato, boneless chicken cooking oil, masala, tomato and salt",heat,anm,hybrid_simultaneous,,tvc,microbial,5.0,7.0,log cfu/g,0.7,31.0,0.7,0.0,,,,,theoretical
anm-0576-579,1,control,,,0.0,none,none,,active_antimicrobial,pa|protein film,pouch,active packaging,room temp,mixed,"food containing potato, boneless chicken cooking oil, masala, tomato and salt",heat,,single,,tvc,microbial,5.0,7.0,log cfu/g,0.7,31.0,0.7,0.0,,,,,theoretical
anm-0576-579,1,control,,,0.0,none,none,,active_antimicrobial,pa|protein film,pouch,active packaging,room temp,mixed,"food containing potato, boneless chicken cooking oil, masala, tomato and salt",,,,,fungal count,microbial,2.0,3.0,fungal count/g,2.18,1.0,2.18,0.0,16.0,,,,theoretical
anm-0576-579,1,turmeric oil,1.0,%,1.0,phenol,plant,,active_antimicrobial,pa|protein film,pouch,active packaging,room temp,mixed,"food containing potato, boneless chicken cooking oil, masala, tomato and salt",,anm,single,,fungal count,microbial,2.0,3.0,fungal count/g,2.08,1.0,2.08,0.0,16.0,,,,theoretical
anm-0576-579,1,turmeric oil,2.0,%,2.0,phenol,plant,,active_antimicrobial,pa|protein film,pouch,active packaging,room temp,mixed,"food containing potato, boneless chicken cooking oil, masala, tomato and salt",,anm,single,,fungal count,microbial,2.0,3.0,fungal count/g,2.0,1.0,2.0,0.0,16.0,,,,theoretical
anm-0576-579,1,sodium benzoate,0.1,%,0.1,organic acid,other natural sources,,active_antimicrobial,pa|protein film,pouch,active packaging,room temp,mixed,"food containing potato, boneless chicken cooking oil, masala, tomato and salt",,anm,single,,fungal count,microbial,2.0,3.0,fungal count/g,0.7,16.0,0.7,0.0,31.0,,,,theoretical
anm-0576-579,1,sodium benzoate,0.1,%,0.1,organic acid,other natural sources,,active_antimicrobial,pa|protein film,pouch,active packaging,room temp,mixed,"food containing potato, boneless chicken cooking oil, masala, tomato and salt",,anm,single,,fungal count,microbial,2.0,3.0,fungal count/g,0.7,46.0,0.7,0.0,,,,,theoretical
anm-0576-579,1,turmeric oil,1.0,%,1.0,phenol,plant,,active_antimicrobial,pa|protein film,pouch,active packaging,room temp,mixed,"food containing potato, boneless chicken cooking oil, masala, tomato and salt",heat,anm,hybrid_simultaneous,,fungal count,microbial,2.0,3.0,fungal count/g,0.7,91.0,0.7,0.0,,,,,theoretical
anm-0576-579,1,turmeric oil,2.0,%,2.0,phenol,plant,,active_antimicrobial,pa|protein film,pouch,active packaging,room temp,mixed,"food containing potato, boneless chicken cooking oil, masala, tomato and salt",heat,anm,hybrid_simultaneous,,fungal count,microbial,2.0,3.0,fungal count/g,0.7,91.0,0.7,0.0,,,,,theoretical
anm-0576-579,1,control,,,0.0,none,none,,active_antimicrobial,pa|protein film,pouch,active packaging,room temp,mixed,"food containing potato, boneless chicken cooking oil, masala, tomato and salt",heat,,single,,fungal count,microbial,2.0,3.0,fungal count/g,0.7,91.0,0.7,0.0,,,,,theoretical
anm-0107-108,1,control,0.0,mg/kg,0.0,none,none,,,pp|ps,tray,oxygen-permeable,4,pork,"70% lean pork meat (m. obliquus, transversus and rectus abdominis) and 30% backfat (50g each)",,,,,tbars,chemical,0.5,2.0,mg mda/kg,0.56,1.0,0.56,0.0,5.0,3.4,0.71,1.7,theoretical
anm-0107-108,1,sodium ascorbate,400.0,mg/kg,0.04,organic acid,plant,,,pp|ps,tray,oxygen-permeable,4,pork,"70% lean pork meat (m. obliquus, transversus and rectus abdominis) and 30% backfat (50g each)",,,,,tbars,chemical,0.5,2.0,mg mda/kg,0.17,5.0,1.08,0.182,9.0,2.14,0.265,1.07,theoretical
anm-0107-108,1,green tea extract,300.0,mg/kg,0.03,phenol,plant,,,pp|ps,tray,oxygen-permeable,4,pork,"70% lean pork meat (m. obliquus, transversus and rectus abdominis) and 30% backfat (50g each)",,,,,tbars,chemical,0.5,2.0,mg mda/kg,0.07,17.0,0.12,0.003,,,,,theoretical
anm-0107-108,1,grape seed extract,300.0,mg/kg,0.03,phenol,plant,,,pp|ps,tray,oxygen-permeable,4,pork,"70% lean pork meat (m. obliquus, transversus and rectus abdominis) and 30% backfat (50g each)",,,,,tbars,chemical,0.5,2.0,mg mda/kg,0.09,17.0,0.21,0.007,,,,,theoretical
anm-0191-192,1,control,0.0,,0.0,none,none,,,,,,4,beef,50g ground meat,,,,,tvc,microbial,5.0,7.0,log cfu/g,2.88,3.0,4.26,0.46,9.0,9.71,0.908,1.387,theoretical
anm-0191-192,1,control,0.0,,0.0,none,none,,,caseinate film,,,4,beef,50g ground meat,,,,,tvc,microbial,5.0,7.0,log cfu/g,2.88,3.0,4.3,0.47,9.0,9.68,0.897,1.383,theoretical
anm-0191-192,1,sodium caseinate/pomegranate peel extract (coating),250.0,ppm,0.025,phenol,plant,,active_antimicrobial,pa|caseinate film,film,active packaging,4,beef,50g ground meat,,anm,single,,tvc,microbial,5.0,7.0,log cfu/g,2.88,3.0,3.01,0.04,9.0,7.71,0.783,1.101,theoretical
anm-0191-192,1,control,,,0.0,none,none,,,,,,4,beef,50g ground meat,,,,,tvc,microbial,5.0,7.0,log cfu/g,2.88,12.0,6.21,0.28,,,,,theoretical
anm-0191-192,1,control,0.0,,0.0,none,none,,,,,,4,beef,50g ground meat,,,,,s. aureus,microbial,2.0,4.0,log cfu/g,0.51,9.0,3.02,0.28,,,,,theoretical
anm-0191-192,1,control,0.0,,0.0,none,none,,,caseinate film,,,4,beef,50g ground meat,,,,,s. aureus,microbial,2.0,4.0,log cfu/g,0.51,9.0,3.21,0.3,,,,,theoretical
anm-0191-192,1,sodium caseinate/pomegranate peel extract (coating),250.0,ppm,0.025,phenol,plant,,active_antimicrobial,pa|caseinate film,film,active packaging,4,beef,50g ground meat,,,,,s. aureus,microbial,2.0,4.0,log cfu/g,0.51,12.0,1.92,0.12,,,,,theoretical
anm-0191-192,1,control,,,0.0,none,none,,,,,,4,beef,50g ground meat,,,,,s. aureus,microbial,2.0,4.0,log cfu/g,0.51,12.0,1.7,0.1,,,,,theoretical
anm-0199,1,control,,,0.0,none,none,,,,,,4,beef,10g ground meat,,,,,tvc,microbial,5.0,7.0,log cfu/g,5.2,4.0,4.38,-0.21,6.0,7.84,1.73,1.12,theoretical
anm-0199,1,control,,,0.0,none,none,,,,,,4,beef,10g ground meat,,,,,tvc,microbial,5.0,7.0,log cfu/g,5.39,4.0,5.82,0.11,6.0,8.02,1.1,1.146,theoretical
anm-0199,1,control,,,0.0,none,none,,,,,,4,beef,10g ground meat,,,,,tvc,microbial,5.0,7.0,log cfu/g,4.99,6.0,6.94,0.33,8.0,6.94,0.0,0.991,theoretical
anm-0199,1,lysozyme (film),700.0,μg cm^-2,0.07,protein,enzyme,,,,,,4,beef,10g ground meat,,anm,single,,tvc,microbial,5.0,7.0,log cfu/g,5.09,8.0,6.9,0.23,,,,,theoretical
anm-0199,1,control,,,0.0,none,none,,,,,,4,beef,10g ground meat,,,,,tcc,microbial,2.0,3.0,log cfu/g,2.6,1.0,2.6,0.0,4.0,3.81,0.403,1.27,theoretical
anm-0199,1,control,,,0.0,none,none,,,,,,4,beef,10g ground meat,,,,,tcc,microbial,2.0,3.0,log cfu/g,2.9,1.0,2.9,0.0,4.0,4.35,0.483,1.45,theoretical
anm-0199,1,control,,,0.0,none,none,,,,,,4,beef,10g ground meat,,,,,tcc,microbial,2.0,3.0,log cfu/g,2.68,1.0,2.68,0.0,4.0,3.96,0.427,1.32,theoretical
anm-0199,1,lysozyme (film),700.0,μg cm^-2,0.07,protein,enzyme,,,,,,4,beef,10g ground meat,,anm,single,,tcc,microbial,2.0,3.0,log cfu/g,2.6,1.0,2.6,0.0,4.0,3.25,0.217,1.083,theoretical
anm-0199,1,control,,,0.0,none,none,,,,,,4,beef,10g ground meat,,,,,tbars,chemical,0.5,2.0,mg mda per kg,4.6,,,,0.0,4.6,,2.3,theoretical
anm-0199,1,control,,,0.0,none,none,,,,,,4,beef,10g ground meat,,,,,tbars,chemical,0.5,2.0,mg mda per kg,4.56,,,,0.0,4.56,,2.28,theoretical
anm-0199,1,control,,,0.0,none,none,,,,,,4,beef,10g ground meat,,,,,tbars,chemical,0.5,2.0,mg mda per kg,3.17,,,,0.0,3.17,,1.59,theoretical
anm-0199,1,lysozyme (film),700.0,μg cm^-2,0.07,protein,enzyme,,,,,,4,beef,10g ground meat,,anm,single,,tbars,chemical,0.5,2.0,mg mda per kg,3.23,,,,0.0,3.23,,1.62,theoretical
anx-0003,1,sodium chloride,1.0,%,1.0,mineral,other natural sources,,active_antimicrobial,ldpe|pa|protein film,tube,active packaging,-18,beef,frozen minced beef,,,,,tvc,microbial,5.0,7.0,log cfu/g,5.4,7.0,5.0,-0.06,,,,,theoretical
anx-0003,1,sodium chloride,1.0,%,1.0,mineral,other natural sources,,active_antimicrobial,ldpe|pa|protein film,tube,active packaging,-18,beef,frozen minced beef,,,,,tvc,microbial,5.0,7.0,log cfu/g,5.5,7.0,5.3,-0.03,,,,,theoretical
anx-0003,1,sodium chloride,1.0,%,1.0,mineral,other natural sources,,active_antimicrobial,ldpe|pa|protein film,tube,active packaging,-18,beef,frozen minced beef,,,,,tvc,microbial,5.0,7.0,log cfu/g,5.2,7.0,5.0,-0.03,,,,,theoretical
anx-0003,1,sodium chloride,1.0,%,1.0,mineral,other natural sources,,active_antimicrobial,ldpe|pa|protein film,tube,active packaging,-18,beef,frozen minced beef,,,,,tbars,chemical,0.5,2.0,mg mda per kg,,,,,,,,,theoretical
anx-0003,1,sodium chloride,1.0,%,1.0,mineral,other natural sources,,active_antimicrobial,ldpe|pa|protein film,tube,active packaging,-18,beef,frozen minced beef,,,,,tbars,chemical,0.5,2.0,mg mda per kg,,,,,,,,,theoretical
anx-0003,1,sodium chloride,1.0,%,1.0,mineral,other natural sources,,active_antimicrobial,ldpe|pa|protein film,tube,active packaging,-18,beef,frozen minced beef,,,,,tbars,chemical,0.5,2.0,mg mda per kg,,,,,,,,,theoretical
anx-0005,1,control,,,0.0,none,none,,,ldpe,bag,,5,beef,fresh oriental sausage,,,,,proteolytic fungal count,microbial,,,log cfu/g,3.77,12.0,6.39,0.22,,,,,theoretical
anx-0005,1,ethanolic extract of propolis (eep),0.6,%/kg,0.6,phenol,plant,,,ldpe,bag,,5,beef,fresh oriental sausage,,anm,single,,proteolytic fungal count,microbial,,,log cfu/g,3.77,21.0,6.47,0.13,,,,,theoretical
anx-0005,1,control,,,0.0,none,none,,,ldpe,bag,,5,beef,fresh oriental sausage,,,,,lipolytic fungal count,microbial,,,log cfu/g,3.0,12.0,6.0,0.25,,,,,theoretical
anx-0005,1,ethanolic extract of propolis (eep),0.6,%/kg,0.6,phenol,plant,,,ldpe,bag,,5,beef,fresh oriental sausage,,anm,single,,lipolytic fungal count,microbial,,,log cfu/g,3.0,21.0,4.0,0.05,,,,,theoretical
anx-0005,1,control,,,0.0,none,none,,,ldpe,bag,,5,beef,fresh oriental sausage,,,,,fungal count,microbial,2.0,3.0,log cfu/g,3.99,12.0,6.6,,,,,,theoretical
anx-0005,1,ethanolic extract of propolis (eep),0.6,%/kg,0.6,phenol,plant,,,ldpe,bag,,5,beef,fresh oriental sausage,,anm,single,,fungal count,microbial,2.0,3.0,log cfu/g,3.99,21.0,6.0,,,,,,theoretical
anx-0005,1,control,,,0.0,none,none,,,ldpe,bag,,5,beef,fresh oriental sausage,,,,,tbars,chemical,0.5,2.0,mg mda per kg,0.23,12.0,0.74,0.043,,,,,theoretical
anx-0005,1,ethanolic extract of propolis (eep),0.6,%/kg,0.6,phenol,plant,,,ldpe,bag,,5,beef,fresh oriental sausage,,anm,single,,tbars,chemical,0.5,2.0,mg mda per kg,0.23,18.0,0.8,0.032,21.0,0.89,0.03,0.45,theoretical
anx-0005,1,control,,,0.0,none,none,,,ldpe,bag,,5,beef,fresh oriental sausage,,,,,tvbn,chemical,15.0,20.0,mg/100g,9.8,12.0,19.8,0.833,,,,,theoretical
anx-0005,1,ethanolic extract of propolis (eep),0.6,%/kg,0.6,phenol,plant,,,ldpe,bag,,5,beef,fresh oriental sausage,,anm,single,,tvbn,chemical,15.0,20.0,mg/100g,9.8,18.0,16.8,0.389,21.0,19.3,0.833,0.97,theoretical
anx-0008-9,1,control,,,0.0,none,none,,,ldpe,box,,4,mixed,frankfurters,,,,,tpc,microbial,5.0,7.0,log cfu/g,,21.0,4.92,0.23,,,,,theoretical
anx-0008-9,1,butylated hydroxyanisole(bha) and butylated hydroxytoluene (bht),0.02,% of the fat level,0.0038,organic compound (antioxidant),other natural sources,,,ldpe,box,,4,mixed,frankfurters,,,,,tpc,microbial,5.0,7.0,log cfu/g,,21.0,5.355,0.26,,,,,theoretical
anx-0008-9,1,natural tocopherols,0.1,% of the fat level,0.019,phenol,plant,,,ldpe,box,,4,mixed,frankfurters,,anm,single,,tpc,microbial,5.0,7.0,log cfu/g,,21.0,4.81,0.23,,,,,theoretical
anx-0008-9,1,extract of rosemary,0.1,% of the fat level,0.019,phenol,plant,,,ldpe,box,,4,mixed,frankfurters,,anm,single,,tpc,microbial,5.0,7.0,log cfu/g,,21.0,4.3,0.2,,,,,theoretical
anx-0008-9,1,tocopherols,0.05,% of the fat level,0.0095,phenol,plant,,,ldpe,box,,4,mixed,frankfurters,,anm,single,,tpc,microbial,5.0,7.0,log cfu/g,,21.0,4.86,0.23,,,,,theoretical
anx-0008-9,1,control,,,0.0,none,none,,,ldpe,box,,4,mixed,frankfurters,,,,,tpc,microbial,5.0,7.0,log cfu/g,,50.0,6.84,0.14,,,,,theoretical
anx-0008-9,1,butylated hydroxyanisole(bha) and butylated hydroxytoluene (bht),0.02,% of the fat level,0.0038,organic compound (antioxidant),other natural sources,,,ldpe,box,,4,mixed,frankfurters,,,,,tpc,microbial,5.0,7.0,log cfu/g,,50.0,6.45,0.13,,,,,theoretical
anx-0008-9,1,natural tocopherols,0.1,% of the fat level,0.019,phenol,plant,,,ldpe,box,,4,mixed,frankfurters,,anm,single,,tpc,microbial,5.0,7.0,log cfu/g,,50.0,6.82,0.14,,,,,theoretical
anx-0008-9,1,extract of rosemary,0.1,% of the fat level,0.019,phenol,plant,,,ldpe,box,,4,mixed,frankfurters,,anm,single,,tpc,microbial,5.0,7.0,log cfu/g,,50.0,6.185,0.12,,,,,theoretical
anx-0008-9,1,tocopherols,0.05,% of the fat level,0.0095,phenol,plant,,,ldpe,box,,4,mixed,frankfurters,,anm,single,,tpc,microbial,5.0,7.0,log cfu/g,,50.0,6.605,0.13,,,,,theoretical
anx-0012-29,1,control,,,0.0,none,none,,,,,,4,pork,raw pork patties,,,,,tbars,chemical,0.5,2.0,mg mda per kg,0.87,10.0,0.39,-0.048,,,,,theoretical
anx-0012-29,1,aloe vera,0.25,%,0.25,phenol,plant,,,,,,4,pork,raw pork patties,,anm,single,,tbars,chemical,0.5,2.0,mg mda per kg,0.25,1.0,0.25,0.0,4.0,1.06,0.27,0.53,theoretical
anx-0012-29,1,fenugreek,0.01,%,0.01,phenol,plant,,,,,,4,pork,raw pork patties,,anm,single,,tbars,chemical,0.5,2.0,mg mda per kg,0.25,4.0,0.73,0.12,7.0,1.04,0.103,0.52,theoretical
anx-0012-29,1,ginseng,0.25,%,0.25,phenol,plant,,,,,,4,pork,raw pork patties,,anm,single,,tbars,chemical,0.5,2.0,mg mda per kg,0.25,10.0,0.34,0.009,,,,,theoretical
anx-0012-29,1,mustard,0.1,%,0.1,phenol,plant,,,,,,4,pork,raw pork patties,,anm,single,,tbars,chemical,0.5,2.0,mg mda per kg,0.25,4.0,0.59,0.085,7.0,1.02,0.143,0.51,theoretical
anx-0012-29,1,rosemary,0.1,%,0.1,phenol,plant,,,,,,4,pork,raw pork patties,,anm,single,,tbars,chemical,0.5,2.0,mg mda per kg,0.25,7.0,0.65,0.057,10.0,0.99,0.113,0.5,theoretical
anx-0012-29,1,sage,0.05,%,0.05,phenol,plant,,,,,,4,pork,raw pork patties,,anm,single,,tbars,chemical,0.5,2.0,mg mda per kg,0.25,10.0,0.29,0.004,,,,,theoretical
anx-0012-29,1,soya protein,0.1,%,0.1,protein,plant,,,,,,4,pork,raw pork patties,,anm,single,,tbars,chemical,0.5,2.0,mg mda per kg,0.25,10.0,0.46,0.021,,,,,theoretical
anx-0012-29,1,tea catechins,0.25,%,0.25,phenol,plant,,,,,,4,pork,raw pork patties,,anm,single,,tbars,chemical,0.5,2.0,mg mda per kg,0.25,1.0,0.25,0.0,4.0,1.08,0.277,0.54,theoretical
anx-0012-29,1,whey protein  concentrate,4.0,%,4.0,protein,plant,,,,,,4,pork,raw pork patties,,anm,single,,tbars,chemical,0.5,2.0,mg mda per kg,0.25,10.0,0.29,0.004,,,,,theoretical
anx-0012-29,1,bha/bht,0.01,%,0.01,organic compound (antioxidant),other natural sources,,,,,,4,pork,raw pork patties,,anm,single,,tbars,chemical,0.5,2.0,mg mda per kg,0.25,10.0,0.76,0.051,,,,,theoretical
anx-0012-29,1,vitamin e,1000.0,mg α-tocopheryl acetate/kg feed,10.0,phenol,plant,,,,,,4,pork,raw pork patties,,anm,single,,tbars,chemical,0.5,2.0,mg mda per kg,0.25,10.0,0.27,0.002,,,,,theoretical
anx-0012-29,1,control,,,0.0,none,none,,,,,,4,pork,cooked pork patties,,,,,tbars,chemical,0.5,2.0,mg mda per kg,0.87,1.0,0.87,0.0,4.0,2.84,0.657,1.42,theoretical
anx-0012-29,1,aloe vera,0.25,%,0.25,phenol,plant,,,,,,4,pork,cooked pork patties,,anm,single,,tbars,chemical,0.5,2.0,mg mda per kg,0.87,1.0,0.87,0.0,4.0,2.75,0.627,1.38,theoretical
anx-0012-29,1,fenugreek,0.01,%,0.01,phenol,plant,,,,,,4,pork,cooked pork patties,,anm,single,,tbars,chemical,0.5,2.0,mg mda per kg,0.87,1.0,0.87,0.0,4.0,2.8,0.643,1.4,theoretical
anx-0012-29,1,ginseng,0.25,%,0.25,phenol,plant,,,,,,4,pork,cooked pork patties,,anm,single,,tbars,chemical,0.5,2.0,mg mda per kg,0.87,1.0,0.87,0.0,4.0,2.72,0.617,1.36,theoretical
anx-0012-29,1,mustard,0.1,%,0.1,phenol,plant,,,,,,4,pork,cooked pork patties,,anm,single,,tbars,chemical,0.5,2.0,mg mda per kg,0.87,1.0,0.87,0.0,4.0,4.96,1.363,2.48,theoretical
anx-0012-29,1,rosemary,0.1,%,0.1,phenol,plant,,,,,,4,pork,cooked pork patties,,anm,single,,tbars,chemical,0.5,2.0,mg mda per kg,0.87,1.0,0.87,0.0,4.0,1.57,0.233,0.79,theoretical
anx-0012-29,1,sage,0.05,%,0.05,phenol,plant,,,,,,4,pork,cooked pork patties,,anm,single,,tbars,chemical,0.5,2.0,mg mda per kg,0.87,1.0,0.87,0.0,4.0,3.06,0.73,1.53,theoretical
anx-0012-29,1,soya protein,0.1,%,0.1,protein,plant,,,,,,4,pork,cooked pork patties,,anm,single,,tbars,chemical,0.5,2.0,mg mda per kg,0.87,1.0,0.87,0.0,4.0,5.1,1.41,2.55,theoretical
anx-0012-29,1,tea catechins,0.25,%,0.25,phenol,plant,,,,,,4,pork,cooked pork patties,,anm,single,,tbars,chemical,0.5,2.0,mg mda per kg,0.87,10.0,0.79,-0.008,,,,,theoretical
anx-0012-29,1,whey protein  concentrate,4.0,%,4.0,protein,plant,,,,,,4,pork,cooked pork patties,,anm,single,,tbars,chemical,0.5,2.0,mg mda per kg,0.87,1.0,0.87,0.0,4.0,1.27,0.133,0.64,theoretical
anx-0012-29,1,bha/bht,0.01,%,0.01,organic compound (antioxidant),other natural sources,,,,,,4,pork,cooked pork patties,,anm,single,,tbars,chemical,0.5,2.0,mg mda per kg,0.87,1.0,0.87,0.0,4.0,2.13,0.42,1.07,theoretical
anx-0012-29,1,vitamin e,1000.0,mg α-tocopheryl acetate/kg feed,10.0,phenol,plant,,,,,,4,pork,cooked pork patties,,anm,single,,tbars,chemical,0.5,2.0,mg mda per kg,0.6,1.0,0.6,0.0,4.0,2.82,0.74,1.41,theoretical
anx-0045-49,1,control,,,0.0,none,none,,aerobic,,,,20,pork,fresh pork,,,,,tbars,chemical,0.5,2.0,mg mda per kg,0.72,9.0,1.42,0.078,,,,,theoretical
anx-0045-49,1,cinnamon stick extract,,,2.0,phenol,plant,,aerobic,,,,20,pork,fresh pork,,,,,tbars,chemical,0.5,2.0,mg mda per kg,0.72,9.0,0.88,0.018,,,,,theoretical
anx-0045-49,1,oregano extract,,,2.0,phenol,plant,,aerobic,,,,20,pork,fresh pork,,,,,tbars,chemical,0.5,2.0,mg mda per kg,0.72,9.0,0.88,0.018,,,,,theoretical
anx-0045-49,1,clove extract,,,2.0,phenol,plant,,aerobic,,,,20,pork,fresh pork,,,,,tbars,chemical,0.5,2.0,mg mda per kg,0.72,9.0,0.88,0.018,,,,,theoretical
anx-0045-49,1,pomegranate peel extract,,,2.0,phenol,plant,,aerobic,,,,20,pork,fresh pork,,,,,tbars,chemical,0.5,2.0,mg mda per kg,0.72,9.0,0.88,0.018,,,,,theoretical
anx-0045-49,1,grape seed extract,,,2.0,phenol,plant,,aerobic,,,,20,pork,fresh pork,,,,,tbars,chemical,0.5,2.0,mg mda per kg,0.72,9.0,0.88,0.018,,,,,theoretical
anx-0053-54,1,control,,,0.0,none,none,,,,,,4,beef,cooked ground beef,,,,,tbars,chemical,0.5,2.0,mg mda per kg,2.41,,,,1.0,2.41,,,theoretical
anx-0053-54,1,activin,0.02,%,0.02,polyphenol,plant,,,,,,4,beef,cooked ground beef,,,,,tbars,chemical,0.5,2.0,mg mda per kg,,1.0,1.31,1.31,4.0,2.47,0.387,1.24,theoretical
anx-0053-54,1,bha,0.01,%,0.01,organic compound (antioxidant),other natural sources,,,,,,4,beef,cooked ground beef,,,,,tbars,chemical,0.5,2.0,mg mda per kg,1.18,4.0,1.24,0.015,,,,,theoretical
anx-0053-54,1,pycnogenol,0.02,%,0.02,polyphenol,plant,,,,,,4,beef,cooked ground beef,,,,,tbars,chemical,0.5,2.0,mg mda per kg,2.29,,,,1.0,2.29,,,theoretical
anx-0053-54,1,rosemary,0.02,%,0.02,essential oil / polyphenol,plant,,,,,,4,beef,cooked ground beef,,,,,tbars,chemical,0.5,2.0,mg mda per kg,1.57,1.0,1.57,0.0,2.0,3.13,1.56,1.57,theoretical
anx-0053-54,1,stpp,0.02,%,0.02,mineral,other natural sources,,,,,,4,beef,cooked ground beef,,,,,tbars,chemical,0.5,2.0,mg mda per kg,2.38,,,,1.0,2.38,,,theoretical
anx-0053-54,1,α-tocopherol,0.02,%,0.02,vitamin,plant,,,,,,4,beef,cooked ground beef,,,,,tbars,chemical,0.5,2.0,mg mda per kg,1.62,1.0,1.62,0.0,2.0,2.45,0.83,1.23,theoretical
anx-0053-54,1,control,,,0.0,none,none,,,,,,4,beef,cooked ground beef,,,,,hexanal content (hc),chemical,1.0,5.9,ppm,0.59,4.0,2.77,0.545,,,,,theoretical
anx-0053-54,1,activin,0.02,%,0.02,polyphenol,plant,,,,,,4,beef,cooked ground beef,,,,,hexanal content (hc),chemical,1.0,5.9,ppm,0.15,4.0,0.79,0.16,,,,,theoretical
anx-0053-54,1,bha,0.01,%,0.02,organic compound (antioxidant),other natural sources,,,,,,4,beef,cooked ground beef,,,,,hexanal content (hc),chemical,1.0,5.9,ppm,0.06,4.0,0.17,0.028,,,,,theoretical
anx-0053-54,1,pycnogenol,0.02,%,0.02,polyphenol,plant,,,,,,4,beef,cooked ground beef,,,,,hexanal content (hc),chemical,1.0,5.9,ppm,0.19,4.0,1.53,0.335,,,,,theoretical
anx-0053-54,1,roremary,0.02,%,0.02,phenol,plant,,,,,,4,beef,cooked ground beef,,anm,single,,hexanal content (hc),chemical,1.0,5.9,ppm,0.17,4.0,1.36,0.298,,,,,theoretical
anx-0053-54,1,stpp,0.02,%,0.02,mineral,other natural sources,,,,,,4,beef,cooked ground beef,,,,,hexanal content (hc),chemical,1.0,5.9,ppm,0.26,4.0,1.64,0.345,,,,,theoretical
anx-0053-54,1,α-tocopherol,0.02,%,0.02,phenol,plant,,,,,,4,beef,cooked ground beef,,anm,single,,hexanal content (hc),chemical,1.0,5.9,ppm,0.08,4.0,0.91,0.208,,,,,theoretical
anx-0053-54,1,control,,,0.0,none,none,,,,,,4,beef,cooked ground beef,,,,,tbars,chemical,0.5,2.0,mg mda per kg,1.85,1.0,1.85,0.0,2.0,3.56,1.71,1.78,theoretical
anx-0053-54,1,activin,0.05,%,0.05,anthocyanins,plant,,,,,,4,beef,cooked ground beef,,anm,single,,tbars,chemical,0.5,2.0,mg mda per kg,1.45,4.0,1.88,0.108,,,,,theoretical
anx-0053-54,1,activin,0.1,%,0.1,anthocyanins,plant,,,,,,4,beef,cooked ground beef,,anm,single,,tbars,chemical,0.5,2.0,mg mda per kg,1.36,4.0,1.35,-0.003,,,,,theoretical
anx-0053-54,1,bha,0.01,%,0.01,organic compound (antioxidant),other natural sources,,,,,,4,beef,cooked ground beef,,,,,tbars,chemical,0.5,2.0,mg mda per kg,1.57,4.0,1.5,-0.018,,,,,theoretical
anx-0053-55,1,pycnogenol,0.05,%,0.05,anthocyanins,plant,,,,,,4,beef,cooked ground beef,,anm,single,,tbars,chemical,0.5,2.0,mg mda per kg,1.47,3.0,1.95,0.16,4.0,2.31,0.36,1.16,theoretical
anx-0053-56,1,pycnogenol,0.1,%,0.1,anthocyanins,plant,,,,,,4,beef,cooked ground beef,,anm,single,,tbars,chemical,0.5,2.0,mg mda per kg,1.41,4.0,1.58,0.043,,,,,theoretical
anx-0053-57,1,roremary,0.05,%,0.05,phenol,plant,,,,,,4,beef,cooked ground beef,,anm,single,,tbars,chemical,0.5,2.0,mg mda per kg,1.55,1.0,1.55,0.0,2.0,2.5,0.95,1.25,theoretical
anx-0053-58,1,roremary,0.1,%,0.1,phenol,plant,,,,,,4,beef,cooked ground beef,,anm,single,,tbars,chemical,0.5,2.0,mg mda per kg,1.38,1.0,1.38,0.0,2.0,2.2,0.82,1.1,theoretical
anx-0053-59,1,α-tocopherol,0.05,%,0.05,phenol,plant,,,,,,4,beef,cooked ground beef,,anm,single,,tbars,chemical,0.5,2.0,mg mda per kg,1.71,1.0,1.71,0.0,2.0,3.55,1.84,1.78,theoretical
anx-0053-60,1,α-tocopherol,0.1,%,0.1,phenol,plant,,,,,,4,beef,cooked ground beef,,anm,single,,tbars,chemical,0.5,2.0,mg mda per kg,1.69,1.0,1.69,0.0,2.0,2.2,0.51,1.1,theoretical
anx-0053-54,1,control,,,0.0,none,none,,,,,,4,beef,cooked ground beef,,,,,hexanal content (hc),chemical,1.0,5.9,ppm,0.14,4.0,2.9,0.69,,,,,theoretical
anx-0053-54,1,activin,0.05,%,0.05,anthocyanins,plant,,,,,,4,beef,cooked ground beef,,anm,single,,hexanal content (hc),chemical,1.0,5.9,ppm,0.04,4.0,0.22,0.045,,,,,theoretical
anx-0053-54,1,activin,0.1,%,0.1,anthocyanins,plant,,,,,,4,beef,cooked ground beef,,anm,single,,hexanal content (hc),chemical,1.0,5.9,ppm,0.04,4.0,0.08,0.01,,,,,theoretical
anx-0053-54,1,bha,0.01,%,0.01,organic compound (antioxidant),other natural sources,,,,,,4,beef,cooked ground beef,,,,,hexanal content (hc),chemical,1.0,5.9,ppm,0.05,4.0,0.08,0.008,,,,,theoretical
anx-0053-55,1,pycnogenol,0.05,%,0.05,anthocyanins,plant,,,,,,4,beef,cooked ground beef,,anm,single,,hexanal content (hc),chemical,1.0,5.9,ppm,0.06,4.0,0.64,0.145,,,,,theoretical
anx-0053-56,1,pycnogenol,0.1,%,0.1,anthocyanins,plant,,,,,,4,beef,cooked ground beef,,anm,single,,hexanal content (hc),chemical,1.0,5.9,ppm,0.04,4.0,0.18,0.035,,,,,theoretical
anx-0053-57,1,roremary,0.05,%,0.05,phenol,plant,,,,,,4,beef,cooked ground beef,,anm,single,,hexanal content (hc),chemical,1.0,5.9,ppm,0.07,4.0,1.09,0.255,,,,,theoretical
anx-0053-58,1,roremary,0.1,%,0.1,phenol,plant,,,,,,4,beef,cooked ground beef,,anm,single,,hexanal content (hc),chemical,1.0,5.9,ppm,0.06,4.0,0.77,0.178,,,,,theoretical
anx-0053-59,1,α-tocopherol,0.05,%,0.05,phenol,plant,,,,,,4,beef,cooked ground beef,,anm,single,,hexanal content (hc),chemical,1.0,5.9,ppm,0.12,4.0,1.68,0.39,,,,,theoretical
anx-0053-60,1,α-tocopherol,0.1,%,0.1,phenol,plant,,,,,,4,beef,cooked ground beef,,anm,single,,hexanal content (hc),chemical,1.0,5.9,ppm,0.12,4.0,1.63,0.378,,,,,theoretical
anx-0056,1,control,,,0.0,none,none,,,,,,4,lard,,,,,,pv,chemical,5.0,10.0,meq o2/kg,2.1,60.0,9.0,0.115,,,,,theoretical
anx-0056,1,phenol extract from olive oil mill wastewater,275.0,mg/kg,0.0275,essential oil,plant,,,,,,4,lard,,,anm,single,,pv,chemical,5.0,10.0,meq o2/kg,2.1,60.0,2.8,0.012,,,,,theoretical
anx-0056,1,control,,,0.0,none,none,,,,,,4,lard,,,,,,spectrophotometric indicies e232,chemical,,,,2.4,30.0,2.61,,60.0,0.24,,,theoretical
anx-0056,1,phenol extract from olive oil mill wastewater,275.0,mg/kg,0.0275,essential oil,plant,,,,,,4,lard,,,anm,single,,spectrophotometric indicies e232,chemical,,,,2.4,30.0,2.67,,60.0,0.16,,,theoretical
anx-0056,1,control,,,0.0,none,none,,,,,,4,lard,,,,,,spectrophotometric indicies e270,chemical,,,,0.1,30.0,2.58,,60.0,0.17,,,theoretical
anx-0056,1,phenol extract from olive oil mill wastewater,275.0,mg/kg,0.0275,essential oil,plant,,,,,,4,lard,,,anm,single,,spectrophotometric indicies e270,chemical,,,,0.1,30.0,2.61,,60.0,0.19,,,theoretical
anx-0075,1,control,,,0.0,none,none,,,,,,20,pork,ground pork meat,,,,,tbars,chemical,5.0,2.0,mg mda/kg,0.18,4.0,0.86,0.17,7.0,1.28,0.14,0.64,theoretical
anx-0075,1,control,,,0.0,none,none,,,,,,20,pork,ground pork meat,heat,,single,,tbars,chemical,5.0,2.0,mg mda/kg,0.59,,,,1.0,1.02,,,theoretical
anx-0075,1,rosemary (precooking),0.5,g/kg fat,0.0225,phenol,plant,,,,,,20,pork,ground pork meat,heat,anm,hybrid_simultaneous,,tbars,chemical,5.0,2.0,mg mda/kg,0.13,13.0,0.5,0.028,,,,,theoretical
anx-0075,1,control,,,0.0,none,none,,,,,,20,pork,ground pork meat,heat,,single,,tbars,chemical,5.0,2.0,mg mda/kg,0.18,14.0,0.73,0.039,28.0,0.13,-0.043,0.07,theoretical
anx-0075,1,control,,,0.0,none,none,,,,,,20,pork,ground pork meat,heat,,single,,tbars,chemical,5.0,2.0,mg mda/kg,0.33,28.0,0.75,0.015,56.0,1.24,0.018,0.62,theoretical
anx-0075,1,rosemary (precooking),0.5,g/kg fat,0.0225,phenol,plant,,,,,,20,pork,ground pork meat,heat,anm,hybrid_simultaneous,,tbars,chemical,5.0,2.0,mg mda/kg,0.31,56.0,0.63,0.006,,,,,theoretical
anx-0075,1,rosemary (postcooking),1.5,g/kg fat,0.0675,phenol,plant,,,,,,20,pork,ground pork meat,heat,anm,hybrid_simultaneous,,tbars,chemical,5.0,2.0,mg mda/kg,0.33,56.0,0.54,0.004,,,,,theoretical
anx-0104,1,control,,,0.0,none,none,,,,,,5,horse mackerel,minced,,,,,pv,chemical,5.0,10.0,meq/kg,0.5,4.0,3.45,0.369,,,,,theoretical
anx-0104,1,potato peel water extract,2.4,g/kg,0.24,phenol,plant,,,,,,5,horse mackerel,minced,,anm,single,,pv,chemical,5.0,10.0,meq/kg,0.5,4.0,5.78,0.66,,,,,theoretical
anx-0104,1,potato peel water extract,4.8,g/kg,0.48,phenol,plant,,,,,,5,horse mackerel,minced,,anm,single,,pv,chemical,5.0,10.0,meq/kg,0.5,4.0,5.78,0.66,,,,,theoretical
anx-0104,1,potato peel ethanol extract,2.4,g/kg,0.24,phenol,plant,,,,,,5,horse mackerel,minced,,anm,single,,pv,chemical,5.0,10.0,meq/kg,0.5,4.0,0.58,0.01,,,,,theoretical
anx-0104,1,potato peel ethanol extract,4.8,g/kg,0.48,phenol,plant,,,,,,5,horse mackerel,minced,,anm,single,,pv,chemical,5.0,10.0,meq/kg,0.5,4.0,0.41,-0.011,,,,,theoretical
anx-0114,1,control,0.0,ppm,0.0,none,none,,,ldpe|pp,tray,,4,lamb,minced,,,,,tpc,microbial,5.0,7.0,log cfu/g,4.79,5.0,5.63,0.17,9.0,6.75,0.28,0.964,theoretical
anx-0114,1,thyme leaves extract,250.0,ppm,0.025,phenol,plant,,,ldpe|pp,tray,,4,lamb,minced,,anm,single,,tpc,microbial,5.0,7.0,log cfu/g,4.52,5.0,5.43,0.18,9.0,6.23,0.2,0.89,theoretical
anx-0114,1,thyme leaves extract,500.0,ppm,0.05,phenol,plant,,,ldpe|pp,tray,,4,lamb,minced,,anm,single,,tpc,microbial,5.0,7.0,log cfu/g,4.49,5.0,5.4,0.18,9.0,6.18,0.195,0.883,theoretical
anx-0114,1,thyme leaves extract,1000.0,ppm,0.1,phenol,plant,,,ldpe|pp,tray,,4,lamb,minced,,anm,single,,tpc,microbial,5.0,7.0,log cfu/g,4.52,5.0,5.34,0.16,9.0,6.2,0.215,0.886,theoretical
anx-0114,1,control,0.0,ppm,0.0,none,none,,,ldpe|pp,tray,,4,chicken,minced,,,,,tpc,microbial,5.0,7.0,log cfu/g,5.92,5.0,5.96,0.01,9.0,6.11,0.038,0.873,theoretical
anx-0114,1,thyme leaves extract,250.0,ppm,0.025,phenol,plant,,,ldpe|pp,tray,,4,chicken,minced,,anm,single,,tpc,microbial,5.0,7.0,log cfu/g,5.63,5.0,5.67,0.01,9.0,6.0,0.083,0.857,theoretical
anx-0114,1,thyme leaves extract,500.0,ppm,0.05,phenol,plant,,,ldpe|pp,tray,,4,chicken,minced,,anm,single,,tpc,microbial,5.0,7.0,log cfu/g,5.4,9.0,5.54,0.02,13.0,6.41,0.218,0.916,theoretical
anx-0114,1,thyme leaves extract,1000.0,ppm,0.1,phenol,plant,,,ldpe|pp,tray,,4,chicken,minced,,anm,single,,tpc,microbial,5.0,7.0,log cfu/g,5.56,9.0,5.57,0.0,13.0,6.65,0.27,0.95,theoretical
anx-0114,1,control,0.0,ppm,0.0,none,none,,,ldpe|pp,tray,,4,lamb,minced,,,,,psy,microbial,5.0,7.0,log cfu/g,4.63,5.0,5.59,0.19,9.0,6.69,0.275,0.956,theoretical
anx-0114,1,thyme leaves extract,250.0,ppm,0.025,phenol,plant,,,ldpe|pp,tray,,4,lamb,minced,,anm,single,,psy,microbial,5.0,7.0,log cfu/g,4.47,5.0,5.36,0.18,9.0,6.18,0.205,0.883,theoretical
anx-0114,1,thyme leaves extract,500.0,ppm,0.05,phenol,plant,,,ldpe|pp,tray,,4,lamb,minced,,anm,single,,psy,microbial,5.0,7.0,log cfu/g,4.45,5.0,5.32,0.17,9.0,6.11,0.198,0.873,theoretical
anx-0114,1,thyme leaves extract,1000.0,ppm,0.1,phenol,plant,,,ldpe|pp,tray,,4,lamb,minced,,anm,single,,psy,microbial,5.0,7.0,log cfu/g,4.49,5.0,5.41,0.18,9.0,6.11,0.175,0.873,theoretical
anx-0114,1,control,0.0,ppm,0.0,none,none,,,ldpe|pp,tray,,4,chicken,minced,,,,,psy,microbial,5.0,7.0,log cfu/g,5.79,9.0,5.85,0.01,13.0,6.97,0.28,0.996,theoretical
anx-0114,1,thyme leaves extract,250.0,ppm,0.025,phenol,plant,,,ldpe|pp,tray,,4,chicken,minced,,anm,single,,psy,microbial,5.0,7.0,log cfu/g,5.49,9.0,5.68,0.02,13.0,6.74,0.265,0.963,theoretical
anx-0114,1,thyme leaves extract,500.0,ppm,0.05,phenol,plant,,,ldpe|pp,tray,,4,chicken,minced,,anm,single,,psy,microbial,5.0,7.0,log cfu/g,5.34,9.0,5.4,0.01,13.0,6.41,0.253,0.916,theoretical
anx-0114,1,thyme leaves extract,1000.0,ppm,0.1,phenol,plant,,,ldpe|pp,tray,,4,chicken,minced,,anm,single,,psy,microbial,5.0,7.0,log cfu/g,5.51,9.0,5.4,-0.01,13.0,6.57,0.293,0.939,theoretical
anx-0114,1,control,0.0,ppm,0.0,none,none,,,ldpe|pp,tray,,4,lamb,minced,,,,,tcc,microbial,2.0,3.0,log cfu/g,3.11,,,,1.0,3.11,,,theoretical
anx-0114,1,thyme leaves extract,250.0,ppm,0.025,phenol,plant,,,ldpe|pp,tray,,4,lamb,minced,,anm,single,,tcc,microbial,2.0,3.0,log cfu/g,2.57,1.0,2.57,0.0,4.0,3.54,0.323,1.18,theoretical
anx-0114,1,thyme leaves extract,500.0,ppm,0.05,phenol,plant,,,ldpe|pp,tray,,4,lamb,minced,,anm,single,,tcc,microbial,2.0,3.0,log cfu/g,2.49,1.0,2.49,0.0,4.0,3.74,0.417,1.247,theoretical
anx-0114,1,thyme leaves extract,1000.0,ppm,0.1,phenol,plant,,,ldpe|pp,tray,,4,lamb,minced,,anm,single,,tcc,microbial,2.0,3.0,log cfu/g,2.78,1.0,2.78,0.0,4.0,3.72,0.313,1.24,theoretical
anx-0114,1,control,0.0,ppm,0.0,none,none,,,ldpe|pp,tray,,4,chicken,minced,,,,,tcc,microbial,2.0,3.0,log cfu/g,4.32,,,,1.0,4.32,,,theoretical
anx-0114,1,thyme leaves extract,250.0,ppm,0.025,phenol,plant,,,ldpe|pp,tray,,4,chicken,minced,,anm,single,,tcc,microbial,2.0,3.0,log cfu/g,4.04,,,,1.0,4.04,,,theoretical
anx-0114,1,thyme leaves extract,500.0,ppm,0.05,phenol,plant,,,ldpe|pp,tray,,4,chicken,minced,,anm,single,,tcc,microbial,2.0,3.0,log cfu/g,4.0,,,,1.0,4.0,,,theoretical
anx-0114,1,thyme leaves extract,1000.0,ppm,0.1,phenol,plant,,,ldpe|pp,tray,,4,chicken,minced,,anm,single,,tcc,microbial,2.0,3.0,log cfu/g,4.08,,,,1.0,4.08,,,theoretical
anx-0114,1,control,0.0,ppm,0.0,none,none,,,ldpe|pp,tray,,4,lamb,minced,,,,,tbars,chemical,0.5,2.0,mg mda/kg,0.2,1.0,0.197,0.0,4.0,3.43,1.078,1.72,theoretical
anx-0114,1,thyme leaves extract,250.0,ppm,0.025,phenol,plant,,,ldpe|pp,tray,,4,lamb,minced,,anm,single,,tbars,chemical,0.5,2.0,mg mda/kg,0.22,4.0,0.543,0.04,8.0,1.359,0.204,0.68,theoretical
anx-0114,1,thyme leaves extract,500.0,ppm,0.05,phenol,plant,,,ldpe|pp,tray,,4,lamb,minced,,anm,single,,tbars,chemical,0.5,2.0,mg mda/kg,0.34,4.0,0.548,0.026,8.0,1.058,0.128,0.53,theoretical
anx-0114,1,thyme leaves extract,1000.0,ppm,0.1,phenol,plant,,,ldpe|pp,tray,,4,lamb,minced,,anm,single,,tbars,chemical,0.5,2.0,mg mda/kg,0.3,4.0,0.595,0.037,8.0,1.123,0.132,0.56,theoretical
anx-0114,1,control,0.0,ppm,0.0,none,none,,,ldpe|pp,tray,,4,chicken,minced,,,,,tbars,chemical,0.5,2.0,mg mda/kg,0.65,8.0,0.899,0.016,12.0,1.0,0.025,0.5,theoretical
anx-0114,1,thyme leaves extract,250.0,ppm,0.025,phenol,plant,,,ldpe|pp,tray,,4,chicken,minced,,anm,single,,tbars,chemical,0.5,2.0,mg mda/kg,0.74,12.0,0.899,0.007,,,,,theoretical
anx-0114,1,thyme leaves extract,500.0,ppm,0.05,phenol,plant,,,ldpe|pp,tray,,4,chicken,minced,,anm,single,,tbars,chemical,0.5,2.0,mg mda/kg,0.65,12.0,0.805,0.007,,,,,theoretical
anx-0114,1,thyme leaves extract,1000.0,ppm,0.1,phenol,plant,,,ldpe|pp,tray,,4,chicken,minced,,anm,single,,tbars,chemical,0.5,2.0,mg mda/kg,0.71,12.0,0.85,0.006,,,,,theoretical
anx-0125,1,control,,,0.0,none,none,,,,tray,,4,beef,"minced, raw",,,,,tpc,microbial,5.0,7.0,log cfu/g,5.97,3.0,6.67,0.23,5.0,,,,theoretical
anx-0125,1,galangal,10.0,% w/w,10.0,phenol,plant,,,,tray,,4,beef,"minced, raw",,anm,single,,tpc,microbial,5.0,7.0,log cfu/g,5.91,3.0,6.71,0.27,5.0,,,,theoretical
anx-0125,1,bht,0.02,% w/w,0.02,organic compound (antioxidant),other natural sources,,,,tray,,4,beef,"minced, raw",,,,,tpc,microbial,5.0,7.0,log cfu/g,5.88,3.0,6.84,0.32,5.0,,,,theoretical
anx-0125,1,α-tocopherol,0.1,% w/w,0.1,phenol,plant,,,,tray,,4,beef,"minced, raw",,anm,single,,tpc,microbial,5.0,7.0,log cfu/g,5.76,3.0,6.91,0.38,5.0,,,,theoretical
anx-0125,1,control,,,0.0,none,none,,,,tray,,4,beef,"minced, cooked",heat,,single,,tpc,microbial,5.0,7.0,log cfu/g,5.97,7.0,6.21,0.03,,,,,theoretical
anx-0125,1,galangal,10.0,% w/w,10.0,phenol,plant,,,,tray,,4,beef,"minced, cooked",heat,anm,hybrid_simultaneous,,tpc,microbial,5.0,7.0,log cfu/g,5.91,7.0,5.51,-0.06,,,,,theoretical
anx-0125,1,bht,0.02,% w/w,0.02,organic compound (antioxidant),other natural sources,,,,tray,,4,beef,"minced, cooked",heat,,single,,tpc,microbial,5.0,7.0,log cfu/g,5.88,7.0,5.48,-0.06,,,,,theoretical
anx-0125,1,α-tocopherol,0.1,% w/w,0.1,phenol,plant,,,,tray,,4,beef,"minced, cooked",heat,anm,hybrid_simultaneous,,tpc,microbial,5.0,7.0,log cfu/g,5.76,7.0,6.09,0.05,,,,,theoretical
anx-0135,1,control,,,0.0,none,none,,active_antimicrobial,pa|protein film,bag,active packaging,4,pork,pork meat sausage,,,,,tbars,chemical,0.5,2.0,mg mda/kg,2.44,,,,5.0,2.41,,,theoretical
anx-0135,1,sodium erythorbate,0.2,%,0.2,organic acid,microbial,,active_antimicrobial,pa|protein film,bag,active packaging,4,pork,pork meat sausage,,,,,tbars,chemical,0.5,2.0,mg mda/kg,0.77,5.0,0.73,-0.004,10.0,3.52,0.558,1.76,theoretical
anx-0135,1,lyophilized bee pollen,0.2,%,0.2,phenol,other natural sources,,active_antimicrobial,pa|protein film,bag,active packaging,4,pork,pork meat sausage,,anm,single,,tbars,chemical,0.5,2.0,mg mda/kg,0.67,,,,5.0,2.19,,,theoretical
anx-0170,1,control,,,0.0,none,none,,,,,,21-14,pork,typical italian salami,,,,,weight loss,chemical,,,%,,,,,35.0,35.7,,,theoretical
anx-0170,1,nitrate,100.0,mg/kg,0.01,mineral,other natural sources,,,,,,21-14,pork,typical italian salami,,,,,weight loss,chemical,,,%,,,,,35.0,35.5,,,theoretical
anx-0170,1,unfermented honeybush extract,0.5,%,0.5,phenol,plant,,,,,,21-14,pork,typical italian salami,,anm,single,,weight loss,chemical,,,%,,,,,35.0,35.0,,,theoretical
anx-0170,1,control,,,0.0,none,none,,,,,,21-14,pork,typical italian salami,,,,,aw,chemical,,,,,35.0,0.923,,,,,,theoretical
anx-0170,1,nitrate,100.0,mg/kg,0.01,mineral,other natural sources,,,,,,21-14,pork,typical italian salami,,,,,aw,chemical,,,,,35.0,0.935,,,,,,theoretical
anx-0170,1,unfermented honeybush extract,0.5,%,0.5,phenol,plant,,,,,,21-14,pork,typical italian salami,,anm,single,,aw,chemical,,,,,35.0,0.928,,,,,,theoretical
anx-0170,1,control,,,0.0,none,none,,,,,,21-14,pork,typical italian salami,,,,,tbars,chemical,0.5,2.0,mg mda/kg,,,,,35.0,1.34,,0.67,theoretical
anx-0170,1,nitrate,100.0,mg/kg,0.01,mineral,other natural sources,,,,,,21-14,pork,typical italian salami,,,,,tbars,chemical,0.5,2.0,mg mda/kg,,35.0,0.41,,,,,,theoretical
anx-0170,1,unfermented honeybush extract,0.5,%,0.5,phenol,plant,,,,,,21-14,pork,typical italian salami,,anm,single,,tbars,chemical,0.5,2.0,mg mda/kg,,35.0,0.48,,,,,,theoretical
anx-0220-221,1,control,,,0.0,none,none,,active_antimicrobial,ldpe|pa|protein film,bag,active packaging,4,pork,bologna-type sausages,,,,,tbars,chemical,0.5,2.0,mg mda/kg,0.44,21.0,0.68,0.006,,,,,theoretical
anx-0220-221,1,black quinoa seeds,2.5,%,2.5,phenol,plant,,active_antimicrobial,ldpe|pa|protein film,bag,active packaging,4,pork,bologna-type sausages,,anm+map,hybrid_simultaneous,,tbars,chemical,0.5,2.0,mg mda/kg,0.22,21.0,0.3,0.002,,,,,theoretical
anx-0220-221,1,black quinoa wet-milling coproducts,2.5,%,2.5,fiber,plant,,active_antimicrobial,ldpe|pa|protein film,bag,active packaging,4,pork,bologna-type sausages,,anm+map,hybrid_simultaneous,,tbars,chemical,0.5,2.0,mg mda/kg,0.3,21.0,0.38,0.002,,,,,theoretical
anx-0220-221,1,black quinoa seeds,2.5,%,2.5,phenol,plant,,active_antimicrobial,ldpe|pa|protein film,bag,active packaging,4,pork,bologna-type sausages,,anm+map,hybrid_simultaneous,,δe,chemical,,,,1.07,21.0,0.31,,,,,,theoretical
anx-0220-221,1,black quinoa wet-milling coproducts,2.5,%,2.5,fiber,plant,,active_antimicrobial,ldpe|pa|protein film,bag,active packaging,4,pork,bologna-type sausages,,anm+map,hybrid_simultaneous,,δe,chemical,,,,6.71,21.0,0.24,,,,,,theoretical
anx-0245,1,control,,,0.0,none,none,,,ldpe,pouch,,4,goat,goat nuggets,,,,,tpc,microbial,5.0,7.0,log cfu/g,2.6,16.0,3.9,0.08,,,,,theoretical
anx-0245,1,dry drumstick flower (moringa oleifera l.),1.0,%,1.0,phenol,plant,,,ldpe,pouch,,4,goat,goat nuggets,,anm,single,,tpc,microbial,5.0,7.0,log cfu/g,2.6,16.0,3.9,0.08,,,,,theoretical
anx-0245,1,dry drumstick flower (moringa oleifera l.),2.0,%,2.0,phenol,plant,,,ldpe,pouch,,4,goat,goat nuggets,,anm,single,,tpc,microbial,5.0,7.0,log cfu/g,2.6,16.0,3.7,0.07,,,,,theoretical
anx-0245,1,control,,,0.0,none,none,,,ldpe,pouch,,4,goat,goat nuggets,,,,,tbars,chemical,0.5,2.0,mg mda/kg,0.2,16.0,0.9,0.022,,,,,theoretical
anx-0245,1,dry drumstick flower (moringa oleifera l.),1.0,%,1.0,phenol,plant,,,ldpe,pouch,,4,goat,goat nuggets,,anm,single,,tbars,chemical,0.5,2.0,mg mda/kg,0.2,16.0,0.8,0.019,,,,,theoretical
anx-0245,1,dry drumstick flower (moringa oleifera l.),2.0,%,2.0,phenol,plant,,,ldpe,pouch,,4,goat,goat nuggets,,anm,single,,tbars,chemical,0.5,2.0,mg mda/kg,0.2,16.0,0.7,0.016,,,,,theoretical
anx-0254,1,control,,,0.0,none,none,,map,pa,tray,,"4c, 8c after d7",pork,pork meat hamburgers,,,,,tbars,,0.5,2.0,mg mda/kg,0.35,13.0,0.944,0.023,16.0,1.394,0.15,0.7,theoretical
anx-0254,1,cranberry pomace extracts,2.0,%,2.0,anthocyanins,plant,,map,pa,tray,,"4c, 8c after d8",pork,pork meat hamburgers,,anm+map,hybrid_simultaneous,,tbars,,0.5,2.0,mg mda/kg,0.06,16.0,0.206,0.004,,,,,theoretical
anx-0294,1,control,0.0,%,0.0,none,none,,,,,,4,pork,pork sausage,,,,,tpc,microbial,5.0,7.0,log cfu/g,3.17,7.0,4.18,0.14,,,,,theoretical
anx-0294,1,cacao bean husk powder,0.25,%,0.25,protein  aa,plant,,,,,,4,pork,pork sausage,,anm,single,,tpc,microbial,5.0,7.0,log cfu/g,3.23,7.0,4.23,0.14,,,,,theoretical
anx-0294,1,cacao bean husk powder,0.5,%,0.5,protein  aa,plant,,,,,,4,pork,pork sausage,,anm,single,,tpc,microbial,5.0,7.0,log cfu/g,3.25,7.0,4.24,0.14,,,,,theoretical
anx-0294,1,cacao bean husk powder,0.75,%,0.75,protein  aa,plant,,,,,,4,pork,pork sausage,,anm,single,,tpc,microbial,5.0,7.0,log cfu/g,3.23,7.0,4.29,0.15,,,,,theoretical
anx-0294,1,cacao bean husk powder,1.0,%,1.0,protein  aa,plant,,,,,,4,pork,pork sausage,,anm,single,,tpc,microbial,5.0,7.0,log cfu/g,3.28,7.0,4.34,0.15,,,,,theoretical
anx-0294,1,cacao bean husk powder,2.0,%,2.0,protein  aa,plant,,,,,,4,pork,pork sausage,,anm,single,,tpc,microbial,5.0,7.0,log cfu/g,3.27,7.0,4.35,0.15,,,,,theoretical
anx-0294,1,control,0.0,%,0.0,none,none,,,,,,4,pork,pork sausage,,,,,tbars,chemical,0.5,2.0,mg mda/kg,0.79,1.0,0.79,0.0,4.0,1.15,0.12,0.58,theoretical
anx-0294,1,cacao bean husk powder,0.25,%,0.25,protein  aa,plant,,,,,,4,pork,pork sausage,,anm,single,,tbars,chemical,0.5,2.0,mg mda/kg,0.46,8.0,0.53,0.004,,,,,theoretical
anx-0294,1,cacao bean husk powder,0.5,%,0.5,protein  aa,plant,,,,,,4,pork,pork sausage,,anm,single,,tbars,chemical,0.5,2.0,mg mda/kg,0.37,8.0,0.44,0.004,,,,,theoretical
anx-0294,1,cacao bean husk powder,0.75,%,0.75,protein  aa,plant,,,,,,4,pork,pork sausage,,anm,single,,tbars,chemical,0.5,2.0,mg mda/kg,0.22,8.0,0.3,0.005,,,,,theoretical
anx-0294,1,cacao bean husk powder,1.0,%,1.0,protein  aa,plant,,,,,,4,pork,pork sausage,,anm,single,,tbars,chemical,0.5,2.0,mg mda/kg,0.19,8.0,0.25,0.004,,,,,theoretical
anx-0294,1,cacao bean husk powder,2.0,%,2.0,protein  aa,plant,,,,,,4,pork,pork sausage,,anm,single,,tbars,chemical,0.5,2.0,mg mda/kg,0.17,8.0,0.2,0.002,,,,,theoretical
anm-0064,2,control,0.0,% (w/w),0.0,none,none,,,,,,25,fish,skinless carp fillets,,,,,tvc,microbial,5.0,7.0,log cfu/g,3.6,1.0,3.6,0.0,2.0,8.7,5.1,1.243,theoretical
anm-0064,2,control,0.0,% (w/w),0.0,none,none,,,,,,25,fish,skinless carp fillets,,anm,single,,tvc,microbial,5.0,7.0,log cfu/g,2.2,1.0,2.2,0.0,2.0,7.6,5.4,1.086,theoretical
anm-0064,2,cathodic nacl solution,1.0,% (w/w),1.0,mineral,other natural sources,,,,,,25,fish,skinless carp fillets,,,,,tvc,microbial,5.0,7.0,log cfu/g,2.3,1.0,2.3,0.0,2.0,7.5,5.2,1.071,theoretical
anm-0064,2,control,0.0,% (w/w),0.0,none,none,,,,,,25,fish,skinless carp fillets,,anm,single,,tvc,microbial,5.0,7.0,log cfu/g,2.6,1.0,2.6,0.0,2.0,6.4,3.8,0.914,theoretical
anm-0064,2,control,0.0,% (w/w),0.0,none,none,,,,,,25,fish,skinless carp fillets,,anm,single,,tvc,microbial,5.0,7.0,log cfu/g,2.2,2.0,5.6,1.7,3.0,7.5,1.9,1.071,theoretical
anm-0064,2,cathodic nacl solution,1.0,% (w/w),1.0,mineral,other natural sources,,,,,,25,fish,skinless carp fillets,,anm,single,,tvc,microbial,5.0,7.0,log cfu/g,2.1,2.0,5.4,1.65,3.0,7.2,1.8,1.029,theoretical
anm-0064,2,control,0.0,% (w/w),0.0,none,none,,,,,,25,fish,skinless carp fillets,,,,,tvbn,chemical,20.0,30.0,mg/100g,11.4,1.0,11.4,,2.0,41.0,29.6,1.37,theoretical
anm-0064,2,control,0.0,% (w/w),0.0,none,none,,,,,,25,fish,skinless carp fillets,,anm,single,,tvbn,chemical,20.0,30.0,mg/100g,8.4,2.0,26.9,9.25,3.0,64.5,37.6,2.15,theoretical
anm-0064,2,cathodic nacl solution,1.0,% (w/w),1.0,mineral,other natural sources,,,,,,25,fish,skinless carp fillets,,,,,tvbn,chemical,20.0,30.0,mg/100g,7.0,2.0,24.9,8.95,3.0,60.1,35.2,2.0,theoretical
anm-0064,2,control,0.0,% (w/w),0.0,none,none,,,,,,25,fish,skinless carp fillets,,anm,single,,tvbn,chemical,20.0,30.0,mg/100g,6.9,2.0,21.2,7.15,3.0,42.9,21.7,1.43,theoretical
anm-0064,2,control,0.0,% (w/w),0.0,none,none,,,,,,25,fish,skinless carp fillets,,anm,single,,tvbn,chemical,20.0,30.0,mg/100g,6.8,2.0,20.7,6.95,3.0,40.6,19.9,1.35,theoretical
anm-0064,2,cathodic nacl solution,1.0,% (w/w),1.0,mineral,other natural sources,,,,,,25,fish,skinless carp fillets,,anm,single,,tvbn,chemical,20.0,30.0,mg/100g,6.8,2.0,18.8,6.0,3.0,38.9,20.1,1.3,theoretical
anm-0064,2,control,0.0,% (w/w),0.0,none,none,,,,,,25,fish,skinless carp fillets,,,,,pv,chemical,10.0,20.0,meq/kg,1.0,3.0,8.5,2.5,,,,,theoretical
anm-0064,2,control,0.0,% (w/w),0.0,none,none,,,,,,25,fish,skinless carp fillets,,anm,single,,pv,chemical,10.0,20.0,meq/kg,1.0,3.0,8.9,2.633,,,,,theoretical
anm-0064,2,cathodic nacl solution,1.0,% (w/w),1.0,mineral,other natural sources,,,,,,25,fish,skinless carp fillets,,,,,pv,chemical,10.0,20.0,meq/kg,1.0,3.0,7.3,2.1,,,,,theoretical
anm-0064,2,control,0.0,% (w/w),0.0,none,none,,,,,,25,fish,skinless carp fillets,,anm,single,,pv,chemical,10.0,20.0,meq/kg,1.0,3.0,6.63,1.877,,,,,theoretical
anm-0064,2,control,0.0,% (w/w),0.0,none,none,,,,,,25,fish,skinless carp fillets,,anm,single,,pv,chemical,10.0,20.0,meq/kg,1.0,3.0,4.2,1.067,,,,,theoretical
anm-0064,2,cathodic nacl solution,1.0,% (w/w),1.0,mineral,other natural sources,,,,,,25,fish,skinless carp fillets,,anm,single,,pv,chemical,10.0,20.0,meq/kg,1.0,3.0,2.9,0.633,,,,,theoretical
anm-0064,2,control,0.0,% (w/w),0.0,none,none,,,,,,25,fish,skinless carp fillets,,,,,tbars,chemical,0.5,2.0,mg mda/kg,0.15,2.0,0.34,0.095,3.0,0.8,0.46,0.4,theoretical
anm-0064,2,control,0.0,% (w/w),0.0,none,none,,,,,,25,fish,skinless carp fillets,,,,,tbars,chemical,0.5,2.0,mg mda/kg,0.15,2.0,0.38,0.115,3.0,0.92,0.54,0.46,theoretical
anm-0064,2,cathodic nacl solution,1.0,% (w/w),1.0,mineral,other natural sources,,,,,,25,fish,skinless carp fillets,,,,,tbars,chemical,0.5,2.0,mg mda/kg,0.14,2.0,0.26,0.06,3.0,0.63,0.37,0.32,theoretical
anm-0064,2,control,0.0,% (w/w),0.0,none,none,,,,,,25,fish,skinless carp fillets,,anm,single,,tbars,chemical,0.5,2.0,mg mda/kg,0.14,3.0,0.25,0.037,,,,,theoretical
anm-0064,2,control,0.0,% (w/w),0.0,none,none,,,,,,25,fish,skinless carp fillets,,anm,single,,tbars,chemical,0.5,2.0,mg mda/kg,0.14,3.0,0.3,0.053,,,,,theoretical
anm-0064,2,cathodic nacl solution,1.0,% (w/w),1.0,mineral,other natural sources,,,,,,25,fish,skinless carp fillets,,anm,single,,tbars,chemical,0.5,2.0,mg mda/kg,0.14,3.0,0.17,0.01,,,,,theoretical
anm-0105-106,2,sodium ascorbate,400.0,mg/kg meat,0.04,organic acid,plant,,,pa|pp|ps,tray,oxygen-permeable|barrier,4,beef,raw beef patties,,anm+salt,hybrid_simultaneous,,tvc,microbial,5.0,7.0,log cfu/g,4.4,9.0,5.6,0.13,,,,,theoretical
anm-0105-106,2,green tea extract,300.0,mg/kg meat,0.03,phenol,plant,,,pa|pp|ps,tray,oxygen-permeable|barrier,4,beef,raw beef patties,,anm+salt,hybrid_simultaneous,,tvc,microbial,5.0,7.0,log cfu/g,4.3,9.0,5.8,0.17,,,,,theoretical
anm-0105-106,2,grape seed extract,300.0,mg/kg meat,0.03,phenol,plant,,,pa|pp|ps,tray,oxygen-permeable|barrier,4,beef,raw beef patties,,anm+salt,hybrid_simultaneous,,tvc,microbial,5.0,7.0,log cfu/g,4.4,9.0,5.6,0.13,,,,,theoretical
anm-0105-106,2,sodium ascorbate,400.0,mg/kg meat,0.04,organic acid,plant,,,pa|pp|ps,tray,oxygen-permeable|barrier,4,beef,raw beef patties,,anm+salt,hybrid_simultaneous,,tcc,microbial,2.0,3.0,log cfu/g,3.2,9.0,3.7,0.06,,,,,theoretical
anm-0105-106,2,green tea extract,300.0,mg/kg meat,0.03,phenol,plant,,,pa|pp|ps,tray,oxygen-permeable|barrier,4,beef,raw beef patties,,anm+salt,hybrid_simultaneous,,tcc,microbial,2.0,3.0,log cfu/g,3.3,9.0,3.8,0.06,,,,,theoretical
anm-0105-106,2,grape seed extract,300.0,mg/kg meat,0.03,phenol,plant,,,pa|pp|ps,tray,oxygen-permeable|barrier,4,beef,raw beef patties,,anm+salt,hybrid_simultaneous,,tcc,microbial,2.0,3.0,log cfu/g,3.4,9.0,3.4,0.0,,,,,theoretical
anm-0105-106,2,sodium ascorbate,400.0,mg/kg meat,0.04,organic acid,plant,,,pa|pp|ps,tray,oxygen-permeable|barrier,4,beef,raw beef patties,,anm+salt,hybrid_simultaneous,,tbars,chemical,0.5,2.0,mda/kg,0.44,10.0,0.69,0.025,,,,,theoretical
anm-0105-106,2,green tea extract,300.0,mg/kg meat,0.03,phenol,plant,,,pa|pp|ps,tray,oxygen-permeable|barrier,4,beef,raw beef patties,,anm+salt,hybrid_simultaneous,,tbars,chemical,0.5,2.0,mda/kg,0.51,10.0,0.6,0.009,,,,,theoretical
anm-0105-106,2,grape seed extract,300.0,mg/kg meat,0.03,phenol,plant,,,pa|pp|ps,tray,oxygen-permeable|barrier,4,beef,raw beef patties,,anm+salt,hybrid_simultaneous,,tbars,chemical,0.5,2.0,mda/kg,0.45,10.0,0.47,0.002,,,,,theoretical
anm-0136-139,2,control,0.0,mm,0.0,none,none,30.0,active_antimicrobial,ldpe|pa,,active packaging,4,chicken,fresh chicken breast 300g,,,,,tvc,microbial,5.0,7.0,log cfu/g,4.3,1.0,4.3,0.0,9.5,7.0,0.318,1.0,theoretical
anm-0136-139,2,control,0.0,mm,0.0,none,none,30.0,active_antimicrobial,ldpe|pa,,active packaging,4,chicken,fresh chicken breast 300g,,anm+map,hybrid_simultaneous,,tvc,microbial,5.0,7.0,log cfu/g,4.3,1.0,4.3,0.0,12.0,7.0,0.245,1.0,theoretical
anm-0136-139,2,control,0.0,mm,0.0,none,none,30.0,active_antimicrobial,ldpe|pa,,active packaging,4,chicken,fresh chicken breast 300g,,anm+map,hybrid_simultaneous,,tvc,microbial,5.0,7.0,log cfu/g,4.3,1.0,4.3,0.0,15.0,7.0,0.193,1.0,theoretical
anm-0136-139,2,edta,10.0,mm,0.37,chelating agent (organic compound),other natural sources,30.0,active_antimicrobial,ldpe|pa,,active packaging,4,chicken,fresh chicken breast 300g,,anm+map,hybrid_simultaneous,,tvc,microbial,5.0,7.0,log cfu/g,4.3,1.0,4.3,0.0,15.0,7.0,0.193,1.0,theoretical
anm-0136-139,2,edta,10.0,mm,0.37,chelating agent (organic compound),other natural sources,30.0,active_antimicrobial,ldpe|pa,,active packaging,4,chicken,fresh chicken breast 300g,,anm+map,hybrid_simultaneous,,tvc,microbial,5.0,7.0,log cfu/g,4.3,1.0,4.3,0.0,18.5,7.0,0.154,1.0,theoretical
anm-0136-139,2,edta,50.0,mm,1.86,chelating agent (organic compound),other natural sources,30.0,active_antimicrobial,ldpe|pa,,active packaging,4,chicken,fresh chicken breast 300g,,anm+map,hybrid_simultaneous,,tvc,microbial,5.0,7.0,log cfu/g,4.3,1.0,4.3,0.0,21.5,7.0,0.132,1.0,theoretical
anm-0136-139,2,edta,50.0,mm,1.86,chelating agent (organic compound),other natural sources,30.0,active_antimicrobial,ldpe|pa,,active packaging,4,chicken,fresh chicken breast 300g,,anm+map,hybrid_simultaneous,,tvc,microbial,5.0,7.0,log cfu/g,4.3,1.0,4.3,0.0,27.0,7.0,0.104,1.0,theoretical
anm-0136-139,2,edta,10.0,mm,0.37,chelating agent (organic compound),other natural sources,30.0,active_antimicrobial,ldpe|pa,,active packaging,4,chicken,fresh chicken breast 300g,,anm+map,hybrid_simultaneous,,tvc,microbial,5.0,7.0,log cfu/g,4.3,1.0,4.3,0.0,9.5,7.0,0.318,1.0,theoretical
anm-0136-139,2,edta,50.0,mm,1.86,chelating agent (organic compound),other natural sources,30.0,active_antimicrobial,ldpe|pa,,active packaging,4,chicken,fresh chicken breast 300g,,anm+map,hybrid_simultaneous,,tvc,microbial,5.0,7.0,log cfu/g,4.3,1.0,4.3,0.0,9.5,7.0,0.318,1.0,theoretical
anm-0136-139,2,control,0.0,mm,0.0,none,none,30.0,active_antimicrobial,ldpe|pa,,active packaging,4,chicken,fresh chicken breast 300g,,,,,lab,microbial,5.0,7.0,log cfu/g,4.8,8.0,6.5,0.21,12.0,7.5,0.25,1.071,theoretical
anm-0136-139,2,control,0.0,mm,0.0,none,none,30.0,active_antimicrobial,ldpe|pa,,active packaging,4,chicken,fresh chicken breast 300g,,anm+map,hybrid_simultaneous,,lab,microbial,5.0,7.0,log cfu/g,4.8,8.0,6.0,0.15,12.0,7.2,0.3,1.029,theoretical
anm-0136-139,2,control,0.0,mm,0.0,none,none,30.0,active_antimicrobial,ldpe|pa,,active packaging,4,chicken,fresh chicken breast 300g,,anm+map,hybrid_simultaneous,,lab,microbial,5.0,7.0,log cfu/g,4.8,12.0,6.2,0.12,16.0,7.2,0.25,1.029,theoretical
anm-0136-139,2,edta,10.0,mm,0.37,chelating agent (organic compound),other natural sources,30.0,active_antimicrobial,ldpe|pa,,active packaging,4,chicken,fresh chicken breast 300g,,anm+map,hybrid_simultaneous,,lab,microbial,5.0,7.0,log cfu/g,4.8,16.0,6.8,0.13,20.0,7.2,0.1,1.029,theoretical
anm-0136-139,2,edta,10.0,mm,0.37,chelating agent (organic compound),other natural sources,30.0,active_antimicrobial,ldpe|pa,,active packaging,4,chicken,fresh chicken breast 300g,,anm+map,hybrid_simultaneous,,lab,microbial,5.0,7.0,log cfu/g,4.8,16.0,6.7,0.12,20.0,7.1,0.1,1.014,theoretical
anm-0136-139,2,edta,50.0,mm,1.86,chelating agent (organic compound),other natural sources,30.0,active_antimicrobial,ldpe|pa,,active packaging,4,chicken,fresh chicken breast 300g,,anm+map,hybrid_simultaneous,,lab,microbial,5.0,7.0,log cfu/g,4.8,20.0,6.6,0.09,24.0,7.0,0.1,1.0,theoretical
anm-0136-139,2,edta,50.0,mm,1.86,chelating agent (organic compound),other natural sources,30.0,active_antimicrobial,ldpe|pa,,active packaging,4,chicken,fresh chicken breast 300g,,anm+map,hybrid_simultaneous,,lab,microbial,5.0,7.0,log cfu/g,4.8,20.0,6.6,0.09,24.0,7.0,0.1,1.0,theoretical
anm-0136-139,2,control,0.0,mm,0.0,none,none,30.0,active_antimicrobial,ldpe|pa,,active packaging,4,chicken,fresh chicken breast 300g,,,,,b. thermosphacta,microbial,5.0,7.0,log cfu/g,4.5,8.0,6.0,0.19,12.0,7.2,0.3,1.029,theoretical
anm-0136-139,2,control,0.0,mm,0.0,none,none,30.0,active_antimicrobial,ldpe|pa,,active packaging,4,chicken,fresh chicken breast 300g,,anm+map,hybrid_simultaneous,,b. thermosphacta,microbial,5.0,7.0,log cfu/g,4.5,8.0,5.8,0.16,12.0,7.0,0.3,1.0,theoretical
anm-0136-139,2,control,0.0,mm,0.0,none,none,30.0,active_antimicrobial,ldpe|pa,,active packaging,4,chicken,fresh chicken breast 300g,,anm+map,hybrid_simultaneous,,b. thermosphacta,microbial,5.0,7.0,log cfu/g,4.5,12.0,5.7,0.1,15.0,7.1,0.467,1.014,theoretical
anm-0136-139,2,edta,10.0,mm,0.37,chelating agent (organic compound),other natural sources,30.0,active_antimicrobial,ldpe|pa,,active packaging,4,chicken,fresh chicken breast 300g,,anm+map,hybrid_simultaneous,,b. thermosphacta,microbial,5.0,7.0,log cfu/g,4.5,12.0,5.6,0.09,15.0,7.0,0.467,1.0,theoretical
anm-0136-139,2,edta,10.0,mm,0.37,chelating agent (organic compound),other natural sources,30.0,active_antimicrobial,ldpe|pa,,active packaging,4,chicken,fresh chicken breast 300g,,anm+map,hybrid_simultaneous,,b. thermosphacta,microbial,5.0,7.0,log cfu/g,4.5,24.0,6.2,0.07,,,,,theoretical
anm-0136-139,2,edta,50.0,mm,1.86,chelating agent (organic compound),other natural sources,30.0,active_antimicrobial,ldpe|pa,,active packaging,4,chicken,fresh chicken breast 300g,,anm+map,hybrid_simultaneous,,b. thermosphacta,microbial,5.0,7.0,log cfu/g,4.5,24.0,6.0,0.06,,,,,theoretical
anm-0136-139,2,edta,50.0,mm,1.86,chelating agent (organic compound),other natural sources,30.0,active_antimicrobial,ldpe|pa,,active packaging,4,chicken,fresh chicken breast 300g,,anm+map,hybrid_simultaneous,,b. thermosphacta,microbial,5.0,7.0,log cfu/g,4.5,24.0,5.9,0.06,,,,,theoretical
anm-0136-139,2,control,0.0,mm,0.0,none,none,30.0,active_antimicrobial,ldpe|pa,,active packaging,4,chicken,fresh chicken breast 300g,,,,,pseudomonas,microbial,5.0,7.0,log cfu/g,3.8,8.0,6.0,0.28,12.0,7.1,0.275,1.014,theoretical
anm-0136-139,2,control,0.0,mm,0.0,none,none,30.0,active_antimicrobial,ldpe|pa,,active packaging,4,chicken,fresh chicken breast 300g,,anm+map,hybrid_simultaneous,,pseudomonas,microbial,5.0,7.0,log cfu/g,3.8,8.0,6.8,0.38,12.0,7.0,0.05,1.0,theoretical
anm-0136-139,2,control,0.0,mm,0.0,none,none,30.0,active_antimicrobial,ldpe|pa,,active packaging,4,chicken,fresh chicken breast 300g,,anm+map,hybrid_simultaneous,,pseudomonas,microbial,5.0,7.0,log cfu/g,3.8,12.0,6.8,0.25,16.0,7.0,0.05,1.0,theoretical
anm-0136-139,2,edta,10.0,mm,0.37,chelating agent (organic compound),other natural sources,30.0,active_antimicrobial,ldpe|pa,,active packaging,4,chicken,fresh chicken breast 300g,,anm+map,hybrid_simultaneous,,pseudomonas,microbial,5.0,7.0,log cfu/g,3.8,24.0,5.8,0.08,,,,,theoretical
anm-0136-139,2,edta,10.0,mm,0.37,chelating agent (organic compound),other natural sources,30.0,active_antimicrobial,ldpe|pa,,active packaging,4,chicken,fresh chicken breast 300g,,anm+map,hybrid_simultaneous,,pseudomonas,microbial,5.0,7.0,log cfu/g,3.8,24.0,5.8,0.08,,,,,theoretical
anm-0136-139,2,edta,50.0,mm,1.86,chelating agent (organic compound),other natural sources,30.0,active_antimicrobial,ldpe|pa,,active packaging,4,chicken,fresh chicken breast 300g,,anm+map,hybrid_simultaneous,,pseudomonas,microbial,5.0,7.0,log cfu/g,3.8,24.0,5.5,0.07,,,,,theoretical
anm-0136-139,2,edta,50.0,mm,1.86,chelating agent (organic compound),other natural sources,30.0,active_antimicrobial,ldpe|pa,,active packaging,4,chicken,fresh chicken breast 300g,,anm+map,hybrid_simultaneous,,pseudomonas,microbial,5.0,7.0,log cfu/g,3.8,24.0,5.0,0.05,,,,,theoretical
anm-0136-139,2,control,0.0,mm,0.0,none,none,30.0,active_antimicrobial,ldpe|pa,,active packaging,4,chicken,fresh chicken breast 300g,,,,,enterobacteriaceae,microbial,5.0,7.0,log cfu/g,3.0,20.0,6.8,0.19,24.0,7.0,0.05,1.0,theoretical
anm-0136-139,2,control,0.0,mm,0.0,none,none,30.0,active_antimicrobial,ldpe|pa,,active packaging,4,chicken,fresh chicken breast 300g,,anm+map,hybrid_simultaneous,,enterobacteriaceae,microbial,5.0,7.0,log cfu/g,3.0,24.0,6.8,0.16,,,,,theoretical
anm-0136-139,2,control,0.0,mm,0.0,none,none,30.0,active_antimicrobial,ldpe|pa,,active packaging,4,chicken,fresh chicken breast 300g,,anm+map,hybrid_simultaneous,,enterobacteriaceae,microbial,5.0,7.0,log cfu/g,3.0,24.0,6.8,0.16,,,,,theoretical
anm-0136-139,2,edta,10.0,mm,0.37,chelating agent (organic compound),other natural sources,30.0,active_antimicrobial,ldpe|pa,,active packaging,4,chicken,fresh chicken breast 300g,,anm+map,hybrid_simultaneous,,enterobacteriaceae,microbial,5.0,7.0,log cfu/g,3.0,24.0,6.6,0.15,,,,,theoretical
anm-0136-139,2,edta,10.0,mm,0.37,chelating agent (organic compound),other natural sources,30.0,active_antimicrobial,ldpe|pa,,active packaging,4,chicken,fresh chicken breast 300g,,anm+map,hybrid_simultaneous,,enterobacteriaceae,microbial,5.0,7.0,log cfu/g,3.0,24.0,6.5,0.15,,,,,theoretical
anm-0136-139,2,edta,50.0,mm,1.86,chelating agent (organic compound),other natural sources,30.0,active_antimicrobial,ldpe|pa,,active packaging,4,chicken,fresh chicken breast 300g,,anm+map,hybrid_simultaneous,,enterobacteriaceae,microbial,5.0,7.0,log cfu/g,3.0,24.0,6.0,0.13,,,,,theoretical
anm-0136-139,2,edta,50.0,mm,1.86,chelating agent (organic compound),other natural sources,30.0,active_antimicrobial,ldpe|pa,,active packaging,4,chicken,fresh chicken breast 300g,,anm+map,hybrid_simultaneous,,enterobacteriaceae,microbial,5.0,7.0,log cfu/g,3.0,24.0,5.8,0.12,,,,,theoretical
anm-0136-139,2,control,0.0,mm,0.0,none,none,30.0,active_antimicrobial,ldpe|pa,,active packaging,4,chicken,fresh chicken breast 300g,,,,,tman,chemical,,10.0,mg n/100g,2.0,12.0,4.5,0.208,16.0,10.5,1.5,1.05,theoretical
anm-0136-139,2,control,0.0,mm,0.0,none,none,30.0,active_antimicrobial,ldpe|pa,,active packaging,4,chicken,fresh chicken breast 300g,,anm+map,hybrid_simultaneous,,tman,chemical,,10.0,mg n/100g,2.0,12.0,4.0,0.167,16.0,10.5,1.625,1.05,theoretical
anm-0136-139,2,control,0.0,mm,0.0,none,none,30.0,active_antimicrobial,ldpe|pa,,active packaging,4,chicken,fresh chicken breast 300g,,anm+map,hybrid_simultaneous,,tman,chemical,,10.0,mg n/100g,2.0,15.0,6.0,0.267,20.0,10.0,0.8,1.0,theoretical
anm-0136-139,2,edta,10.0,mm,0.37,chelating agent (organic compound),other natural sources,30.0,active_antimicrobial,ldpe|pa,,active packaging,4,chicken,fresh chicken breast 300g,,anm+map,hybrid_simultaneous,,tman,chemical,,10.0,mg n/100g,2.0,15.0,6.0,0.267,20.0,10.0,0.8,1.0,theoretical
anm-0136-139,2,edta,10.0,mm,0.37,chelating agent (organic compound),other natural sources,30.0,active_antimicrobial,ldpe|pa,,active packaging,4,chicken,fresh chicken breast 300g,,anm+map,hybrid_simultaneous,,tman,chemical,,10.0,mg n/100g,2.0,20.0,7.0,0.25,24.0,10.0,0.75,1.0,theoretical
anm-0136-139,2,edta,50.0,mm,1.86,chelating agent (organic compound),other natural sources,30.0,active_antimicrobial,ldpe|pa,,active packaging,4,chicken,fresh chicken breast 300g,,anm+map,hybrid_simultaneous,,tman,chemical,,10.0,mg n/100g,2.0,24.0,6.0,0.167,,,,,theoretical
anm-0136-139,2,edta,50.0,mm,1.86,chelating agent (organic compound),other natural sources,30.0,active_antimicrobial,ldpe|pa,,active packaging,4,chicken,fresh chicken breast 300g,,anm+map,hybrid_simultaneous,,tman,chemical,,10.0,mg n/100g,2.0,24.0,3.0,0.042,,,,,theoretical
anm-0136-139,2,edta,10.0,mm,0.37,chelating agent (organic compound),other natural sources,30.0,active_antimicrobial,ldpe|pa,,active packaging,4,chicken,fresh chicken breast 300g,,anm+map,hybrid_simultaneous,,tman,chemical,,10.0,mg n/100g,,,,,,,,,theoretical
anm-0136-139,2,edta,50.0,mm,1.86,chelating agent (organic compound),other natural sources,30.0,active_antimicrobial,ldpe|pa,,active packaging,4,chicken,fresh chicken breast 300g,,anm+map,hybrid_simultaneous,,tman,chemical,,10.0,mg n/100g,,,,,,,,,theoretical
anm-0136-139,2,control,0.0,mm,0.0,none,none,30.0,active_antimicrobial,ldpe|pa,,active packaging,4,chicken,fresh chicken breast 300g,,,,,tvbn,chemical,20.0,40.0,mg n/100g,23.6,8.0,35.0,1.425,12.0,42.0,1.75,1.05,theoretical
anm-0136-139,2,control,0.0,mm,0.0,none,none,30.0,active_antimicrobial,ldpe|pa,,active packaging,4,chicken,fresh chicken breast 300g,,anm+map,hybrid_simultaneous,,tvbn,chemical,20.0,40.0,mg n/100g,23.6,8.0,34.0,1.3,12.0,40.0,1.5,1.0,theoretical
anm-0136-139,2,control,0.0,mm,0.0,none,none,30.0,active_antimicrobial,ldpe|pa,,active packaging,4,chicken,fresh chicken breast 300g,,anm+map,hybrid_simultaneous,,tvbn,chemical,20.0,40.0,mg n/100g,23.6,12.0,34.0,0.867,15.0,60.3,8.767,1.51,theoretical
anm-0136-139,2,edta,10.0,mm,0.37,chelating agent (organic compound),other natural sources,30.0,active_antimicrobial,ldpe|pa,,active packaging,4,chicken,fresh chicken breast 300g,,anm+map,hybrid_simultaneous,,tvbn,chemical,20.0,40.0,mg n/100g,23.6,15.0,38.0,0.96,20.0,49.2,2.24,1.23,theoretical
anm-0136-139,2,edta,10.0,mm,0.37,chelating agent (organic compound),other natural sources,30.0,active_antimicrobial,ldpe|pa,,active packaging,4,chicken,fresh chicken breast 300g,,anm+map,hybrid_simultaneous,,tvbn,chemical,20.0,40.0,mg n/100g,23.6,24.0,39.5,0.663,,,,,theoretical
anm-0136-139,2,edta,50.0,mm,1.86,chelating agent (organic compound),other natural sources,30.0,active_antimicrobial,ldpe|pa,,active packaging,4,chicken,fresh chicken breast 300g,,anm+map,hybrid_simultaneous,,tvbn,chemical,20.0,40.0,mg n/100g,23.6,24.0,37.4,0.575,,,,,theoretical
anm-0136-139,2,edta,50.0,mm,1.86,chelating agent (organic compound),other natural sources,30.0,active_antimicrobial,ldpe|pa,,active packaging,4,chicken,fresh chicken breast 300g,,anm+map,hybrid_simultaneous,,tvbn,chemical,20.0,40.0,mg n/100g,23.6,24.0,32.1,0.354,,,,,theoretical
anm-0182-183,2,lactoferrin,5.0,% (w/w),5.0,protein,enzyme,,active_antimicrobial,pa|cellulose,,active packaging,4±1,beef,veal fillet,,anm,single,,tac,microbial,5.0,7.0,log cfu/g,5.34,3.0,5.43,0.03,,,,,theoretical
anm-0185-190,2,thyme eo,2.5,%,2.5,essential oil,plant,,vacuum,pa,,,4±1,beef,ground beef patties,,,,,pseudomonas,microbial,5.0,7.0,log cfu/g,6.36,12.0,5.25,-0.09,,,,,theoretical
anm-0185-190,2,thyme eo,2.5,%,2.5,essential oil,plant,,vacuum,pa,,,4±1,beef,ground beef patties,,anm+map,hybrid_simultaneous,,tcc,microbial,2.0,4.0,log cfu/g,4.7,12.0,5.0,0.03,,,,,theoretical
anm-0206-208,2,chitosan,1.5,% (w/v),1.5,carbohydrate,"algae, fish, others",2.0,active_antimicrobial,ldpe|pa|protein film,pouch,active packaging|barrier,4,chicken,skinless and boneless fresh chicken breast meat (ca. 400 g),,anm,single,,tvc,microbial,5.0,7.0,log cfu/g,4.85,21.0,6.5,0.08,,,,,theoretical
anm-0206-208,2,chitosan,2.5,% (w/v),2.5,carbohydrate,"algae, fish, others",2.0,active_antimicrobial,ldpe|pa|protein film,pouch,active packaging|barrier,4,chicken,skinless and boneless fresh chicken breast meat (ca. 400 g),,anm,single,,tvc,microbial,5.0,7.0,log cfu/g,4.85,21.0,6.5,0.08,,,,,theoretical
anm-0206-208,2,chitosan,3.5,% (w/v),3.5,carbohydrate,"algae, fish, others",2.0,active_antimicrobial,ldpe|pa|protein film,pouch,active packaging|barrier,4,chicken,skinless and boneless fresh chicken breast meat (ca. 400 g),,anm,single,,tvc,microbial,5.0,7.0,log cfu/g,4.85,21.0,6.5,0.08,,,,,theoretical
anm-0206-208,2,chitosan,1.5,% (w/v),1.5,carbohydrate/polysacharide,"algae, fish, others",2.0,active_antimicrobial,ldpe|pa|protein film,pouch,active packaging|barrier,4,chicken,skinless and boneless fresh chicken breast meat (ca. 400 g),,,,,pseudomonas,microbial,5.0,7.0,log cfu/g,4.04,16.0,6.5,0.15,21.0,7.0,0.1,1.0,theoretical
anm-0206-208,2,chitosan,2.5,% (w/v),2.5,carbohydrate/polysacharide,"algae, fish, others",2.0,active_antimicrobial,ldpe|pa|protein film,pouch,active packaging|barrier,4,chicken,skinless and boneless fresh chicken breast meat (ca. 400 g),,,,,pseudomonas,microbial,5.0,7.0,log cfu/g,4.04,21.0,6.1,0.1,,,,,theoretical
anm-0206-208,2,chitosan,3.5,% (w/v),3.5,carbohydrate/polysacharide,"algae, fish, others",2.0,active_antimicrobial,ldpe|pa|protein film,pouch,active packaging|barrier,4,chicken,skinless and boneless fresh chicken breast meat (ca. 400 g),,,,,pseudomonas,microbial,5.0,7.0,log cfu/g,4.04,21.0,6.0,0.09,,,,,theoretical
anm-0206-208,2,chitosan,1.5,% (w/v),1.5,carbohydrate,"algae, fish, others",2.0,active_antimicrobial,ldpe|pa|protein film,pouch,active packaging|barrier,4,chicken,skinless and boneless fresh chicken breast meat (ca. 400 g),,anm,single,,lab,microbial,5.0,7.0,log cfu/g,4.87,6.0,5.5,0.11,11.0,7.1,0.32,1.014,theoretical
anm-0206-208,2,chitosan,2.5,% (w/v),2.5,carbohydrate,"algae, fish, others",2.0,active_antimicrobial,ldpe|pa|protein film,pouch,active packaging|barrier,4,chicken,skinless and boneless fresh chicken breast meat (ca. 400 g),,anm,single,,lab,microbial,5.0,7.0,log cfu/g,4.87,16.0,6.5,0.1,21.0,7.5,0.2,1.071,theoretical
anm-0206-208,2,chitosan,3.5,% (w/v),3.5,carbohydrate,"algae, fish, others",2.0,active_antimicrobial,ldpe|pa|protein film,pouch,active packaging|barrier,4,chicken,skinless and boneless fresh chicken breast meat (ca. 400 g),,anm,single,,lab,microbial,5.0,7.0,log cfu/g,4.87,16.0,6.1,0.08,21.0,7.0,0.18,1.0,theoretical
anm-0206-208,2,chitosan,1.5,% (w/v),1.5,carbohydrate,"algae, fish, others",2.0,active_antimicrobial,ldpe|pa|protein film,pouch,active packaging|barrier,4,chicken,skinless and boneless fresh chicken breast meat (ca. 400 g),,anm,single,,psy,chemical,5.0,7.0,log cfu/g,3.7,6.0,6.1,0.4,11.0,7.5,0.28,1.071,theoretical
anm-0206-208,2,chitosan,2.5,% (w/v),2.5,carbohydrate,"algae, fish, others",2.0,active_antimicrobial,ldpe|pa|protein film,pouch,active packaging|barrier,4,chicken,skinless and boneless fresh chicken breast meat (ca. 400 g),,anm,single,,psy,chemical,5.0,7.0,log cfu/g,3.74,11.0,6.5,0.25,16.0,7.45,0.19,1.064,theoretical
anm-0206-208,2,chitosan,3.5,% (w/v),3.5,carbohydrate,"algae, fish, others",2.0,active_antimicrobial,ldpe|pa|protein film,pouch,active packaging|barrier,4,chicken,skinless and boneless fresh chicken breast meat (ca. 400 g),,anm,single,,psy,chemical,5.0,7.0,log cfu/g,4.1,16.0,6.1,0.13,21.0,7.0,0.18,1.0,theoretical
anm-0206-208,2,chitosan,1.5,% (w/v),1.5,carbohydrate,"algae, fish, others",2.0,active_antimicrobial,ldpe|pa|protein film,pouch,active packaging|barrier,4,chicken,skinless and boneless fresh chicken breast meat (ca. 400 g),,anm,single,,pv,chemical,10.0,25.0,meq o2/kg fat,0.05,20.0,0.11,0.003,,,,,theoretical
anm-0206-208,2,chitosan,2.5,% (w/v),2.5,carbohydrate,"algae, fish, others",2.0,active_antimicrobial,ldpe|pa|protein film,pouch,active packaging|barrier,4,chicken,skinless and boneless fresh chicken breast meat (ca. 400 g),,anm,single,,pv,chemical,10.0,25.0,meq o2/kg fat,0.07,20.0,0.099,0.002,,,,,theoretical
anm-0206-208,2,chitosan,3.5,% (w/v),3.5,carbohydrate,"algae, fish, others",2.0,active_antimicrobial,ldpe|pa|protein film,pouch,active packaging|barrier,4,chicken,skinless and boneless fresh chicken breast meat (ca. 400 g),,anm,single,,pv,chemical,10.0,25.0,meq o2/kg fat,0.05,20.0,0.065,0.001,,,,,theoretical
anm-0206-208,2,chitosan,1.5,% (w/v),1.5,carbohydrate/polysacharide,"algae, fish, others",2.0,active_antimicrobial,ldpe|pa|protein film,pouch,active packaging|barrier,4,chicken,skinless and boneless fresh chicken breast meat (ca. 400 g),,,,,tbars,chemical,0.5,2.0,mg mda/kg,0.03,20.0,0.106,0.004,,,,,theoretical
anm-0206-208,2,chitosan,2.5,% (w/v),2.5,carbohydrate/polysacharide,"algae, fish, others",2.0,active_antimicrobial,ldpe|pa|protein film,pouch,active packaging|barrier,4,chicken,skinless and boneless fresh chicken breast meat (ca. 400 g),,,,,tbars,chemical,0.5,2.0,mg mda/kg,0.02,20.0,0.09,0.004,,,,,theoretical
anm-0206-208,2,chitosan,3.5,% (w/v),3.5,carbohydrate/polysacharide,"algae, fish, others",2.0,active_antimicrobial,ldpe|pa|protein film,pouch,active packaging|barrier,4,chicken,skinless and boneless fresh chicken breast meat (ca. 400 g),,,,,tbars,chemical,0.5,2.0,mg mda/kg,0.01,20.0,0.08,0.003,,,,,theoretical
anm-0523-526,2,thyme oil,0.2,% (v/w),0.2,essential oil,plant,,active_antimicrobial,pa,,active packaging,4,chicken,ready to cook chicken-pepper kebabs (125g),,anm,single,,tvc,microbial,5.0,7.0,log cfu/g,5.41,6.0,6.5,0.18,7.0,7.0,0.5,1.0,theoretical
anm-0523-526,2,thyme oil,0.2,% (v/w),0.2,essential oil,plant,,active_antimicrobial,pa,,active packaging,4,chicken,ready to cook chicken-pepper kebabs (125g),,anm,single,,pseudomonas,microbial,5.0,7.0,log cfu/g,5.05,6.0,6.0,0.16,8.0,7.0,0.5,1.0,theoretical
anm-0523-526,2,thyme oil,0.2,% (v/w),0.2,essential oil,plant,,active_antimicrobial,pa,,active packaging,4,chicken,ready to cook chicken-pepper kebabs (125g),,anm,single,,lab,microbial,5.0,7.0,log cfu/g,4.35,10.0,5.9,0.16,,,,,theoretical
anm-0523-526,2,thyme oil,0.2,% (v/w),0.2,essential oil,plant,,active_antimicrobial,pa,,active packaging,4,chicken,ready to cook chicken-pepper kebabs (125g),,anm,single,,b. thermosphacta,microbial,5.0,7.0,log cfu/g,4.29,,,,12.0,,,,theoretical
anm-0523-526,2,thyme oil,0.2,% (v/w),0.2,essential oil,plant,,active_antimicrobial,pa,,active packaging,4,chicken,ready to cook chicken-pepper kebabs (125g),,anm,single,,enterobacteriaceae,microbial,5.0,7.0,log cfu/g,3.5,,,,12.0,,,,theoretical
anm-0523-526,2,thyme oil,0.2,% (v/w),0.2,essential oil,plant,,active_antimicrobial,pa,,active packaging,4,chicken,ready to cook chicken-pepper kebabs (125g),,anm,single,,fungal count,microbial,2.0,3.0,log cfu/g,4.53,12.0,4.7,0.01,,,,,theoretical
anm-0547-550,2,rosemary oil,0.2,% (v/w),0.2,essential oil,plant,,active_antimicrobial,ldpe|pa,pouch,barrier|active packaging,4,chicken,semi cooked coated chicken fillets,,anm+map,hybrid_simultaneous,,tvc,microbial,5.0,7.0,log cfu/g,3.6,14.0,,,16.0,,,,theoretical
anm-0547-550,2,oregano oil,0.2,% (v/w),0.2,essential oil,plant,,active_antimicrobial,ldpe|pa,pouch,barrier|active packaging,4,chicken,semi cooked coated chicken fillets,,anm+map,hybrid_simultaneous,,tvc,microbial,5.0,7.0,log cfu/g,3.6,14.0,,,16.0,,,,theoretical
anm-0570,2,thyme,20.0,g,0.13,essential oil,plant,1440.0,,,,,0,chicken,leg,,anm,single,,salmonella,microbial,0.0,0.0,cfu/plate,,,,,1.0,,,,theoretical
anm-0570,2,thyme,20.0,g,0.13,essential oil,plant,1440.0,,,,,0,chicken,leg,irradiation,anm,hybrid_simultaneous,3.0,salmonella,microbial,0.0,0.0,cfu/plate,,9.0,0.0,,12.0,,,,theoretical
anm-0570,2,thyme,20.0,g,0.13,essential oil,plant,1440.0,,,,,0,chicken,leg,irradiation,anm,hybrid_simultaneous,5.0,salmonella,microbial,0.0,0.0,cfu/plate,,15.0,0.0,,,,,,theoretical
anm-0570,2,control,0.0,g,0.0,none,none,,vacuum,,,,0,chicken,leg,,anm,single,,salmonella,microbial,0.0,0.0,cfu/plate,,,,,1.0,,,,theoretical
anm-0570,2,control,0.0,g,0.0,none,none,,vacuum,,,,0,chicken,leg,irradiation,,single,3.0,salmonella,microbial,0.0,0.0,cfu/plate,,,,,1.0,,,,theoretical
anm-0570,2,control,0.0,g,0.0,none,none,,vacuum,,,,0,chicken,leg,irradiation,,single,5.0,salmonella,microbial,0.0,0.0,cfu/plate,,12.0,0.0,,15.0,,,,theoretical
anm-0570,2,control,0.0,g,0.0,none,none,,aerobic,,,,0,chicken,leg,irradiation,,single,0.0,salmonella,microbial,0.0,0.0,cfu/plate,,,,,1.0,,,,theoretical
anm-0570,2,control,0.0,g,0.0,none,none,,aerobic,,,,0,chicken,leg,irradiation,,single,3.0,salmonella,microbial,0.0,0.0,cfu/plate,,,,,1.0,,,,theoretical
anm-0570,2,control,0.0,g,0.0,none,none,,aerobic,,,,0,chicken,leg,irradiation,,single,5.0,salmonella,microbial,0.0,0.0,cfu/plate,0.0,15.0,0.0,,,,,,theoretical
anm-0570,2,thyme,20.0,g,0.13,essential oil,plant,1440.0,,,,,0,chicken,leg,irradiation,anm,hybrid_simultaneous,0.0,tvc,microbial,5.0,7.0,log cfu/g,1.24,6.0,2.76,0.25,9.0,6.25,1.163,0.893,theoretical
anm-0570,2,thyme,20.0,g,0.13,essential oil,plant,1440.0,,,,,0,chicken,leg,irradiation,anm,hybrid_simultaneous,3.0,tvc,microbial,5.0,7.0,log cfu/g,1.24,6.0,2.76,0.25,9.0,6.25,1.163,0.893,theoretical
anm-0570,2,thyme,20.0,g,0.13,essential oil,plant,1440.0,,,,,0,chicken,leg,irradiation,anm,hybrid_simultaneous,5.0,tvc,microbial,5.0,7.0,log cfu/g,1.24,6.0,2.76,0.25,9.0,6.25,1.163,0.893,theoretical
anm-0570,2,control,0.0,g,0.0,none,none,,vacuum,,,,0,chicken,leg,irradiation,map,hybrid_simultaneous,0.0,tvc,microbial,5.0,7.0,log cfu/g,2.63,6.0,4.23,0.27,9.0,6.94,0.903,0.991,theoretical
anm-0570,2,control,0.0,g,0.0,none,none,,vacuum,,,,0,chicken,leg,irradiation,map,hybrid_simultaneous,3.0,tvc,microbial,5.0,7.0,log cfu/g,2.63,6.0,4.23,0.27,9.0,6.94,0.903,0.991,theoretical
anm-0570,2,control,0.0,g,0.0,none,none,,vacuum,,,,0,chicken,leg,irradiation,map,hybrid_simultaneous,5.0,tvc,microbial,5.0,7.0,log cfu/g,2.63,6.0,4.23,0.27,9.0,6.94,0.903,0.991,theoretical
anm-0570,2,control,0.0,g,0.0,none,none,,aerobic,,,,0,chicken,leg,irradiation,,single,0.0,tvc,microbial,5.0,7.0,log cfu/g,2.53,6.0,4.36,0.31,9.0,6.64,0.76,0.949,theoretical
anm-0570,2,control,0.0,g,0.0,none,none,,aerobic,,,,0,chicken,leg,irradiation,,single,3.0,tvc,microbial,5.0,7.0,log cfu/g,2.53,6.0,4.36,0.31,9.0,6.64,0.76,0.949,theoretical
anm-0570,2,control,0.0,g,0.0,none,none,,aerobic,,,,0,chicken,leg,irradiation,,single,5.0,tvc,microbial,5.0,7.0,log cfu/g,2.53,6.0,4.36,0.31,9.0,6.64,0.76,0.949,theoretical
anm-0576-579,2,turmeric oil,1.0,%,1.0,essential oil,plant,,active_antimicrobial,pa|protein film,pouch,active packaging,room temp,mixed,"food containing potato, boneless chicken cooking oil, masala, tomato and salt",,anm,single,,tvc,microbial,5.0,7.0,log cfu/g,1.3,46.0,0.7,-0.01,,,,,theoretical
anm-0576-579,2,turmeric oil,1.0,%,1.0,phenol,plant,,active_antimicrobial,pa|protein film,pouch,active packaging,room temp,mixed,"food containing potato, boneless chicken cooking oil, masala, tomato and salt",,anm,single,,fungal count,microbial,2.0,3.0,fungal count/g,0.7,46.0,0.7,0.0,,,,,theoretical
anm-0199,2,na2edta,300.0,μg cm^-2,,chelating agent (organic compound),other natural sources,,,,,,4,beef,10g ground meat,,,,,tvc,microbial,5.0,7.0,log cfu/g,4.99,6.0,6.94,0.33,8.0,6.94,0.0,0.991,theoretical
anm-0199,2,na2edta,300.0,μg cm^-2,,chelating agent (organic compound),other natural sources,,,,,,4,beef,10g ground meat,,anm,single,,tvc,microbial,5.0,7.0,log cfu/g,5.09,8.0,6.9,0.23,,,,,theoretical
anm-0199,2,na2edta,300.0,μg cm^-2,,chelating agent (organic compound),other natural sources,,,,,,4,beef,10g ground meat,,,,,tcc,microbial,2.0,3.0,log cfu/g,2.68,1.0,2.68,0.0,4.0,3.96,0.427,1.32,theoretical
anm-0199,2,na2edta,300.0,μg cm^-2,,chelating agent (organic compound),other natural sources,,,,,,4,beef,10g ground meat,,anm,single,,tcc,microbial,2.0,3.0,log cfu/g,2.6,1.0,2.6,0.0,4.0,3.25,0.217,1.083,theoretical
anm-0199,2,na2edta,300.0,μg cm^-2,,chelating agent (organic compound),other natural sources,,,,,,4,beef,10g ground meat,,,,,tbars,chemical,0.5,2.0,mg mda per kg,3.17,,,,0.0,3.17,,1.59,theoretical
anm-0199,2,na2edta,300.0,μg cm^-2,,chelating agent (organic compound),other natural sources,,,,,,4,beef,10g ground meat,,anm,single,,tbars,chemical,0.5,2.0,mg mda per kg,3.23,,,,0.0,3.23,,1.62,theoretical
anx-0003,2,"rehydrated, texturized soy protein  (4% protein , 15% water)",19.0,%,19.0,protein,plant,,active_antimicrobial,ldpe|pa|protein film,tube,active packaging,-18,beef,frozen minced beef,,,,,tvc,microbial,5.0,7.0,log cfu/g,5.5,7.0,5.3,-0.03,,,,,theoretical
anx-0003,2,"rehydrated pea fibre (2% fibre, 17% water)",19.0,%,19.0,fiber,plant,,active_antimicrobial,ldpe|pa|protein film,tube,active packaging,-18,beef,frozen minced beef,,,,,tvc,microbial,5.0,7.0,log cfu/g,5.2,7.0,5.0,-0.03,,,,,theoretical
anx-0003,2,"rehydrated, texturized soy protein  (4% protein , 15% water)",19.0,%,19.0,protein,plant,,active_antimicrobial,ldpe|pa|protein film,tube,active packaging,-18,beef,frozen minced beef,,,,,tbars,chemical,0.5,2.0,mg mda per kg,,,,,,,,,theoretical
anx-0003,2,"rehydrated pea fibre (2% fibre, 17% water)",19.0,%,19.0,fiber,plant,,active_antimicrobial,ldpe|pa|protein film,tube,active packaging,-18,beef,frozen minced beef,,,,,tbars,chemical,0.5,2.0,mg mda per kg,,,,,,,,,theoretical
anx-0008-9,2,oleroresin rosemary,0.05,% of the fat level,0.0095,essential oil,plant,,,ldpe,box,,4,mixed,frankfurters,,anm,single,,tpc,microbial,5.0,7.0,log cfu/g,,21.0,4.86,0.23,,,,,theoretical
anx-0008-9,2,oleroresin rosemary,0.05,% of the fat level,0.0095,essential oil,plant,,,ldpe,box,,4,mixed,frankfurters,,anm,single,,tpc,microbial,5.0,7.0,log cfu/g,,50.0,6.605,0.13,,,,,theoretical
anx-0053-54,2,bht,0.01,%,0.01,organic compound (antioxidant),other natural sources,,,,,,4,beef,cooked ground beef,,,,,tbars,chemical,0.5,2.0,mg mda per kg,1.18,4.0,1.24,0.015,,,,,theoretical
anx-0053-54,2,bht,0.01,%,0.01,organic compound (antioxidant),other natural sources,,,,,,4,beef,cooked ground beef,,,,,hexanal content (hc),chemical,1.0,5.9,ppm,0.06,4.0,0.17,0.028,,,,,theoretical
anx-0053-54,2,bht,0.01,%,0.01,organic compound (antioxidant),other natural sources,,,,,,4,beef,cooked ground beef,,,,,tbars,chemical,0.5,2.0,mg mda per kg,1.57,4.0,1.5,-0.018,,,,,theoretical
anx-0053-54,2,bht,0.01,%,0.01,organic compound (antioxidant),other natural sources,,,,,,4,beef,cooked ground beef,,,,,hexanal content (hc),chemical,1.0,5.9,ppm,0.05,4.0,0.08,0.008,,,,,theoretical
anm-0064,3,control,0.0,% (w/w),0.0,none,none,,,,,,25,fish,skinless carp fillets,,,,,tvc,microbial,5.0,7.0,log cfu/g,3.6,1.0,3.6,0.0,2.0,8.7,5.1,1.243,theoretical
anm-0064,3,control,0.0,% (w/w),0.0,none,none,,,,,,25,fish,skinless carp fillets,,anm,single,,tvc,microbial,5.0,7.0,log cfu/g,2.2,1.0,2.2,0.0,2.0,7.6,5.4,1.086,theoretical
anm-0064,3,control,0.0,% (w/w),0.0,none,none,,,,,,25,fish,skinless carp fillets,,,,,tvc,microbial,5.0,7.0,log cfu/g,2.3,1.0,2.3,0.0,2.0,7.5,5.2,1.071,theoretical
anm-0064,3,carvacrol eo,0.5,% (w/w),0.5,essential oil,plant,,,,,,25,fish,skinless carp fillets,,anm,single,,tvc,microbial,5.0,7.0,log cfu/g,2.6,1.0,2.6,0.0,2.0,6.4,3.8,0.914,theoretical
anm-0064,3,carvacrol eo,0.5,% (w/w),0.5,essential oil,plant,,,,,,25,fish,skinless carp fillets,,anm,single,,tvc,microbial,5.0,7.0,log cfu/g,2.2,2.0,5.6,1.7,3.0,7.5,1.9,1.071,theoretical
anm-0064,3,carvacrol eo,0.5,% (w/w),0.5,essential oil,plant,,,,,,25,fish,skinless carp fillets,,anm,single,,tvc,microbial,5.0,7.0,log cfu/g,2.1,2.0,5.4,1.65,3.0,7.2,1.8,1.029,theoretical
anm-0064,3,control,0.0,% (w/w),0.0,none,none,,,,,,25,fish,skinless carp fillets,,,,,tvbn,chemical,20.0,30.0,mg/100g,11.4,1.0,11.4,,2.0,41.0,29.6,1.37,theoretical
anm-0064,3,control,0.0,% (w/w),0.0,none,none,,,,,,25,fish,skinless carp fillets,,anm,single,,tvbn,chemical,20.0,30.0,mg/100g,8.4,2.0,26.9,9.25,3.0,64.5,37.6,2.15,theoretical
anm-0064,3,control,0.0,% (w/w),0.0,none,none,,,,,,25,fish,skinless carp fillets,,,,,tvbn,chemical,20.0,30.0,mg/100g,7.0,2.0,24.9,8.95,3.0,60.1,35.2,2.0,theoretical
anm-0064,3,carvacrol eo,0.5,% (w/w),0.5,essential oil,plant,,,,,,25,fish,skinless carp fillets,,anm,single,,tvbn,chemical,20.0,30.0,mg/100g,6.9,2.0,21.2,7.15,3.0,42.9,21.7,1.43,theoretical
anm-0064,3,carvacrol eo,0.5,% (w/w),0.5,essential oil,plant,,,,,,25,fish,skinless carp fillets,,anm,single,,tvbn,chemical,20.0,30.0,mg/100g,6.8,2.0,20.7,6.95,3.0,40.6,19.9,1.35,theoretical
anm-0064,3,carvacrol eo,0.5,% (w/w),0.5,essential oil,plant,,,,,,25,fish,skinless carp fillets,,anm,single,,tvbn,chemical,20.0,30.0,mg/100g,6.8,2.0,18.8,6.0,3.0,38.9,20.1,1.3,theoretical
anm-0064,3,control,0.0,% (w/w),0.0,none,none,,,,,,25,fish,skinless carp fillets,,,,,pv,chemical,10.0,20.0,meq/kg,1.0,3.0,8.5,2.5,,,,,theoretical
anm-0064,3,control,0.0,% (w/w),0.0,none,none,,,,,,25,fish,skinless carp fillets,,anm,single,,pv,chemical,10.0,20.0,meq/kg,1.0,3.0,8.9,2.633,,,,,theoretical
anm-0064,3,control,0.0,% (w/w),0.0,none,none,,,,,,25,fish,skinless carp fillets,,,,,pv,chemical,10.0,20.0,meq/kg,1.0,3.0,7.3,2.1,,,,,theoretical
anm-0064,3,carvacrol eo,0.5,% (w/w),0.5,essential oil,plant,,,,,,25,fish,skinless carp fillets,,anm,single,,pv,chemical,10.0,20.0,meq/kg,1.0,3.0,6.63,1.877,,,,,theoretical
anm-0064,3,carvacrol eo,0.5,% (w/w),0.5,essential oil,plant,,,,,,25,fish,skinless carp fillets,,anm,single,,pv,chemical,10.0,20.0,meq/kg,1.0,3.0,4.2,1.067,,,,,theoretical
anm-0064,3,carvacrol eo,0.5,% (w/w),0.5,essential oil,plant,,,,,,25,fish,skinless carp fillets,,anm,single,,pv,chemical,10.0,20.0,meq/kg,1.0,3.0,2.9,0.633,,,,,theoretical
anm-0064,3,control,0.0,% (w/w),0.0,none,none,,,,,,25,fish,skinless carp fillets,,,,,tbars,chemical,0.5,2.0,mg mda/kg,0.15,2.0,0.34,0.095,3.0,0.8,0.46,0.4,theoretical
anm-0064,3,control,0.0,% (w/w),0.0,none,none,,,,,,25,fish,skinless carp fillets,,,,,tbars,chemical,0.5,2.0,mg mda/kg,0.15,2.0,0.38,0.115,3.0,0.92,0.54,0.46,theoretical
anm-0064,3,control,0.0,% (w/w),0.0,none,none,,,,,,25,fish,skinless carp fillets,,,,,tbars,chemical,0.5,2.0,mg mda/kg,0.14,2.0,0.26,0.06,3.0,0.63,0.37,0.32,theoretical
anm-0064,3,carvacrol eo,0.5,% (w/w),0.5,essential oil,plant,,,,,,25,fish,skinless carp fillets,,anm,single,,tbars,chemical,0.5,2.0,mg mda/kg,0.14,3.0,0.25,0.037,,,,,theoretical
anm-0064,3,carvacrol eo,0.5,% (w/w),0.5,essential oil,plant,,,,,,25,fish,skinless carp fillets,,anm,single,,tbars,chemical,0.5,2.0,mg mda/kg,0.14,3.0,0.3,0.053,,,,,theoretical
anm-0064,3,carvacrol eo,0.5,% (w/w),0.5,essential oil,plant,,,,,,25,fish,skinless carp fillets,,anm,single,,tbars,chemical,0.5,2.0,mg mda/kg,0.14,3.0,0.17,0.01,,,,,theoretical
anm-0206-208,3,zataria multiflora essential oil,1.0,%,1.0,essential oil,plant,2.0,active_antimicrobial,ldpe|pa|protein film,pouch,active packaging|barrier,4,chicken,skinless and boneless fresh chicken breast meat (ca. 400 g),,anm,single,,tvc,microbial,5.0,7.0,log cfu/g,4.85,21.0,6.5,0.08,,,,,theoretical
anm-0206-208,3,zataria multiflora essential oil,2.0,%,2.0,essential oil,plant,2.0,active_antimicrobial,ldpe|pa|protein film,pouch,active packaging|barrier,4,chicken,skinless and boneless fresh chicken breast meat (ca. 400 g),,anm,single,,tvc,microbial,5.0,7.0,log cfu/g,4.85,21.0,6.5,0.08,,,,,theoretical
anm-0206-208,3,zataria multiflora essential oil,1.0,%,1.0,essential oil,plant,2.0,active_antimicrobial,ldpe|pa|protein film,pouch,active packaging|barrier,4,chicken,skinless and boneless fresh chicken breast meat (ca. 400 g),,,,,pseudomonas,microbial,5.0,7.0,log cfu/g,4.04,21.0,6.1,0.1,,,,,theoretical
anm-0206-208,3,zataria multiflora essential oil,2.0,%,2.0,essential oil,plant,2.0,active_antimicrobial,ldpe|pa|protein film,pouch,active packaging|barrier,4,chicken,skinless and boneless fresh chicken breast meat (ca. 400 g),,,,,pseudomonas,microbial,5.0,7.0,log cfu/g,4.04,21.0,6.0,0.09,,,,,theoretical
anm-0206-208,3,zataria multiflora essential oil,1.0,%,1.0,essential oil,plant,2.0,active_antimicrobial,ldpe|pa|protein film,pouch,active packaging|barrier,4,chicken,skinless and boneless fresh chicken breast meat (ca. 400 g),,anm,single,,lab,microbial,5.0,7.0,log cfu/g,4.87,16.0,6.5,0.1,21.0,7.5,0.2,1.071,theoretical
anm-0206-208,3,zataria multiflora essential oil,2.0,%,2.0,essential oil,plant,2.0,active_antimicrobial,ldpe|pa|protein film,pouch,active packaging|barrier,4,chicken,skinless and boneless fresh chicken breast meat (ca. 400 g),,anm,single,,lab,microbial,5.0,7.0,log cfu/g,4.87,16.0,6.1,0.08,21.0,7.0,0.18,1.0,theoretical
anm-0206-208,3,zataria multiflora essential oil,1.0,%,1.0,essential oil,plant,2.0,active_antimicrobial,ldpe|pa|protein film,pouch,active packaging|barrier,4,chicken,skinless and boneless fresh chicken breast meat (ca. 400 g),,anm,single,,psy,chemical,5.0,7.0,log cfu/g,3.74,11.0,6.5,0.25,16.0,7.45,0.19,1.064,theoretical
anm-0206-208,3,zataria multiflora essential oil,2.0,%,2.0,essential oil,plant,2.0,active_antimicrobial,ldpe|pa|protein film,pouch,active packaging|barrier,4,chicken,skinless and boneless fresh chicken breast meat (ca. 400 g),,anm,single,,psy,chemical,5.0,7.0,log cfu/g,4.1,16.0,6.1,0.13,21.0,7.0,0.18,1.0,theoretical
anm-0206-208,3,zataria multiflora essential oil,1.0,%,1.0,essential oil,plant,2.0,active_antimicrobial,ldpe|pa|protein film,pouch,active packaging|barrier,4,chicken,skinless and boneless fresh chicken breast meat (ca. 400 g),,anm,single,,pv,chemical,10.0,25.0,meq o2/kg fat,0.07,20.0,0.099,0.002,,,,,theoretical
anm-0206-208,3,zataria multiflora essential oil,2.0,%,2.0,essential oil,plant,2.0,active_antimicrobial,ldpe|pa|protein film,pouch,active packaging|barrier,4,chicken,skinless and boneless fresh chicken breast meat (ca. 400 g),,anm,single,,pv,chemical,10.0,25.0,meq o2/kg fat,0.05,20.0,0.065,0.001,,,,,theoretical
anm-0206-208,3,zataria multiflora essential oil,1.0,%,1.0,essential oil,plant,2.0,active_antimicrobial,ldpe|pa|protein film,pouch,active packaging|barrier,4,chicken,skinless and boneless fresh chicken breast meat (ca. 400 g),,,,,tbars,chemical,0.5,2.0,mg mda/kg,0.02,20.0,0.09,0.004,,,,,theoretical
anm-0206-208,3,zataria multiflora essential oil,2.0,%,2.0,essential oil,plant,2.0,active_antimicrobial,ldpe|pa|protein film,pouch,active packaging|barrier,4,chicken,skinless and boneless fresh chicken breast meat (ca. 400 g),,,,,tbars,chemical,0.5,2.0,mg mda/kg,0.01,20.0,0.08,0.003,,,,,theoretical
anm-0570,3,rosemary,20.0,g,0.13,phenol,plant,1440.0,,,,,0,chicken,leg,,anm,single,,salmonella,microbial,0.0,0.0,cfu/plate,,,,,1.0,,,,theoretical
anm-0570,3,rosemary,20.0,g,0.13,phenol,plant,1440.0,,,,,0,chicken,leg,irradiation,anm,hybrid_simultaneous,3.0,salmonella,microbial,0.0,0.0,cfu/plate,,9.0,0.0,,12.0,,,,theoretical
anm-0570,3,rosemary,20.0,g,0.13,phenol,plant,1440.0,,,,,0,chicken,leg,irradiation,anm,hybrid_simultaneous,5.0,salmonella,microbial,0.0,0.0,cfu/plate,,15.0,0.0,,,,,,theoretical
anm-0570,3,rosemary,20.0,g,0.13,phenol,plant,1440.0,,,,,0,chicken,leg,irradiation,anm,hybrid_simultaneous,0.0,tvc,microbial,5.0,7.0,log cfu/g,1.24,6.0,2.76,0.25,9.0,6.25,1.163,0.893,theoretical
anm-0570,3,rosemary,20.0,g,0.13,phenol,plant,1440.0,,,,,0,chicken,leg,irradiation,anm,hybrid_simultaneous,3.0,tvc,microbial,5.0,7.0,log cfu/g,1.24,6.0,2.76,0.25,9.0,6.25,1.163,0.893,theoretical
anm-0570,3,rosemary,20.0,g,0.13,phenol,plant,1440.0,,,,,0,chicken,leg,irradiation,anm,hybrid_simultaneous,5.0,tvc,microbial,5.0,7.0,log cfu/g,1.24,6.0,2.76,0.25,9.0,6.25,1.163,0.893,theoretical
anm-0064,4,control,0.0,% (w/w),0.0,none,none,,,,,,25,fish,skinless carp fillets,,,,,tvc,microbial,5.0,7.0,log cfu/g,3.6,1.0,3.6,0.0,2.0,8.7,5.1,1.243,theoretical
anm-0064,4,control,0.0,% (w/w),0.0,none,none,,,,,,25,fish,skinless carp fillets,,anm,single,,tvc,microbial,5.0,7.0,log cfu/g,2.2,1.0,2.2,0.0,2.0,7.6,5.4,1.086,theoretical
anm-0064,4,control,0.0,% (w/w),0.0,none,none,,,,,,25,fish,skinless carp fillets,,,,,tvc,microbial,5.0,7.0,log cfu/g,2.3,1.0,2.3,0.0,2.0,7.5,5.2,1.071,theoretical
anm-0064,4,thymol eo,0.5,% (w/w),0.5,essential oil,plant,,,,,,25,fish,skinless carp fillets,,anm,single,,tvc,microbial,5.0,7.0,log cfu/g,2.6,1.0,2.6,0.0,2.0,6.4,3.8,0.914,theoretical
anm-0064,4,thymol eo,0.5,% (w/w),0.5,essential oil,plant,,,,,,25,fish,skinless carp fillets,,anm,single,,tvc,microbial,5.0,7.0,log cfu/g,2.2,2.0,5.6,1.7,3.0,7.5,1.9,1.071,theoretical
anm-0064,4,thymol eo,0.5,% (w/w),0.5,essential oil,plant,,,,,,25,fish,skinless carp fillets,,anm,single,,tvc,microbial,5.0,7.0,log cfu/g,2.1,2.0,5.4,1.65,3.0,7.2,1.8,1.029,theoretical
anm-0064,4,control,0.0,% (w/w),0.0,none,none,,,,,,25,fish,skinless carp fillets,,,,,tvbn,chemical,20.0,30.0,mg/100g,11.4,1.0,11.4,,2.0,41.0,29.6,1.37,theoretical
anm-0064,4,control,0.0,% (w/w),0.0,none,none,,,,,,25,fish,skinless carp fillets,,anm,single,,tvbn,chemical,20.0,30.0,mg/100g,8.4,2.0,26.9,9.25,3.0,64.5,37.6,2.15,theoretical
anm-0064,4,control,0.0,% (w/w),0.0,none,none,,,,,,25,fish,skinless carp fillets,,,,,tvbn,chemical,20.0,30.0,mg/100g,7.0,2.0,24.9,8.95,3.0,60.1,35.2,2.0,theoretical
anm-0064,4,thymol eo,0.5,% (w/w),0.5,essential oil,plant,,,,,,25,fish,skinless carp fillets,,anm,single,,tvbn,chemical,20.0,30.0,mg/100g,6.9,2.0,21.2,7.15,3.0,42.9,21.7,1.43,theoretical
anm-0064,4,thymol eo,0.5,% (w/w),0.5,essential oil,plant,,,,,,25,fish,skinless carp fillets,,anm,single,,tvbn,chemical,20.0,30.0,mg/100g,6.8,2.0,20.7,6.95,3.0,40.6,19.9,1.35,theoretical
anm-0064,4,thymol eo,0.5,% (w/w),0.5,essential oil,plant,,,,,,25,fish,skinless carp fillets,,anm,single,,tvbn,chemical,20.0,30.0,mg/100g,6.8,2.0,18.8,6.0,3.0,38.9,20.1,1.3,theoretical
anm-0064,4,control,0.0,% (w/w),0.0,none,none,,,,,,25,fish,skinless carp fillets,,,,,pv,chemical,10.0,20.0,meq/kg,1.0,3.0,8.5,2.5,,,,,theoretical
anm-0064,4,control,0.0,% (w/w),0.0,none,none,,,,,,25,fish,skinless carp fillets,,anm,single,,pv,chemical,10.0,20.0,meq/kg,1.0,3.0,8.9,2.633,,,,,theoretical
anm-0064,4,control,0.0,% (w/w),0.0,none,none,,,,,,25,fish,skinless carp fillets,,,,,pv,chemical,10.0,20.0,meq/kg,1.0,3.0,7.3,2.1,,,,,theoretical
anm-0064,4,thymol eo,0.5,% (w/w),0.5,essential oil,plant,,,,,,25,fish,skinless carp fillets,,anm,single,,pv,chemical,10.0,20.0,meq/kg,1.0,3.0,6.63,1.877,,,,,theoretical
anm-0064,4,thymol eo,0.5,% (w/w),0.5,essential oil,plant,,,,,,25,fish,skinless carp fillets,,anm,single,,pv,chemical,10.0,20.0,meq/kg,1.0,3.0,4.2,1.067,,,,,theoretical
anm-0064,4,thymol eo,0.5,% (w/w),0.5,essential oil,plant,,,,,,25,fish,skinless carp fillets,,anm,single,,pv,chemical,10.0,20.0,meq/kg,1.0,3.0,2.9,0.633,,,,,theoretical
anm-0064,4,control,0.0,% (w/w),0.0,none,none,,,,,,25,fish,skinless carp fillets,,,,,tbars,chemical,0.5,2.0,mg mda/kg,0.15,2.0,0.34,0.095,3.0,0.8,0.46,0.4,theoretical
anm-0064,4,control,0.0,% (w/w),0.0,none,none,,,,,,25,fish,skinless carp fillets,,,,,tbars,chemical,0.5,2.0,mg mda/kg,0.15,2.0,0.38,0.115,3.0,0.92,0.54,0.46,theoretical
anm-0064,4,control,0.0,% (w/w),0.0,none,none,,,,,,25,fish,skinless carp fillets,,,,,tbars,chemical,0.5,2.0,mg mda/kg,0.14,2.0,0.26,0.06,3.0,0.63,0.37,0.32,theoretical
anm-0064,4,thymol eo,0.5,% (w/w),0.5,essential oil,plant,,,,,,25,fish,skinless carp fillets,,anm,single,,tbars,chemical,0.5,2.0,mg mda/kg,0.14,3.0,0.25,0.037,,,,,theoretical
anm-0064,4,thymol eo,0.5,% (w/w),0.5,essential oil,plant,,,,,,25,fish,skinless carp fillets,,anm,single,,tbars,chemical,0.5,2.0,mg mda/kg,0.14,3.0,0.3,0.053,,,,,theoretical
anm-0064,4,thymol eo,0.5,% (w/w),0.5,essential oil,plant,,,,,,25,fish,skinless carp fillets,,anm,single,,tbars,chemical,0.5,2.0,mg mda/kg,0.14,3.0,0.17,0.01,,,,,theoretical
