Article #,ingredient 1,Concentration ,Unit of concentration ,Normalized concentration % of meat,Chemical composition,source,ingredient 2,Concentration ,Unit of concentration ,Normalized concentration %,Chemical chomposition,Source,ingredient 3,Concentration ,Unit of concentration ,Normalized concentration,Chemical composition,Source,ingredient 4,Concentration ,Unit of concentration ,Normalized concentration,chemical composition,source,Immersion time,Packaging condition,Storage condition (°C),Meat type,meat type 2,part of product,Treatment,Combined treatment, Indicators,Type of indicator,Lower Level Threshold (log CFU/g),Upper Level Threshold (log CFU/g),Unit,Initial Count (Day 0),Pre-threshold   (Day),Pre-threshold Count,Efficacité pre-threshols,Initial inhibition factor,Pre-Threshold Proximity Index 1(TPI),Pre-Threshold Proximity Index 2(TPI),Efficacité pre-threshols proximity ,Post-threshold (Day),Post-threshold Count,Efficacité of Post-threshold,Efficiency,post inhibition factor ,Post-Threshold Proximity Index 1(TPI),Post-Threshold Proximity Index 2(TPI),Efficacité post-threshols proximity ,,,,,,,,,,,,,,,,,,,,,,,,,,,,,,
ANM-0064,anodic NaCl solution,0,% (w/w),0,Mineral,other natural sources,cathodic NaCl solution,0,% (w/w),0,Mineral,other natural sources,carvacrol EO,0,% (w/w),0,,,thymol EO,0,% (w/w),0,,,,-,25,fish,fish,skinless carp fillets,,,TVC,Microbial,5,7,log CFU/g,3.6,1,3.6,2,0.00,0.72,0.51,3,2,8.7,1,1.208,5.100,1.74,1.243,2,,,,,,,,,,,,,,,,,,,,,,,,,,,,,,
ANM-0064,anodic NaCl solution,1,% (w/w),1,Mineral,other natural sources,cathodic NaCl solution,0,% (w/w),0,Mineral,other natural sources,carvacrol EO,0,% (w/w),0,,,thymol EO,0,% (w/w),0,,,,,25,fish,fish,skinless carp fillets,ANM,,TVC,Microbial,5,7,log CFU/g,2.2,1,2.2,3,0.00,0.44,0.31,3,2,7.6,2,1.727,5.400,1.52,1.086,2,,,,,,,,,,,,,,,,,,,,,,,,,,,,,,
ANM-0064,anodic NaCl solution,1,% (w/w),1,Mineral,other natural sources,cathodic NaCl solution,1,% (w/w),1,Mineral,other natural sources,carvacrol EO,0,% (w/w),0,,,thymol EO,0,% (w/w),0,,,,,25,fish,fish,skinless carp fillets,,,TVC,Microbial,5,7,log CFU/g,2.3,1,2.3,3,0.00,0.46,0.33,3,2,7.5,2,1.630,5.200,1.5,1.071,2,,,,,,,,,,,,,,,,,,,,,,,,,,,,,,
ANM-0064,anodic NaCl solution,0,% (w/w),0,Mineral,other natural sources,cathodic NaCl solution,0,% (w/w),0,Mineral,other natural sources,carvacrol EO,0.5,% (w/w),0.5,Essential oil,plant,thymol EO,0.5,% (w/w),0.5,Essential oil,plant,,,25,fish,fish,skinless carp fillets,ANM,,TVC,Microbial,5,7,log CFU/g,2.6,1,2.6,3,0.00,0.52,0.37,3,2,6.4,3,1.231,3.800,1.28,0.914,3,,,,,,,,,,,,,,,,,,,,,,,,,,,,,,
ANM-0064,anodic NaCl solution,1,% (w/w),1,Mineral,other natural sources,cathodic NaCl solution,0,% (w/w),0,Mineral,other natural sources,carvacrol EO,0.5,% (w/w),0.5,Essential oil,plant,thymol EO,0.5,% (w/w),0.5,Essential oil,plant,,,25,fish,fish,skinless carp fillets,ANM,,TVC,Microbial,5,7,log CFU/g,2.2,2,5.6,1,1.70,1.12,0.80,2,3,7.5,2,0.893,1.900,1.5,1.071,2,,,,,,,,,,,,,,,,,,,,,,,,,,,,,,
ANM-0064,anodic NaCl solution,1,% (w/w),1,Mineral,other natural sources,cathodic NaCl solution,1,% (w/w),1,Mineral,other natural sources,carvacrol EO,0.5,% (w/w),0.5,Essential oil,plant,thymol EO,0.5,% (w/w),0.5,Essential oil,plant,,,25,fish,fish,skinless carp fillets,ANM,,TVC,Microbial,5,7,log CFU/g,2.1,2,5.4,1,1.65,1.08,0.77,2,3,7.2,3,0.889,1.800,1.44,1.029,2,,,,,,,,,,,,,,,,,,,,,,,,,,,,,,
ANM-0064,anodic NaCl solution,0,% (w/w),0,Mineral,other natural sources,cathodic NaCl solution,0,% (w/w),0,Mineral,other natural sources,carvacrol EO,0,% (w/w),0,,,thymol EO,0,% (w/w),0,,,,-,25,fish,fish,skinless carp fillets,,,TVBN,Chemical,20,30,mg/100g,11.40,1,11.4,3,,0.57,0.380,3,2,41,2,1.80,29.600,2.05,1.37,2,,,,,,,,,,,,,,,,,,,,,,,,,,,,,,
ANM-0064,anodic NaCl solution,1,% (w/w),1,Mineral,other natural sources,cathodic NaCl solution,0,% (w/w),0,Mineral,other natural sources,carvacrol EO,0,% (w/w),0,,,thymol EO,0,% (w/w),0,,,,,25,fish,fish,skinless carp fillets,ANM,,TVBN,Chemical,20,30,mg/100g,8.40,2,26.9,2,9.250,1.35,0.897,2,3,64.5,1,1.60,37.600,3.23,2.15,1,,,,,,,,,,,,,,,,,,,,,,,,,,,,,,
ANM-0064,anodic NaCl solution,1,% (w/w),1,Mineral,other natural sources,cathodic NaCl solution,1,% (w/w),1,Mineral,other natural sources,carvacrol EO,0,% (w/w),0,,,thymol EO,0,% (w/w),0,,,,,25,fish,fish,skinless carp fillets,,,TVBN,Chemical,20,30,mg/100g,7.00,2,24.9,2,8.950,1.25,0.830,2,3,60.1,1,1.61,35.200,3.01,2.00,1,,,,,,,,,,,,,,,,,,,,,,,,,,,,,,
ANM-0064,anodic NaCl solution,0,% (w/w),0,Mineral,other natural sources,cathodic NaCl solution,0,% (w/w),0,Mineral,other natural sources,carvacrol EO,0.5,% (w/w),0.5,Essential oil,plant,thymol EO,0.5,% (w/w),0.5,Essential oil,plant,,,25,fish,fish,skinless carp fillets,ANM,,TVBN,Chemical,20,30,mg/100g,6.90,2,21.2,2,7.150,1.06,0.707,2,3,42.9,2,1.35,21.700,2.15,1.43,2,,,,,,,,,,,,,,,,,,,,,,,,,,,,,,
ANM-0064,anodic NaCl solution,1,% (w/w),1,Mineral,other natural sources,cathodic NaCl solution,0,% (w/w),0,Mineral,other natural sources,carvacrol EO,0.5,% (w/w),0.5,Essential oil,plant,thymol EO,0.5,% (w/w),0.5,Essential oil,plant,,,25,fish,fish,skinless carp fillets,ANM,,TVBN,Chemical,20,30,mg/100g,6.80,2,20.7,3,6.950,1.04,0.690,3,3,40.6,2,1.31,19.900,2.03,1.35,2,,,,,,,,,,,,,,,,,,,,,,,,,,,,,,
ANM-0064,anodic NaCl solution,1,% (w/w),1,Mineral,other natural sources,cathodic NaCl solution,1,% (w/w),1,Mineral,other natural sources,carvacrol EO,0.5,% (w/w),0.5,Essential oil,plant,thymol EO,0.5,% (w/w),0.5,Essential oil,plant,,,25,fish,fish,skinless carp fillets,ANM,,TVBN,Chemical,20,30,mg/100g,6.80,2,18.8,3,6.000,0.94,0.627,3,3,38.9,2,1.38,20.100,1.95,1.30,2,,,,,,,,,,,,,,,,,,,,,,,,,,,,,,
ANM-0064,anodic NaCl solution,0,% (w/w),0,Mineral,other natural sources,cathodic NaCl solution,0,% (w/w),0,Mineral,other natural sources,carvacrol EO,0,% (w/w),0,,,thymol EO,0,% (w/w),0,,,,,25,fish,fish,skinless carp fillets,,,PV,Chemical,10,20,meq/kg,1.00,3,8.5,1,2.500,0.85,0.425,3,,,,,,,,,,,,,,,,,,,,,,,,,,,,,,,,,,,,,,
ANM-0064,anodic NaCl solution,1,% (w/w),1,Mineral,other natural sources,cathodic NaCl solution,0,% (w/w),0,Mineral,other natural sources,carvacrol EO,0,% (w/w),0,,,thymol EO,0,% (w/w),0,,,,,25,fish,fish,skinless carp fillets,ANM,,PV,Chemical,10,20,meq/kg,1.00,3,8.9,1,2.633,0.89,0.445,3,,,,,,,,,,,,,,,,,,,,,,,,,,,,,,,,,,,,,,
ANM-0064,anodic NaCl solution,1,% (w/w),1,Mineral,other natural sources,cathodic NaCl solution,1,% (w/w),1,Mineral,other natural sources,carvacrol EO,0,% (w/w),0,,,thymol EO,0,% (w/w),0,,,,,25,fish,fish,skinless carp fillets,,,PV,Chemical,10,20,meq/kg,1.00,3,7.3,1,2.100,0.73,0.365,3,,,,,,,,,,,,,,,,,,,,,,,,,,,,,,,,,,,,,,
ANM-0064,anodic NaCl solution,0,% (w/w),0,Mineral,other natural sources,cathodic NaCl solution,0,% (w/w),0,Mineral,other natural sources,carvacrol EO,0.5,% (w/w),0.5,Essential oil,plant,thymol EO,0.5,% (w/w),0.5,Essential oil,plant,,,25,fish,fish,skinless carp fillets,ANM,,PV,Chemical,10,20,meq/kg,1.00,3,6.63,1,1.877,0.66,0.332,3,,,,,,,,,,,,,,,,,,,,,,,,,,,,,,,,,,,,,,
ANM-0064,anodic NaCl solution,1,% (w/w),1,Mineral,other natural sources,cathodic NaCl solution,0,% (w/w),0,Mineral,other natural sources,carvacrol EO,0.5,% (w/w),0.5,Essential oil,plant,thymol EO,0.5,% (w/w),0.5,Essential oil,plant,,,25,fish,fish,skinless carp fillets,ANM,,PV,Chemical,10,20,meq/kg,1.00,3,4.2,2,1.067,0.42,0.210,3,,,,,,,,,,,,,,,,,,,,,,,,,,,,,,,,,,,,,,
ANM-0064,anodic NaCl solution,1,% (w/w),1,Mineral,other natural sources,cathodic NaCl solution,1,% (w/w),1,Mineral,other natural sources,carvacrol EO,0.5,% (w/w),0.5,Essential oil,plant,thymol EO,0.5,% (w/w),0.5,Essential oil,plant,,,25,fish,fish,skinless carp fillets,anm,,PV,Chemical,10,20,meq/kg,1.00,3,2.9,3,0.633,0.29,0.145,3,,,,,,,,,,,,,,,,,,,,,,,,,,,,,,,,,,,,,,
ANM-0064,anodic NaCl solution,0,% (w/w),0,Mineral,other natural sources,cathodic NaCl solution,0,% (w/w),0,Mineral,other natural sources,carvacrol EO,0,% (w/w),0,,,thymol EO,0,% (w/w),0,,,,,25,fish,fish,skinless carp fillets,,,TBARS,Chemical,0.50,2.00,mg MDA/kg,0.15,2,0.34,3,0.095,0.68,0.170,3,3,0.80,3.00,1.57,0.460,1.60,0.40,3,,,,,,,,,,,,,,,,,,,,,,,,,,,,,,
ANM-0064,anodic NaCl solution,1,% (w/w),1,Mineral,other natural sources,cathodic NaCl solution,0,% (w/w),0,Mineral,other natural sources,carvacrol EO,0,% (w/w),0,,,thymol EO,0,% (w/w),0,,,,,25,fish,fish,skinless carp fillets,,,TBARS,Chemical,0.50,2.00,mg MDA/kg,0.15,2,0.38,3,0.115,0.76,0.190,3,3,0.92,3.00,1.61,0.540,1.84,0.46,3,,,,,,,,,,,,,,,,,,,,,,,,,,,,,,
ANM-0064,anodic NaCl solution,1,% (w/w),1,Mineral,other natural sources,cathodic NaCl solution,1,% (w/w),1,Mineral,other natural sources,carvacrol EO,0,% (w/w),0,,,thymol EO,0,% (w/w),0,,,,,25,fish,fish,skinless carp fillets,,,TBARS,Chemical,0.50,2.00,mg MDA/kg,0.14,2,0.26,3,0.060,0.52,0.130,3,3,0.63,3.00,1.62,0.370,1.26,0.32,3,,,,,,,,,,,,,,,,,,,,,,,,,,,,,,
ANM-0064,anodic NaCl solution,0,% (w/w),0,Mineral,other natural sources,cathodic NaCl solution,0,% (w/w),0,Mineral,other natural sources,carvacrol EO,0.5,% (w/w),0.5,Essential oil,plant,thymol EO,0.5,% (w/w),0.5,Essential oil,plant,,,25,fish,fish,skinless carp fillets,ANM,,TBARS,Chemical,0.50,2.00,mg MDA/kg,0.14,3,0.25,3,0.037,0.50,0.125,3,,,,,,,,,,,,,,,,,,,,,,,,,,,,,,,,,,,,,,
ANM-0064,anodic NaCl solution,1,% (w/w),1,Mineral,other natural sources,cathodic NaCl solution,0,% (w/w),0,Mineral,other natural sources,carvacrol EO,0.5,% (w/w),0.5,Essential oil,plant,thymol EO,0.5,% (w/w),0.5,Essential oil,plant,,,25,fish,fish,skinless carp fillets,ANM,,TBARS,Chemical,0.50,2.00,mg MDA/kg,0.14,3,0.30,3,0.053,0.60,0.150,3,,,,,,,,,,,,,,,,,,,,,,,,,,,,,,,,,,,,,,
ANM-0064,anodic NaCl solution,1,% (w/w),1,Mineral,other natural sources,cathodic NaCl solution,1,% (w/w),1,Mineral,other natural sources,carvacrol EO,0.5,% (w/w),0.5,Essential oil,plant,thymol EO,0.5,% (w/w),0.5,Essential oil,plant,,,25,fish,fish,skinless carp fillets,ANM,,TBARS,Chemical,0.50,2.00,mg MDA/kg,0.14,3,0.17,3,0.010,0.34,0.085,3,,,,,,,,,,,,,,,,,,,,,,,,,,,,,,,,,,,,,,
ANM-0094,Chlorine dioxide/lactic acid/fumaric acid,0,%,0,,,,,,,,,,,,,,,,,,,,,1 min,,4,Chicken,Chicken,Broiler wings,,,TAC,Microbial,5,7,log CFU/g,4.96,5,5.87,2,0.18,1.17,0.84,2,,,,,,,,,,,,,,,,,,,,,,,,,,,,,,,,,,,,,,
ANM-0094,Chlorine dioxide,0.3,%,0.3,,,,,,,,,,,,,,,,,,,,,10 min,,4,Chicken,Chicken,Broiler wings,ANM,,TAC,Microbial,5,7,log CFU/g,4.44,9,5.54,3,0.12,1.11,0.79,2,,,,,,,,,,,,,,,,,,,,,,,,,,,,,,,,,,,,,,
ANM-0094,Chlorine dioxide,0.5,%,0.5,,,,,,,,,,,,,,,,,,,,,10 min,,4,Chicken,Chicken,Broiler wings,ANM,,TAC,Microbial,5,7,log CFU/g,4.36,9,5.75,2,0.15,1.15,0.82,2,,,,,,,,,,,,,,,,,,,,,,,,,,,,,,,,,,,,,,
ANM-0094,Lactic acid,0.5,%,0.5,Organic acid ,other natural sources,,,,,,,,,,,,,,,,,,,10 min,,4,Chicken,Chicken,Broiler wings,ANM,,TAC,Microbial,5,7,log CFU/g,4.39,9,5.62,3,0.14,1.12,0.80,2,,,,,,,,,,,,,,,,,,,,,,,,,,,,,,,,,,,,,,
ANM-0094,Lactic acid,1,%,1,Organic acid ,other natural sources,,,,,,,,,,,,,,,,,,,10 min,,4,Chicken,Chicken,Broiler wings,ANM,,TAC,Microbial,5,7,log CFU/g,4.35,9,5.79,2,0.16,1.16,0.83,2,,,,,,,,,,,,,,,,,,,,,,,,,,,,,,,,,,,,,,
ANM-0094,Fumaric acid,0.5,%,0.5,Organic acid ,other natural sources,,,,,,,,,,,,,,,,,,,10 min,,4,Chicken,Chicken,Broiler wings,ANM,,TAC,Microbial,5,7,log CFU/g,4.44,9,5.69,2,0.14,1.14,0.81,2,,,,,,,,,,,,,,,,,,,,,,,,,,,,,,,,,,,,,,
ANM-0094,Fumaric acid,1,%,1,Organic acid ,other natural sources,,,,,,,,,,,,,,,,,,,10 min,,4,Chicken,Chicken,Broiler wings,ANM,,TAC,Microbial,5,7,log CFU/g,4.55,9,5.66,2,0.12,1.13,0.81,2,,,,,,,,,,,,,,,,,,,,,,,,,,,,,,,,,,,,,,
ANM-0094,Chlorine dioxide/lactic acid/fumaric acid,0,%,0,,,,,,,,,,,,,,,,,,,,,1 min,,4,Chicken,Chicken,Broiler wings,,,E. coli,Microbial,2,3,log CFU/g,2.80,,,,,,,,5,3.15,,,0.630,1.58,1.05,2,,,,,,,,,,,,,,,,,,,,,,,,,,,,,,
ANM-0094,Chlorine dioxide,0.3,%,0.3,,,,,,,,,,,,,,,,,,,,,10 min,,4,Chicken,Chicken,Broiler wings,ANM,,E. coli,Microbial,2,3,log CFU/g,2.52,9,2.92,1,0.04,1.46,0.97,2,,,,,,,,,,,,,,,,,,,,,,,,,,,,,,,,,,,,,,
ANM-0094,Chlorine dioxide,0.5,%,0.5,,,,,,,,,,,,,,,,,,,,,10 min,,4,Chicken,Chicken,Broiler wings,ANM,,E. coli,Microbial,2,3,log CFU/g,2.18,9,2.63,2,0.05,1.32,0.88,2,,,,,,,,,,,,,,,,,,,,,,,,,,,,,,,,,,,,,,
ANM-0094,Lactic acid,0.5,%,0.5,Organic acid ,other natural sources,,,,,,,,,,,,,,,,,,,10 min,,4,Chicken,Chicken,Broiler wings,ANM,,E. coli,Microbial,2,3,log CFU/g,2.40,9,2.67,1,0.03,1.34,0.89,2,,,,,,,,,,,,,,,,,,,,,,,,,,,,,,,,,,,,,,
ANM-0094,Lactic acid,1,%,1,Organic acid ,other natural sources,,,,,,,,,,,,,,,,,,,10 min,,4,Chicken,Chicken,Broiler wings,ANM,,E. coli,Microbial,2,3,log CFU/g,1.79,9,2.13,3,0.04,1.07,0.71,2,,,,,,,,,,,,,,,,,,,,,,,,,,,,,,,,,,,,,,
ANM-0094,Fumaric acid,0.5,%,0.5,Organic acid ,other natural sources,,,,,,,,,,,,,,,,,,,10 min,,4,Chicken,Chicken,Broiler wings,ANM,,E. coli,Microbial,2,3,log CFU/g,2.27,9,2.65,2,0.04,1.33,0.88,2,,,,,,,,,,,,,,,,,,,,,,,,,,,,,,,,,,,,,,
ANM-0094,Fumaric acid,1,%,1,Organic acid ,other natural sources,,,,,,,,,,,,,,,,,,,10 min,,4,Chicken,Chicken,Broiler wings,ANM,,E. coli,Microbial,2,3,log CFU/g,2.09,9,2.33,3,0.03,1.17,0.78,2,,,,,,,,,,,,,,,,,,,,,,,,,,,,,,,,,,,,,,
ANM-0094,Chlorine dioxide/lactic acid/fumaric acid,0,%,0,,,,,,,,,,,,,,,,,,,,,1 min,,4,Chicken,Chicken,Broiler wings,,,TPC,Microbial,5,7,log CFU/g,5.63,5,5.70,2,0.01,1.14,0.81,2,,,,,,,,,,,,,,,,,,,,,,,,,,,,,,,,,,,,,,
ANM-0094,Chlorine dioxide,0.3,%,0.3,,,,,,,,,,,,,,,,,,,,,10 min,,4,Chicken,Chicken,Broiler wings,ANM,,TPC,Microbial,5,7,log CFU/g,5.43,9,5.77,2,0.04,1.15,0.82,2,,,,,,,,,,,,,,,,,,,,,,,,,,,,,,,,,,,,,,
ANM-0094,Chlorine dioxide,0.5,%,0.5,,,,,,,,,,,,,,,,,,,,,10 min,,4,Chicken,Chicken,Broiler wings,ANM,,TPC,Microbial,5,7,log CFU/g,5.38,9,5.72,2,0.04,1.14,0.82,2,,,,,,,,,,,,,,,,,,,,,,,,,,,,,,,,,,,,,,
ANM-0094,Lactic acid,0.5,%,0.5,Organic acid ,other natural sources,,,,,,,,,,,,,,,,,,,10 min,,4,Chicken,Chicken,Broiler wings,ANM,,TPC,Microbial,5,7,log CFU/g,5.41,9,5.75,2,0.04,1.15,0.82,2,,,,,,,,,,,,,,,,,,,,,,,,,,,,,,,,,,,,,,
ANM-0094,Lactic acid,1,%,1,Organic acid ,other natural sources,,,,,,,,,,,,,,,,,,,10 min,,4,Chicken,Chicken,Broiler wings,ANM,,TPC,Microbial,5,7,log CFU/g,5.40,9,5.77,2,0.04,1.15,0.82,2,,,,,,,,,,,,,,,,,,,,,,,,,,,,,,,,,,,,,,
ANM-0094,Fumaric acid,0.5,%,0.5,Organic acid ,other natural sources,,,,,,,,,,,,,,,,,,,10 min,,4,Chicken,Chicken,Broiler wings,ANM,,TPC,Microbial,5,7,log CFU/g,5.47,9,5.77,2,0.03,1.15,0.82,2,,,,,,,,,,,,,,,,,,,,,,,,,,,,,,,,,,,,,,
ANM-0094,Fumaric acid,1,%,1,Organic acid ,other natural sources,,,,,,,,,,,,,,,,,,,10 min,,4,Chicken,Chicken,Broiler wings,ANM,,TPC,Microbial,5,7,log CFU/g,5.40,9,5.74,2,0.04,1.15,0.82,2,,,,,,,,,,,,,,,,,,,,,,,,,,,,,,,,,,,,,,
ANM-0105-106,SO2,0,mg/kg meat,0,,,,,,,,,,,,,,,,,,,,,, transparent polystyrene tray BA-85 and overwrapped with an oxygen-permeable polypropylene film,4,Beef,Beef,Raw beef patties,,20g salt/kg meat added,TVC,Microbial,5,7,log CFU/g,4.6,6,5.6,1,0.17,1.12,0.80,2,9,6.4,3,0.762,0.267,1.28,0.914,3,,,,,,,,,,,,,,,,,,,,,,,,,,,,,,
ANM-0105-106,SO2,100,mg/kg meat,0.01,,,,,,,,,,,,,,,,,,,,,, transparent polystyrene tray BA-85 and overwrapped with an oxygen-permeable polypropylene film,4,Beef,Beef,Raw beef patties,ANM+SALT,20g salt/kg meat added,TVC,Microbial,5,7,log CFU/g,4.5,9,5.9,1,0.16,1.18,0.84,2,-,,,,,,,,,,,,,,,,,,,,,,,,,,,,,,,,,,,,,
ANM-0105-106,SO2,100,mg/kg meat,0.01,,,sodium ascorbate,400,mg/kg meat,0.04,,,,,,,,,,,,,,,, transparent polystyrene tray BA-85 and overwrapped with an oxygen-permeable polypropylene film,4,Beef,Beef,Raw beef patties,ANM+SALT,20g salt/kg meat added,TVC,Microbial,5,7,log CFU/g,4.4,9,5.6,1,0.13,1.12,0.80,2,-,,,,,,,,,,,,,,,,,,,,,,,,,,,,,,,,,,,,,
ANM-0105-106,SO2,100,mg/kg meat,0.01,,,Green tea extract,300,mg/kg meat,0.03,Phenol,plant,,,,,,,,,,,,,, transparent polystyrene tray BA-85 and overwrapped with an oxygen-permeable polypropylene film,4,Beef,Beef,Raw beef patties,ANM+SALT,20g salt/kg meat added,TVC,Microbial,5,7,log CFU/g,4.3,9,5.8,1,0.17,1.16,0.83,2,-,,,,,,,,,,,,,,,,,,,,,,,,,,,,,,,,,,,,,
ANM-0105-106,SO2,100,mg/kg meat,0.01,,,Grape seed extract,300,mg/kg meat,0.03,Phenol,plant,,,,,,,,,,,,,, transparent polystyrene tray BA-85 and overwrapped with an oxygen-permeable polypropylene film,4,Beef,Beef,Raw beef patties,ANM+SALT,20g salt/kg meat added,TVC,Microbial,5,7,log CFU/g,4.4,9,5.6,1,0.13,1.12,0.80,2,-,,,,,,,,,,,,,,,,,,,,,,,,,,,,,,,,,,,,,
ANM-0105-106,SO2,0,mg/kg meat,0,,,,,,,,,,,,,,,,,,,,,, transparent polystyrene tray BA-85 and overwrapped with an oxygen-permeable polypropylene film,4,Beef,Beef,Raw beef patties,,20g salt/kg meat added,TCC,Microbial,2,3,log CFU/g,3.4,9,5.5,1,0.23,2.75,1.83,1,,,,,,,,,,,,,,,,,,,,,,,,,,,,,,,,,,,,,,
ANM-0105-106,SO2,100,mg/kg meat,0.01,,,,,,,,,,,,,,,,,,,,,, transparent polystyrene tray BA-85 and overwrapped with an oxygen-permeable polypropylene film,4,Beef,Beef,Raw beef patties,ANM+SALT,20g salt/kg meat added,TCC,Microbial,2,3,log CFU/g,3.3,9,4.1,2,0.09,2.05,1.37,2,,,,,,,,,,,,,,,,,,,,,,,,,,,,,,,,,,,,,,
ANM-0105-106,SO2,100,mg/kg meat,0.01,,,sodium ascorbate,400,mg/kg meat,0.04,,,,,,,,,,,,,,,, transparent polystyrene tray BA-85 and overwrapped with an oxygen-permeable polypropylene film,4,Beef,Beef,Raw beef patties,ANM+SALT,20g salt/kg meat added,TCC,Microbial,2,3,log CFU/g,3.2,9,3.7,2,0.06,1.85,1.23,2,,,,,,,,,,,,,,,,,,,,,,,,,,,,,,,,,,,,,,
ANM-0105-106,SO2,100,mg/kg meat,0.01,,,Green tea extract,300,mg/kg meat,0.03,Phenol,plant,,,,,,,,,,,,,, transparent polystyrene tray BA-85 and overwrapped with an oxygen-permeable polypropylene film,4,Beef,Beef,Raw beef patties,ANM+SALT,20g salt/kg meat added,TCC,Microbial,2,3,log CFU/g,3.3,9,3.8,2,0.06,1.90,1.27,2,,,,,,,,,,,,,,,,,,,,,,,,,,,,,,,,,,,,,,
ANM-0105-106,SO2,100,mg/kg meat,0.01,,,Grape seed extract,300,mg/kg meat,0.03,Phenol,plant,,,,,,,,,,,,,, transparent polystyrene tray BA-85 and overwrapped with an oxygen-permeable polypropylene film,4,Beef,Beef,Raw beef patties,ANM+SALT,20g salt/kg meat added,TCC,Microbial,2,3,log CFU/g,3.4,9,3.4,3,0.00,1.70,1.13,2,,,,,,,,,,,,,,,,,,,,,,,,,,,,,,,,,,,,,,
ANM-0105-106,SO2,0,mg/kg meat,0,,,,,,,,,,,,,,,,,,,,,, transparent polystyrene tray BA-85 and overwrapped with an oxygen-permeable polypropylene film,4,Beef,Beef,Raw beef patties,,20g salt/kg meat added,TBARS,Chemical,0.5,2,MDA/kg,0.83,1,0.83,2,0.000,1.66,0.415,3,4,,,,,,,,,,,,,,,,,,,,,,,,,,,,,,,,,,,,,
ANM-0105-106,SO2,100,mg/kg meat,0.01,,,,,,,,,,,,,,,,,,,,,, transparent polystyrene tray BA-85 and overwrapped with an oxygen-permeable polypropylene film,4,Beef,Beef,Raw beef patties,ANM+SALT,20g salt/kg meat added,TBARS,Chemical,0.5,2,MDA/kg,0.78,1,0.78,2,0.000,1.56,0.390,3,4,,,,,,,,,,,,,,,,,,,,,,,,,,,,,,,,,,,,,
ANM-0105-106,SO2,100,mg/kg meat,0.01,,,sodium ascorbate,400,mg/kg meat,0.04,,,,,,,,,,,,,,,, transparent polystyrene tray BA-85 and overwrapped with an oxygen-permeable polypropylene film,4,Beef,Beef,Raw beef patties,ANM+SALT,20g salt/kg meat added,TBARS,Chemical,0.5,2,MDA/kg,0.44,10,0.69,3,0.025,1.38,0.345,3,>10,,,,,,,,,,,,,,,,,,,,,,,,,,,,,,,,,,,,,
ANM-0105-106,SO2,100,mg/kg meat,0.01,,,Green tea extract,300,mg/kg meat,0.03,Phenol,plant,,,,,,,,,,,,,, transparent polystyrene tray BA-85 and overwrapped with an oxygen-permeable polypropylene film,4,Beef,Beef,Raw beef patties,ANM+SALT,20g salt/kg meat added,TBARS,Chemical,0.5,2,MDA/kg,0.51,10,0.6,3,0.009,1.20,0.300,3,>10,,,,,,,,,,,,,,,,,,,,,,,,,,,,,,,,,,,,,
ANM-0105-106,SO2,100,mg/kg meat,0.01,,,Grape seed extract,300,mg/kg meat,0.03,Phenol,plant,,,,,,,,,,,,,, transparent polystyrene tray BA-85 and overwrapped with an oxygen-permeable polypropylene film,4,Beef,Beef,Raw beef patties,ANM+SALT,20g salt/kg meat added,TBARS,Chemical,0.5,2,MDA/kg,0.45,10,0.47,3,0.002,0.94,0.235,3,>10,,,,,,,,,,,,,,,,,,,,,,,,,,,,,,,,,,,,,
ANM-0109,Grape extract,0,g/100g,0,,,,,,,,,,,,,,,,,,,,,,,4,Pork,Pork,Pork burgers,,,TVC,Microbial,5,7,log CFU/g,4.3,3,5.7,1,0.47,1.14,0.81,2,6,6.5,3,0.570,0.267,1.3,0.929,3,,,,,,,,,,,,,,,,,,,,,,,,,,,,,,
ANM-0109,Grape pomace extract 1,0.06,g/100g,0.06,Phenol,plant,,,,,,,,,,,,,,,,,,,,,4,Pork,Pork,Pork burgers,ANM,,TVC,Microbial,5,7,log CFU/g,4.5,3,5.7,1,0.40,1.14,0.81,2,6,6.5,3,0.570,0.267,1.3,0.929,3,,,,,,,,,,,,,,,,,,,,,,,,,,,,,,
ANM-0109,Grape pomace extract 2,0.06,g/100g,0.06,Phenol,plant,,,,,,,,,,,,,,,,,,,,,4,Pork,Pork,Pork burgers,ANM,,TVC,Microbial,5,7,log CFU/g,4.2,3,5.2,1,0.33,1.04,0.74,2,6,6.7,3,0.644,0.500,1.34,0.957,2,,,,,,,,,,,,,,,,,,,,,,,,,,,,,,
ANM-0109,Grape extract,0,g/100g,0,,,,,,,,,,,,,,,,,,,,,,,4,Pork,Pork,Pork burgers,,,TPC,Microbial,5,7,log CFU/g,4.2,3,5.7,2,0.50,1.14,0.81,2,6,6.3,2,0.553,0.200,1.26,0.900,3,,,,,,,,,,,,,,,,,,,,,,,,,,,,,,
ANM-0109,Grape pomace extract 1,0.06,g/100g,0.06,Phenol,plant,,,,,,,,,,,,,,,,,,,,,4,Pork,Pork,Pork burgers,ANM,,TPC,Microbial,5,7,log CFU/g,4.5,3,5.6,2,0.37,1.12,0.80,2,6,6.6,1,0.589,0.333,1.32,0.943,3,,,,,,,,,,,,,,,,,,,,,,,,,,,,,,
ANM-0109,Grape pomace extract 2,0.06,g/100g,0.06,Phenol,plant,,,,,,,,,,,,,,,,,,,,,4,Pork,Pork,Pork burgers,ANM,,TPC,Microbial,5,7,log CFU/g,4.2,3,5.2,2,0.33,1.04,0.74,2,6,6.3,2,0.606,0.367,1.26,0.900,3,,,,,,,,,,,,,,,,,,,,,,,,,,,,,,
ANM-0109,Grape extract,0,g/100g,0,,,,,,,,,,,,,,,,,,,,,,,4,Pork,Pork,Pork burgers,,,TCC,Microbial,5,7,log CFU/g,4.2,3,5.5,1,0.43,1.10,0.79,2,6,6.3,1,0.573,0.267,1.26,0.900,3,,,,,,,,,,,,,,,,,,,,,,,,,,,,,,
ANM-0109,Grape pomace extract 1,0.06,g/100g,0.06,Phenol,plant,,,,,,,,,,,,,,,,,,,,,4,Pork,Pork,Pork burgers,ANM,,TCC,Microbial,5,7,log CFU/g,4.6,3,5.4,1,0.27,1.08,0.77,2,6,6,1,0.556,0.200,1.2,0.857,3,,,,,,,,,,,,,,,,,,,,,,,,,,,,,,
ANM-0109,Grape pomace extract 2,0.06,g/100g,0.06,Phenol,plant,,,,,,,,,,,,,,,,,,,,,4,Pork,Pork,Pork burgers,ANM,,TCC,Microbial,5,7,log CFU/g,4.2,3,4.9,1,0.23,0.98,0.70,2,6,6.4,1,0.653,0.500,1.28,0.914,3,,,,,,,,,,,,,,,,,,,,,,,,,,,,,,
ANM-0109,Grape extract,0,g/100g,0,,,,,,,,,,,,,,,,,,,,,,,4,Pork,Pork,Pork burgers,,,TBARS,Chemical,0.50,2.00,mg MDA/kg,1.07,1,1.07,2,0.000,2.14,0.535,3,4,5.41,1,1.26,1.447,10.82,2.71,1,,,,,,,,,,,,,,,,,,,,,,,,,,,,,,
ANM-0109,Grape pomace extract 1,0.06,g/100g,0.06,Phenol,plant,,,,,,,,,,,,,,,,,,,,,4,Pork,Pork,Pork burgers,ANM,,TBARS,Chemical,0.50,2.00,mg MDA/kg,0.54,7,1.22,2,0.097,2.44,0.610,3,-,,,,,,,,,,,,,,,,,,,,,,,,,,,,,,,,,,,,,
ANM-0109,Grape pomace extract 2,0.06,g/100g,0.06,Phenol,plant,,,,,,,,,,,,,,,,,,,,,4,Pork,Pork,Pork burgers,ANM,,TBARS,Chemical,0.50,2.00,mg MDA/kg,0.78,1,0.78,3,0.000,1.56,0.390,3,4,2.76,2,0.88,0.660,5.52,1.38,,,,,,,,,,,,,,,,,,,,,,,,,,,,,,,
ANM-0110-113,Lutein/sesamol/Ellagic acid/Olive leaf,0,µg/g meat,0,,,,,,,,,,,,,,,,,,,,,,Aerobic,4,Pork,Pork,Raw pork sausuages (Fresh pork sholder and pork back fat),,,TVC,Microbial,5,7,log CFU/g,3.24,21,6.85,1,0.17,0.98,0.98,2,-,,,,,,,,,,,,,,,,,,,,,,,,,,,,,,,,,,,,,
ANM-0110-113,Lutein,200,µg/g meat,0.02,Carbohydrate   ,plant,,,,,,,,,,,,,,,,,,,,Aerobic,4,Pork,Pork,Raw pork sausuages (Fresh pork sholder and pork back fat),ANM,ANM,TVC,Microbial,5,7,log CFU/g,3.14,21,6.76,1,0.17,0.97,0.97,2,-,,,,,,,,,,,,,,,,,,,,,,,,,,,,,,,,,,,,,
ANM-0110-113,Sesamol,250,µg/g meat,0.025,Phenol,plant,,,,,,,,,,,,,,,,,,,,Aerobic,4,Pork,Pork,Raw pork sausuages (Fresh pork sholder and pork back fat),ANM,ANM,TVC,Microbial,5,7,log CFU/g,3.21,21,6.79,1,0.17,0.97,0.97,2,-,,,,,,,,,,,,,,,,,,,,,,,,,,,,,,,,,,,,,
ANM-0110-113,Ellagic acid,300,µg/g meat,0.03,Phenol,plant,,,,,,,,,,,,,,,,,,,,Aerobic,4,Pork,Pork,Raw pork sausuages (Fresh pork sholder and pork back fat),ANM,ANM,TVC,Microbial,5,7,log CFU/g,3.29,21,6.87,1,0.17,0.98,0.98,2,-,,,,,,,,,,,,,,,,,,,,,,,,,,,,,,,,,,,,,
ANM-0110-113,Olive leaf,200,µg/g meat,0.02,Phenol,plant,,,,,,,,,,,,,,,,,,,,Aerobic,4,Pork,Pork,Raw pork sausuages (Fresh pork sholder and pork back fat),ANM,ANM,TVC,Microbial,5,7,log CFU/g,3.3,21,6.81,1,0.17,0.97,0.97,2,-,,,,,,,,,,,,,,,,,,,,,,,,,,,,,,,,,,,,,
ANM-0110-113,Lutein/sesamol/Ellagic acid/Olive leaf,0,µg/g meat,0,,,,,,,,,,,,,,,,,,,,,,MAP,4,Pork,Pork,Raw pork sausuages (Fresh pork sholder and pork back fat),,,TVC,Microbial,5,7,log CFU/g,3.31,14,6.68,1,0.24,0.95,0.95,2,21,7.75,2,0.773,0.153,1.55,1.107,2,,,,,,,,,,,,,,,,,,,,,,,,,,,,,,
ANM-0110-113,Lutein,200,µg/g meat,0.02,Carbohydrate   ,plant,,,,,,,,,,,,,,,,,,,,MAP,4,Pork,Pork,Raw pork sausuages (Fresh pork sholder and pork back fat),MAP+ANM,MAP+ANM,TVC,Microbial,5,7,log CFU/g,3.35,7,6.82,1,0.50,0.97,0.97,2,14,7.35,3,0.539,0.076,1.47,1.050,2,,,,,,,,,,,,,,,,,,,,,,,,,,,,,,
ANM-0110-113,Sesamol,250,µg/g meat,0.025,Phenol,plant,,,,,,,,,,,,,,,,,,,,MAP,4,Pork,Pork,Raw pork sausuages (Fresh pork sholder and pork back fat),MAP+ANM,MAP+ANM,TVC,Microbial,5,7,log CFU/g,3.17,14,6.72,1,0.25,0.96,0.96,2,21,7.42,2,0.736,0.100,1.484,1.060,2,,,,,,,,,,,,,,,,,,,,,,,,,,,,,,
ANM-0110-113,Ellagic acid,300,µg/g meat,0.03,Phenol,plant,,,,,,,,,,,,,,,,,,,,MAP,4,Pork,Pork,Raw pork sausuages (Fresh pork sholder and pork back fat),MAP+ANM,MAP+ANM,TVC,Microbial,5,7,log CFU/g,3.29,7,6.38,1,0.44,0.91,0.91,2,14,7.10,3.00,0.556,0.103,1.42,1.014,2,,,,,,,,,,,,,,,,,,,,,,,,,,,,,,
ANM-0110-113,Olive leaf,200,µg/g meat,0.02,Phenol,plant,,,,,,,,,,,,,,,,,,,,MAP,4,Pork,Pork,Raw pork sausuages (Fresh pork sholder and pork back fat),MAP+ANM,MAP+ANM,TVC,Microbial,5,7,log CFU/g,3.35,7,6.58,1,0.46,0.94,0.94,2,14,7.27,3,0.552,0.099,1.454,1.039,2,,,,,,,,,,,,,,,,,,,,,,,,,,,,,,
ANM-0110-113,Lutein/sesamol/Ellagic acid/Olive leaf,0,µg/g meat,0,,,,,,,,,,,,,,,,,,,,,,Aerobic,4,Pork,Pork,Raw pork sausuages (Fresh pork sholder and pork back fat),,,TBARS,Chemical,0.5,2,mg MDA/kg,0.43,8,0.95,2.00,0.065,1.90,0.475,3,14,1.03,3.00,0.62,0.013,2.06,0.52,3,,,,,,,,,,,,,,,,,,,,,,,,,,,,,,
ANM-0110-113,Lutein,200,µg/g meat,0.02,Carbohydrate   ,plant,,,,,,,,,,,,,,,,,,,,Aerobic,4,Pork,Pork,Raw pork sausuages (Fresh pork sholder and pork back fat),ANM,ANM,TBARS,Chemical,0.5,2,mg MDA/kg,0.37,22,0.97,2,0.027,1.94,0.485,3,,,,,,,,,,,,,,,,,,,,,,,,,,,,,,,,,,,,,,
ANM-0110-113,Sesamol,250,µg/g meat,0.025,Phenol,plant,,,,,,,,,,,,,,,,,,,,Aerobic,4,Pork,Pork,Raw pork sausuages (Fresh pork sholder and pork back fat),ANM,ANM,TBARS,Chemical,0.5,2,mg MDA/kg,0.39,22,0.57,3,0.008,1.14,0.285,3,,,,,,,,,,,,,,,,,,,,,,,,,,,,,,,,,,,,,,
ANM-0110-113,Ellagic acid,300,µg/g meat,0.03,Phenol,plant,,,,,,,,,,,,,,,,,,,,Aerobic,4,Pork,Pork,Raw pork sausuages (Fresh pork sholder and pork back fat),ANM,ANM,TBARS,Chemical,0.5,2,mg MDA/kg,0.30,22,0.74,2,0.020,1.48,0.370,3,,,,,,,,,,,,,,,,,,,,,,,,,,,,,,,,,,,,,,
ANM-0110-113,Olive leaf,200,µg/g meat,0.02,Phenol,plant,,,,,,,,,,,,,,,,,,,,Aerobic,4,Pork,Pork,Raw pork sausuages (Fresh pork sholder and pork back fat),ANM,ANM,TBARS,Chemical,0.5,2,mg MDA/kg,0.39,22,0.80,2,0.019,1.60,0.400,3,,,,,,,,,,,,,,,,,,,,,,,,,,,,,,,,,,,,,,
ANM-0110-113,Lutein/sesamol/Ellagic acid/Olive leaf,0,µg/g meat,0,,,,,,,,,,,,,,,,,,,,,,MAP,4,Pork,Pork,Raw pork sausuages (Fresh pork sholder and pork back fat),,,TBARS,Chemical,0.5,2,mg MDA/kg,0.43,1,0.43,3,0.000,0.86,0.215,3,8,1.06,3.00,0.31,0.090,2.12,0.53,3,,,,,,,,,,,,,,,,,,,,,,,,,,,,,,
ANM-0110-113,Lutein,200,µg/g meat,0.02,Carbohydrate   ,plant,,,,,,,,,,,,,,,,,,,,MAP,4,Pork,Pork,Raw pork sausuages (Fresh pork sholder and pork back fat),MAP+ANM,MAP+ANM,TBARS,Chemical,0.5,2,mg MDA/kg,0.37,1,0.37,3,0.000,0.74,0.185,3,8,1.10,3.00,0.37,0.104,2.20,0.55,3,,,,,,,,,,,,,,,,,,,,,,,,,,,,,,
ANM-0110-113,Sesamol,250,µg/g meat,0.025,Phenol,plant,,,,,,,,,,,,,,,,,,,,MAP,4,Pork,Pork,Raw pork sausuages (Fresh pork sholder and pork back fat),MAP+ANM,MAP+ANM,TBARS,Chemical,0.5,2,mg MDA/kg,0.39,22,0.46,3,0.003,0.92,0.230,3,,,,,,,,,,,,,,,,,,,,,,,,,,,,,,,,,,,,,,
ANM-0110-113,Ellagic acid,300,µg/g meat,0.03,Phenol,plant,,,,,,,,,,,,,,,,,,,,MAP,4,Pork,Pork,Raw pork sausuages (Fresh pork sholder and pork back fat),MAP+ANM,MAP+ANM,TBARS,Chemical,0.5,2,mg MDA/kg,0.30,22,0.89,2,0.027,1.78,0.445,3,,,,,,,,,,,,,,,,,,,,,,,,,,,,,,,,,,,,,,
ANM-0110-113,Olive leaf,200,µg/g meat,0.02,Phenol,plant,,,,,,,,,,,,,,,,,,,,MAP,4,Pork,Pork,Raw pork sausuages (Fresh pork sholder and pork back fat),MAP+ANM,MAP+ANM,TBARS,Chemical,0.5,2,mg MDA/kg,0.39,15,0.83,2,0.029,1.66,0.415,3,22,1.13,3.00,0.93,0.043,2.26,0.57,3,,,,,,,,,,,,,,,,,,,,,,,,,,,,,,
ANM-0110-113,Lutein/sesamol/Ellagic acid/Olive leaf,0,µg/g meat,0,,,,,,,,,,,,,,,,,,,,,,Aerobic,4,Pork,Pork,Coooked pork sausuages (Fresh pork sholder and pork back fat),,,TBARS,Chemical,0.5,2,mg MDA/kg,0.81,1,0.81,2,0.000,1.62,0.405,3,8,1.10,3.00,0.17,0.041,2.20,0.55,3,,,,,,,,,,,,,,,,,,,,,,,,,,,,,,
ANM-0110-113,Lutein,200,µg/g meat,0.02,Carbohydrate   ,plant,,,,,,,,,,,,,,,,,,,,Aerobic,4,Pork,Pork,Coooked pork sausuages (Fresh pork sholder and pork back fat),ANM,ANM,TBARS,Chemical,0.5,2,mg MDA/kg,0.88,15,0.95,2,0.005,1.90,0.475,3,22,1.19,3.00,0.85,0.034,2.38,0.60,3,,,,,,,,,,,,,,,,,,,,,,,,,,,,,,
ANM-0110-113,Sesamol,250,µg/g meat,0.025,Phenol,plant,,,,,,,,,,,,,,,,,,,,Aerobic,4,Pork,Pork,Coooked pork sausuages (Fresh pork sholder and pork back fat),ANM,ANM,TBARS,Chemical,0.5,2,mg MDA/kg,0.80,22,0.70,3,-0.005,1.40,0.350,3,,,,,,,,,,,,,,,,,,,,,,,,,,,,,,,,,,,,,,
ANM-0110-113,Ellagic acid,300,µg/g meat,0.03,Phenol,plant,,,,,,,,,,,,,,,,,,,,Aerobic,4,Pork,Pork,Coooked pork sausuages (Fresh pork sholder and pork back fat),ANM,ANM,TBARS,Chemical,0.5,2,mg MDA/kg,0.88,22,0.96,2,0.004,1.92,0.480,3,,,,,,,,,,,,,,,,,,,,,,,,,,,,,,,,,,,,,,
ANM-0110-113,Olive leaf,200,µg/g meat,0.03,Phenol,plant,,,,,,,,,,,,,,,,,,,,Aerobic,4,Pork,Pork,Coooked pork sausuages (Fresh pork sholder and pork back fat),ANM,ANM,TBARS,Chemical,0.5,2,mg MDA/kg,0.69,22,0.98,2,0.013,1.96,0.490,3,,,,,,,,,,,,,,,,,,,,,,,,,,,,,,,,,,,,,,
ANM-0110-113,Lutein/sesamol/Ellagic acid/Olive leaf,0,µg/g meat,0,,,,,,,,,,,,,,,,,,,,,,MAP,4,Pork,Pork,Coooked pork sausuages (Fresh pork sholder and pork back fat),,,TBARS,Chemical,0.5,2,mg MDA/kg,0.81,1,0.81,2,0.000,1.62,0.405,3,8,1.19,3.00,0.18,0.054,2.38,0.60,3,,,,,,,,,,,,,,,,,,,,,,,,,,,,,,
ANM-0110-113,Lutein,200,µg/g meat,0.02,Carbohydrate   ,plant,,,,,,,,,,,,,,,,,,,,MAP,4,Pork,Pork,Coooked pork sausuages (Fresh pork sholder and pork back fat),MAP+ANM,MAP+ANM,TBARS,Chemical,0.5,2,mg MDA/kg,0.88,1,0.88,2,0.000,1.76,0.440,3,8,1.14,3.00,0.16,0.037,2.28,0.57,3,,,,,,,,,,,,,,,,,,,,,,,,,,,,,,
ANM-0110-113,Sesamol,250,µg/g meat,0.025,Phenol,plant,,,,,,,,,,,,,,,,,,,,MAP,4,Pork,Pork,Coooked pork sausuages (Fresh pork sholder and pork back fat),MAP+ANM,MAP+ANM,TBARS,Chemical,0.5,2,mg MDA/kg,0.80,22,0.80,2,0.000,1.60,0.400,3,,,,,,,,,,,,,,,,,,,,,,,,,,,,,,,,,,,,,,
ANM-0110-113,Ellagic acid,300,µg/g meat,0.03,Phenol,plant,,,,,,,,,,,,,,,,,,,,MAP,4,Pork,Pork,Coooked pork sausuages (Fresh pork sholder and pork back fat),MAP+ANM,MAP+ANM,TBARS,Chemical,0.5,2,mg MDA/kg,0.88,22,0.99,2,0.005,1.98,0.495,3,,,,,,,,,,,,,,,,,,,,,,,,,,,,,,,,,,,,,,
ANM-0110-113,Olive leaf,200,µg/g meat,0.02,Phenol,plant,,,,,,,,,,,,,,,,,,,,MAP,4,Pork,Pork,Coooked pork sausuages (Fresh pork sholder and pork back fat),MAP+ANM,MAP+ANM,TBARS,Chemical,0.5,2,mg MDA/kg,0.69,8,0.98,2,0.036,1.96,0.490,3,15,1.00,3.00,0.54,0.003,2.00,0.50,3,,,,,,,,,,,,,,,,,,,,,,,,,,,,,,
ANM-0130,Tea polyPhenol,0,%,0,,,,,,,,,,,,,,,,,,,,,,,20,Pork,Pork,Dry pork sausuages (Fresh boneless pork hams and pork backfat),,,TVC,Microbial,7,7,log CFU/g,7,1,7,1,0.00,1.00,1.00,2,8,7.5,2,0.134,0.071,1.071,1.071,2,,,,,,,,,,,,,,,,,,,,,,,,,,,,,,
ANM-0130,Tea polyPhenol,0.03,%,0.03,Phenol,plant,,,,,,,,,,,,,,,,,,,,,20,Pork,Pork,Dry pork sausuages (Fresh boneless pork hams and pork backfat),,ANM,TVC,Microbial,7,7,log CFU/g,7,1,7,1,0.00,1.00,1.00,2,8,7.4,3,0.132,0.057,1.057,1.057,2,,,,,,,,,,,,,,,,,,,,,,,,,,,,,,
ANM-0130,Tea polyPhenol,0,%,0,,,,,,,,,,,,,,,,,,,,,,,20,Pork,Pork,Dry pork sausuages (Fresh boneless pork hams and pork backfat),,,LAB,Microbial,5,7,log CFU/g,6.4,1,6.4,1,0.00,1.28,0.91,2,8,7,3,0.137,0.086,1.4,1.000,2,,,,,,,,,,,,,,,,,,,,,,,,,,,,,,
ANM-0130,Tea polyPhenol,0.03,%,0.03,Phenol,plant,,,,,,,,,,,,,,,,,,,,,20,Pork,Pork,Dry pork sausuages (Fresh boneless pork hams and pork backfat),,ANM,LAB,Microbial,5,7,log CFU/g,6.4,1,6.4,1,0.00,1.28,0.91,2,8,7,3,0.137,0.086,1.4,1.000,2,,,,,,,,,,,,,,,,,,,,,,,,,,,,,,
ANM-0136-139,Nisin ,0,IU/g,0,,,Control,0,mM,0,,,,,,,,,,,,,,,30 min at RT,"MAP(LDPE/PA/LDPE, 65%CO2, 30%N2, 5%O2)",4,Chicken,Chicken,fresh chicken breast 300g,,,TVC,Microbial,5,7,log CFU/g,4.3,1,4.3,2,0.00,0.61,0.61,3,9.5,7,3,0.171,0.318,1.4,1.000,2,,,,,,,,,,,,,,,,,,,,,,,,,,,,,,
ANM-0136-139,Nisin,500,IU/g,0.05,Protein ,microbial,EDTA,0,mM,0,,,,,,,,,,,,,,,30 min at RT,"MAP(LDPE/PA/LDPE, 65%CO2, 30%N2, 5%O2)",4,Chicken,Chicken,fresh chicken breast 300g,MAP+ANM,MAP+ANM,TVC,Microbial,5,7,log CFU/g,4.3,1,4.3,2,0.00,0.61,0.61,3,12,7,3,0.136,0.245,1.4,1.000,2,,,,,,,,,,,,,,,,,,,,,,,,,,,,,,
ANM-0136-139,Nisin,1500,IU/g,0.15,Protein ,microbial,EDTA,0,mM,0,,,,,,,,,,,,,,,30 min at RT,"MAP(LDPE/PA/LDPE, 65%CO2, 30%N2, 5%O2)",4,Chicken,Chicken,fresh chicken breast 300g,MAP+ANM,MAP+ANM,TVC,Microbial,5,7,log CFU/g,4.3,1,4.3,2,0.00,0.61,0.61,3,15,7,3,0.109,0.193,1.4,1.000,2,,,,,,,,,,,,,,,,,,,,,,,,,,,,,,
ANM-0136-139,Nisin,500,IU/g,0.05,Protein ,microbial,EDTA,10,mM,0.37,,,,,,,,,,,,,,,30 min at RT,"MAP(LDPE/PA/LDPE, 65%CO2, 30%N2, 5%O2)",4,Chicken,Chicken,fresh chicken breast 300g,MAP+ANM,MAP+ANM,TVC,Microbial,5,7,log CFU/g,4.3,1,4.3,2,0.00,0.61,0.61,3,15,7,3,0.109,0.193,1.4,1.000,2,,,,,,,,,,,,,,,,,,,,,,,,,,,,,,
ANM-0136-139,Nisin,1500,IU/g,0.15,Protein ,microbial,EDTA,10,mM,0.37,,,,,,,,,,,,,,,30 min at RT,"MAP(LDPE/PA/LDPE, 65%CO2, 30%N2, 5%O2)",4,Chicken,Chicken,fresh chicken breast 300g,MAP+ANM,MAP+ANM,TVC,Microbial,5,7,log CFU/g,4.3,1,4.3,2,0.00,0.61,0.61,3,18.5,7,3,0.088,0.154,1.4,1.000,2,,,,,,,,,,,,,,,,,,,,,,,,,,,,,,
ANM-0136-139,Nisin,500,IU/g,0.05,Protein ,microbial,EDTA,50,mM,1.86,,,,,,,,,,,,,,,30 min at RT,"MAP(LDPE/PA/LDPE, 65%CO2, 30%N2, 5%O2)",4,Chicken,Chicken,fresh chicken breast 300g,MAP+ANM,MAP+ANM,TVC,Microbial,5,7,log CFU/g,4.3,1,4.3,2,0.00,0.61,0.61,3,21.5,7,3,0.076,0.132,1.4,1.000,2,,,,,,,,,,,,,,,,,,,,,,,,,,,,,,
ANM-0136-139,Nisin,1500,IU/g,0.15,Protein ,microbial,EDTA,50,mM,1.86,,,,,,,,,,,,,,,30 min at RT,"MAP(LDPE/PA/LDPE, 65%CO2, 30%N2, 5%O2)",4,Chicken,Chicken,fresh chicken breast 300g,MAP+ANM,MAP+ANM,TVC,Microbial,5,7,log CFU/g,4.3,1,4.3,2,0.00,0.61,0.61,3,27,7,3,0.060,0.104,1.4,1.000,2,,,,,,,,,,,,,,,,,,,,,,,,,,,,,,
ANM-0136-139,Nisin,0,IU/g,0,Protein ,microbial,EDTA,10,mM,0.37,,,,,,,,,,,,,,,30 min at RT,"MAP(LDPE/PA/LDPE, 65%CO2, 30%N2, 5%O2)",4,Chicken,Chicken,fresh chicken breast 300g,MAP+ANM,MAP+ANM,TVC,Microbial,5,7,log CFU/g,4.3,1,4.3,2,0.00,0.61,0.61,3,9.5,7,3,0.171,0.318,1.4,1.000,2,,,,,,,,,,,,,,,,,,,,,,,,,,,,,,
ANM-0136-139,Nisin,0,IU/g,0,Protein ,microbial,EDTA,50,mM,1.86,,,,,,,,,,,,,,,30 min at RT,"MAP(LDPE/PA/LDPE, 65%CO2, 30%N2, 5%O2)",4,Chicken,Chicken,fresh chicken breast 300g,MAP+ANM,MAP+ANM,TVC,Microbial,5,7,log CFU/g,4.3,1,4.3,2,0.00,0.61,0.61,3,9.5,7,3,0.171,0.318,1.4,1.000,2,,,,,,,,,,,,,,,,,,,,,,,,,,,,,,
ANM-0136-139,Nisin,0,IU/g,0,,,Control,0,mM,0,,,,,,,,,,,,,,,30 min at RT,"MAP(LDPE/PA/LDPE, 65%CO2, 30%N2, 5%O2)",4,Chicken,Chicken,fresh chicken breast 300g,,,LAB,Microbial,5,7,log CFU/g,4.8,8,6.5,1,0.21,0.93,0.93,2,12,7.5,2,0.769,0.250,1.5,1.071,2,,,,,,,,,,,,,,,,,,,,,,,,,,,,,,
ANM-0136-139,Nisin,500,IU/g,0.05,Protein ,microbial,EDTA,0,mM,0,,,,,,,,,,,,,,,30 min at RT,"MAP(LDPE/PA/LDPE, 65%CO2, 30%N2, 5%O2)",4,Chicken,Chicken,fresh chicken breast 300g,MAP+ANM,MAP+ANM,LAB,Microbial,5,7,log CFU/g,4.8,8,6,1,0.15,0.86,0.86,2,12,7.2,3,0.800,0.300,1.44,1.029,2,,,,,,,,,,,,,,,,,,,,,,,,,,,,,,
ANM-0136-139,Nisin,1500,IU/g,0.15,Protein ,microbial,EDTA,0,mM,0,,,,,,,,,,,,,,,30 min at RT,"MAP(LDPE/PA/LDPE, 65%CO2, 30%N2, 5%O2)",4,Chicken,Chicken,fresh chicken breast 300g,MAP+ANM,MAP+ANM,LAB,Microbial,5,7,log CFU/g,4.8,12,6.2,1,0.12,0.89,0.89,2,16,7.2,3,0.871,0.250,1.44,1.029,2,,,,,,,,,,,,,,,,,,,,,,,,,,,,,,
ANM-0136-139,Nisin,500,IU/g,0.05,Protein ,microbial,EDTA,10,mM,0.37,,,,,,,,,,,,,,,30 min at RT,"MAP(LDPE/PA/LDPE, 65%CO2, 30%N2, 5%O2)",4,Chicken,Chicken,fresh chicken breast 300g,MAP+ANM,MAP+ANM,LAB,Microbial,5,7,log CFU/g,4.8,16,6.8,1,0.13,0.97,0.97,2,20,7.2,3,0.847,0.100,1.44,1.029,2,,,,,,,,,,,,,,,,,,,,,,,,,,,,,,
ANM-0136-139,Nisin,1500,IU/g,0.15,Protein ,microbial,EDTA,10,mM,0.37,,,,,,,,,,,,,,,30 min at RT,"MAP(LDPE/PA/LDPE, 65%CO2, 30%N2, 5%O2)",4,Chicken,Chicken,fresh chicken breast 300g,MAP+ANM,MAP+ANM,LAB,Microbial,5,7,log CFU/g,4.8,16,6.7,1,0.12,0.96,0.96,2,20,7.1,3,0.848,0.100,1.42,1.014,2,,,,,,,,,,,,,,,,,,,,,,,,,,,,,,
ANM-0136-139,Nisin,500,IU/g,0.05,Protein ,microbial,EDTA,50,mM,1.86,,,,,,,,,,,,,,,30 min at RT,"MAP(LDPE/PA/LDPE, 65%CO2, 30%N2, 5%O2)",4,Chicken,Chicken,fresh chicken breast 300g,MAP+ANM,MAP+ANM,LAB,Microbial,5,7,log CFU/g,4.8,20,6.6,1,0.09,0.94,0.94,2,24,7,3,0.884,0.100,1.4,1.000,2,,,,,,,,,,,,,,,,,,,,,,,,,,,,,,
ANM-0136-139,Nisin,1500,IU/g,0.15,Protein ,microbial,EDTA,50,mM,1.86,,,,,,,,,,,,,,,30 min at RT,"MAP(LDPE/PA/LDPE, 65%CO2, 30%N2, 5%O2)",4,Chicken,Chicken,fresh chicken breast 300g,MAP+ANM,MAP+ANM,LAB,Microbial,5,7,log CFU/g,4.8,20,6.6,1,0.09,0.94,0.94,2,24,7,3,0.884,0.100,1.4,1.000,2,,,,,,,,,,,,,,,,,,,,,,,,,,,,,,
ANM-0136-139,Nisin,0,IU/g,0,,,Control,0,mM,0,,,,,,,,,,,,,,,30 min at RT,"MAP(LDPE/PA/LDPE, 65%CO2, 30%N2, 5%O2)",4,Chicken,Chicken,fresh chicken breast 300g,,,B. thermosphacta,Microbial,5,7,log CFU/g,4.5,8,6,1,0.19,0.86,0.86,2,12,7.2,2,0.800,0.300,1.44,1.029,2,,,,,,,,,,,,,,,,,,,,,,,,,,,,,,
ANM-0136-139,Nisin,500,IU/g,0.05,Protein ,microbial,EDTA,0,mM,0,,,,,,,,,,,,,,,30 min at RT,"MAP(LDPE/PA/LDPE, 65%CO2, 30%N2, 5%O2)",4,Chicken,Chicken,fresh chicken breast 300g,MAP+ANM,MAP+ANM,B. thermosphacta,Microbial,5,7,log CFU/g,4.5,8,5.8,2,0.16,0.83,0.83,2,12,7,3,0.805,0.300,1.4,1.000,2,,,,,,,,,,,,,,,,,,,,,,,,,,,,,,
ANM-0136-139,Nisin,1500,IU/g,0.15,Protein ,microbial,EDTA,0,mM,0,,,,,,,,,,,,,,,30 min at RT,"MAP(LDPE/PA/LDPE, 65%CO2, 30%N2, 5%O2)",4,Chicken,Chicken,fresh chicken breast 300g,MAP+ANM,MAP+ANM,B. thermosphacta,Microbial,5,7,log CFU/g,4.5,12,5.7,3,0.10,0.81,0.81,2,15,7.1,2,0.996,0.467,1.42,1.014,2,,,,,,,,,,,,,,,,,,,,,,,,,,,,,,
ANM-0136-139,Nisin,500,IU/g,0.05,Protein ,microbial,EDTA,10,mM,0.37,,,,,,,,,,,,,,,30 min at RT,"MAP(LDPE/PA/LDPE, 65%CO2, 30%N2, 5%O2)",4,Chicken,Chicken,fresh chicken breast 300g,MAP+ANM,MAP+ANM,B. thermosphacta,Microbial,5,7,log CFU/g,4.5,12,5.6,3,0.09,0.80,0.80,2,15,7,3,1.000,0.467,1.4,1.000,2,,,,,,,,,,,,,,,,,,,,,,,,,,,,,,
ANM-0136-139,Nisin,1500,IU/g,0.15,Protein ,microbial,EDTA,10,mM,0.37,,,,,,,,,,,,,,,30 min at RT,"MAP(LDPE/PA/LDPE, 65%CO2, 30%N2, 5%O2)",4,Chicken,Chicken,fresh chicken breast 300g,MAP+ANM,MAP+ANM,B. thermosphacta,Microbial,5,7,log CFU/g,4.5,24,6.2,1,0.07,0.89,0.89,2,,,,,,,,,,,,,,,,,,,,,,,,,,,,,,,,,,,,,,
ANM-0136-139,Nisin,500,IU/g,0.05,Protein ,microbial,EDTA,50,mM,1.86,,,,,,,,,,,,,,,30 min at RT,"MAP(LDPE/PA/LDPE, 65%CO2, 30%N2, 5%O2)",4,Chicken,Chicken,fresh chicken breast 300g,MAP+ANM,MAP+ANM,B. thermosphacta,Microbial,5,7,log CFU/g,4.5,24,6,2,0.06,0.86,0.86,2,,,,,,,,,,,,,,,,,,,,,,,,,,,,,,,,,,,,,,
ANM-0136-139,Nisin,1500,IU/g,0.15,Protein ,microbial,EDTA,50,mM,1.86,,,,,,,,,,,,,,,30 min at RT,"MAP(LDPE/PA/LDPE, 65%CO2, 30%N2, 5%O2)",4,Chicken,Chicken,fresh chicken breast 300g,MAP+ANM,MAP+ANM,B. thermosphacta,Microbial,5,7,log CFU/g,4.5,24,5.9,3,0.06,0.84,0.84,2,,,,,,,,,,,,,,,,,,,,,,,,,,,,,,,,,,,,,,
ANM-0136-139,Nisin,0,IU/g,0,Protein ,microbial,Control,0,mM,0,,,,,,,,,,,,,,,30 min at RT,"MAP(LDPE/PA/LDPE, 65%CO2, 30%N2, 5%O2)",4,Chicken,Chicken,fresh chicken breast 300g,,,Pseudomonas,Microbial,5,7,log CFU/g,3.8,8,6,1,0.28,0.86,0.86,2,12,7.1,3,0.789,0.275,1.42,1.014,2,,,,,,,,,,,,,,,,,,,,,,,,,,,,,,
ANM-0136-139,Nisin,500,IU/g,0.05,protein,microbial,EDTA,0,mM,0,,,,,,,,,,,,,,,30 min at RT,"MAP(LDPE/PA/LDPE, 65%CO2, 30%N2, 5%O2)",4,Chicken,Chicken,fresh chicken breast 300g,MAP+ANM,,Pseudomonas,Microbial,5,7,log CFU/g,3.8,8,6.8,1,0.38,0.97,0.97,2,12,7,3,0.686,0.050,1.4,1.000,2,,,,,,,,,,,,,,,,,,,,,,,,,,,,,,
ANM-0136-139,Nisin,1500,IU/g,0.15,protein,microbial,EDTA,0,mM,0,,,,,,,,,,,,,,,30 min at RT,"MAP(LDPE/PA/LDPE, 65%CO2, 30%N2, 5%O2)",4,Chicken,Chicken,fresh chicken breast 300g,MAP+ANM,,Pseudomonas,Microbial,5,7,log CFU/g,3.8,12,6.8,1,0.25,0.97,0.97,2,16,7,3,0.772,0.050,1.4,1.000,2,,,,,,,,,,,,,,,,,,,,,,,,,,,,,,
ANM-0136-139,Nisin,500,IU/g,0.05,protein,microbial,EDTA,10,mM,0.37,,,,,,,,,,,,,,,30 min at RT,"MAP(LDPE/PA/LDPE, 65%CO2, 30%N2, 5%O2)",4,Chicken,Chicken,fresh chicken breast 300g,MAP+ANM,,Pseudomonas,Microbial,5,7,log CFU/g,3.8,24,5.8,1,0.08,0.83,0.83,2,,,,,,,,,,,,,,,,,,,,,,,,,,,,,,,,,,,,,,
ANM-0136-139,Nisin,1500,IU/g,0.15,protein,microbial,EDTA,10,mM,0.37,,,,,,,,,,,,,,,30 min at RT,"MAP(LDPE/PA/LDPE, 65%CO2, 30%N2, 5%O2)",4,Chicken,Chicken,fresh chicken breast 300g,MAP+ANM,,Pseudomonas,Microbial,5,7,log CFU/g,3.8,24,5.8,1,0.08,0.83,0.83,2,,,,,,,,,,,,,,,,,,,,,,,,,,,,,,,,,,,,,,
ANM-0136-139,Nisin,500,IU/g,0.05,protein,microbial,EDTA,50,mM,1.86,,,,,,,,,,,,,,,30 min at RT,"MAP(LDPE/PA/LDPE, 65%CO2, 30%N2, 5%O2)",4,Chicken,Chicken,fresh chicken breast 300g,MAP+ANM,,Pseudomonas,Microbial,5,7,log CFU/g,3.8,24,5.5,1,0.07,0.79,0.79,2,,,,,,,,,,,,,,,,,,,,,,,,,,,,,,,,,,,,,,
ANM-0136-139,Nisin,1500,IU/g,0.15,protein,microbial,EDTA,50,mM,1.86,,,,,,,,,,,,,,,30 min at RT,"MAP(LDPE/PA/LDPE, 65%CO2, 30%N2, 5%O2)",4,Chicken,Chicken,fresh chicken breast 300g,MAP+ANM,,Pseudomonas,Microbial,5,7,log CFU/g,3.8,24,5,2,0.05,0.71,0.71,2,,,,,,,,,,,,,,,,,,,,,,,,,,,,,,,,,,,,,,
ANM-0136-139,Nisin,0,IU/g,0,protein,microbial,Control,0,mM,0,,,,,,,,,,,,,,,30 min at RT,"MAP(LDPE/PA/LDPE, 65%CO2, 30%N2, 5%O2)",4,Chicken,Chicken,fresh chicken breast 300g,,,Enterobacteriaceae ,Microbial,5,7,log CFU/g,3,20,6.8,1,0.19,0.97,0.97,2,24,7,3,0.858,0.050,1.4,1.000,2,,,,,,,,,,,,,,,,,,,,,,,,,,,,,,
ANM-0136-139,Nisin,500,IU/g,0.05,Protein ,microbial,EDTA,0,mM,0,,,,,,,,,,,,,,,30 min at RT,"MAP(LDPE/PA/LDPE, 65%CO2, 30%N2, 5%O2)",4,Chicken,Chicken,fresh chicken breast 300g,MAP+ANM,MAP+ANM,Enterobacteriaceae ,Microbial,5,7,log CFU/g,3,24,6.8,1,0.16,0.97,0.97,2,,,,,,,,,,,,,,,,,,,,,,,,,,,,,,,,,,,,,,
ANM-0136-139,Nisin,1500,IU/g,0.15,Protein ,microbial,EDTA,0,mM,0,,,,,,,,,,,,,,,30 min at RT,"MAP(LDPE/PA/LDPE, 65%CO2, 30%N2, 5%O2)",4,Chicken,Chicken,fresh chicken breast 300g,MAP+ANM,MAP+ANM,Enterobacteriaceae ,Microbial,5,7,log CFU/g,3,24,6.8,1,0.16,0.97,0.97,2,,,,,,,,,,,,,,,,,,,,,,,,,,,,,,,,,,,,,,
ANM-0136-139,Nisin,500,IU/g,0.05,Protein ,microbial,EDTA,10,mM,0.37,,,,,,,,,,,,,,,30 min at RT,"MAP(LDPE/PA/LDPE, 65%CO2, 30%N2, 5%O2)",4,Chicken,Chicken,fresh chicken breast 300g,MAP+ANM,MAP+ANM,Enterobacteriaceae ,Microbial,5,7,log CFU/g,3,24,6.6,1,0.15,0.94,0.94,2,,,,,,,,,,,,,,,,,,,,,,,,,,,,,,,,,,,,,,
ANM-0136-139,Nisin,1500,IU/g,0.15,Protein ,microbial,EDTA,10,mM,0.37,,,,,,,,,,,,,,,30 min at RT,"MAP(LDPE/PA/LDPE, 65%CO2, 30%N2, 5%O2)",4,Chicken,Chicken,fresh chicken breast 300g,MAP+ANM,MAP+ANM,Enterobacteriaceae ,Microbial,5,7,log CFU/g,3,24,6.5,1,0.15,0.93,0.93,2,,,,,,,,,,,,,,,,,,,,,,,,,,,,,,,,,,,,,,
ANM-0136-139,Nisin,500,IU/g,0.05,Protein ,microbial,EDTA,50,mM,1.86,,,,,,,,,,,,,,,30 min at RT,"MAP(LDPE/PA/LDPE, 65%CO2, 30%N2, 5%O2)",4,Chicken,Chicken,fresh chicken breast 300g,MAP+ANM,MAP+ANM,Enterobacteriaceae ,Microbial,5,7,log CFU/g,3,24,6,1,0.13,0.86,0.86,2,,,,,,,,,,,,,,,,,,,,,,,,,,,,,,,,,,,,,,
ANM-0136-139,Nisin,1500,IU/g,0.15,Protein ,microbial,EDTA,50,mM,1.86,,,,,,,,,,,,,,,30 min at RT,"MAP(LDPE/PA/LDPE, 65%CO2, 30%N2, 5%O2)",4,Chicken,Chicken,fresh chicken breast 300g,MAP+ANM,MAP+ANM,Enterobacteriaceae ,Microbial,5,7,log CFU/g,3,24,5.8,2,0.12,0.83,0.83,2,,,,,,,,,,,,,,,,,,,,,,,,,,,,,,,,,,,,,,
ANM-0136-139,Nisin,0,IU/g,0,Protein ,microbial,Control,0,mM,0,,,,,,,,,,,,,,,30 min at RT,"MAP(LDPE/PA/LDPE, 65%CO2, 30%N2, 5%O2)",4,Chicken,Chicken,fresh chicken breast 300g,,,TMAN,Chemical,,10,mg N/100g,2.00,12,4.5,2,0.208,0.45,0.450,3,16,10.5,1,1.75,1.500,,1.05,2,,,,,,,,,,,,,,,,,,,,,,,,,,,,,,
ANM-0136-139,Nisin,500,IU/g,0.05,Protein ,microbial,EDTA,0,mM,0,,,,,,,,,,,,,,,30 min at RT,"MAP(LDPE/PA/LDPE, 65%CO2, 30%N2, 5%O2)",4,Chicken,Chicken,fresh chicken breast 300g,MAP+ANM,MAP+ANM,TMAN,Chemical,,10,mg N/100g,2.00,12,4,3,0.167,0.40,0.400,3,16,10.5,1,1.97,1.625,,1.05,2,,,,,,,,,,,,,,,,,,,,,,,,,,,,,,
ANM-0136-139,Nisin,1500,IU/g,0.15,Protein ,microbial,EDTA,0,mM,0,,,,,,,,,,,,,,,30 min at RT,"MAP(LDPE/PA/LDPE, 65%CO2, 30%N2, 5%O2)",4,Chicken,Chicken,fresh chicken breast 300g,MAP+ANM,MAP+ANM,TMAN,Chemical,,10,mg N/100g,2.00,15,6,1,0.267,0.60,0.600,3,20,10,3,1.25,0.800,,1.00,2,,,,,,,,,,,,,,,,,,,,,,,,,,,,,,
ANM-0136-139,Nisin,500,IU/g,0.05,Protein ,microbial,EDTA,10,mM,0.37,,,,,,,,,,,,,,,30 min at RT,"MAP(LDPE/PA/LDPE, 65%CO2, 30%N2, 5%O2)",4,Chicken,Chicken,fresh chicken breast 300g,MAP+ANM,MAP+ANM,TMAN,Chemical,,10,mg N/100g,2.00,15,6,1,0.267,0.60,0.600,3,20,10,3,1.25,0.800,,1.00,2,,,,,,,,,,,,,,,,,,,,,,,,,,,,,,
ANM-0136-139,Nisin,1500,IU/g,0.15,Protein ,microbial,EDTA,10,mM,0.37,,,,,,,,,,,,,,,30 min at RT,"MAP(LDPE/PA/LDPE, 65%CO2, 30%N2, 5%O2)",4,Chicken,Chicken,fresh chicken breast 300g,MAP+ANM,MAP+ANM,TMAN,Chemical,,10,mg N/100g,2.00,20,7,1,0.250,0.70,0.700,2,24,10,3,1.19,0.750,,1.00,2,,,,,,,,,,,,,,,,,,,,,,,,,,,,,,
ANM-0136-139,Nisin,500,IU/g,0.05,Protein ,microbial,EDTA,50,mM,1.86,,,,,,,,,,,,,,,30 min at RT,"MAP(LDPE/PA/LDPE, 65%CO2, 30%N2, 5%O2)",4,Chicken,Chicken,fresh chicken breast 300g,MAP+ANM,MAP+ANM,TMAN,Chemical,,10,mg N/100g,2.00,24,6,1,0.167,0.60,0.600,3,,,,,,,,,,,,,,,,,,,,,,,,,,,,,,,,,,,,,,
ANM-0136-139,Nisin,1500,IU/g,0.15,Protein ,microbial,EDTA,50,mM,1.86,,,,,,,,,,,,,,,30 min at RT,"MAP(LDPE/PA/LDPE, 65%CO2, 30%N2, 5%O2)",4,Chicken,Chicken,fresh chicken breast 300g,MAP+ANM,MAP+ANM,TMAN,Chemical,,10,mg N/100g,2.00,24,3,3,0.042,0.30,0.300,3,,,,,,,,,,,,,,,,,,,,,,,,,,,,,,,,,,,,,,
ANM-0136-139,Nisin,0,IU/g,0,Protein ,microbial,EDTA,10,mM,0.37,,,,,,,,,,,,,,,30 min at RT,"MAP(LDPE/PA/LDPE, 65%CO2, 30%N2, 5%O2)",4,Chicken,Chicken,fresh chicken breast 300g,MAP+ANM,MAP+ANM,TMAN,Chemical,,10,mg N/100g,,,,,,,,,,,,,,,,,,,,,,,,,,,,,,,,,,,,,,,,,,,,,,
ANM-0136-139,Nisin,0,IU/g,0,Protein ,microbial,EDTA,50,mM,1.86,,,,,,,,,,,,,,,30 min at RT,"MAP(LDPE/PA/LDPE, 65%CO2, 30%N2, 5%O2)",4,Chicken,Chicken,fresh chicken breast 300g,MAP+ANM,MAP+ANM,TMAN,Chemical,,10,mg N/100g,,,,,,,,,,,,,,,,,,,,,,,,,,,,,,,,,,,,,,,,,,,,,,
ANM-0136-139,Nisin,0,IU/g,0,,,Control,0,mM,0,,,,,,,,,,,,,,,30 min at RT,"MAP(LDPE/PA/LDPE, 65%CO2, 30%N2, 5%O2)",4,Chicken,Chicken,fresh chicken breast 300g,,,TVBN,Chemical,20,40,mg N/100g,23.60,8,35,1,1.425,1.75,0.875,2,12,42,2,0.80,1.750,2.10,1.05,2,,,,,,,,,,,,,,,,,,,,,,,,,,,,,,
ANM-0136-139,Nisin,500,IU/g,0.05,Protein ,microbial,EDTA,0,mM,0,,,,,,,,,,,,,,,30 min at RT,"MAP(LDPE/PA/LDPE, 65%CO2, 30%N2, 5%O2)",4,Chicken,Chicken,fresh chicken breast 300g,MAP+ANM,MAP+ANM,TVBN,Chemical,20,40,mg N/100g,23.60,8,34,1,1.300,1.70,0.850,2,12,40,2,0.78,1.500,2.00,1.00,2,,,,,,,,,,,,,,,,,,,,,,,,,,,,,,
ANM-0136-139,Nisin,1500,IU/g,0.15,Protein ,microbial,EDTA,0,mM,0,,,,,,,,,,,,,,,30 min at RT,"MAP(LDPE/PA/LDPE, 65%CO2, 30%N2, 5%O2)",4,Chicken,Chicken,fresh chicken breast 300g,MAP+ANM,MAP+ANM,TVBN,Chemical,20,40,mg N/100g,23.60,12,34,1,0.867,1.70,0.850,2,15,60.3,1,1.42,8.767,3.02,1.51,2,,,,,,,,,,,,,,,,,,,,,,,,,,,,,,
ANM-0136-139,Nisin,500,IU/g,0.05,Protein ,microbial,EDTA,10,mM,0.37,,,,,,,,,,,,,,,30 min at RT,"MAP(LDPE/PA/LDPE, 65%CO2, 30%N2, 5%O2)",4,Chicken,Chicken,fresh chicken breast 300g,MAP+ANM,MAP+ANM,TVBN,Chemical,20,40,mg N/100g,23.60,15,38,1,0.960,1.90,0.950,2,20,49.2,2,0.97,2.240,2.46,1.23,2,,,,,,,,,,,,,,,,,,,,,,,,,,,,,,
ANM-0136-139,Nisin,1500,IU/g,0.15,Protein ,microbial,EDTA,10,mM,0.37,,,,,,,,,,,,,,,30 min at RT,"MAP(LDPE/PA/LDPE, 65%CO2, 30%N2, 5%O2)",4,Chicken,Chicken,fresh chicken breast 300g,MAP+ANM,MAP+ANM,TVBN,Chemical,20,40,mg N/100g,23.60,24,39.5,1,0.663,1.98,0.988,2,,,,,,,,,,,,,,,,,,,,,,,,,,,,,,,,,,,,,,
ANM-0136-139,Nisin,500,IU/g,0.05,Protein ,microbial,EDTA,50,mM,1.86,,,,,,,,,,,,,,,30 min at RT,"MAP(LDPE/PA/LDPE, 65%CO2, 30%N2, 5%O2)",4,Chicken,Chicken,fresh chicken breast 300g,MAP+ANM,MAP+ANM,TVBN,Chemical,20,40,mg N/100g,23.60,24,37.4,1,0.575,1.87,0.935,2,,,,,,,,,,,,,,,,,,,,,,,,,,,,,,,,,,,,,,
ANM-0136-139,Nisin,1500,IU/g,0.15,Protein ,microbial,EDTA,50,mM,1.86,,,,,,,,,,,,,,,30 min at RT,"MAP(LDPE/PA/LDPE, 65%CO2, 30%N2, 5%O2)",4,Chicken,Chicken,fresh chicken breast 300g,MAP+ANM,MAP+ANM,TVBN,Chemical,20,40,mg N/100g,23.60,24,32.1,1,0.354,1.61,0.803,2,,,,,,,,,,,,,,,,,,,,,,,,,,,,,,,,,,,,,,
ANM-0143-147,Oregano EO,0,%,0,,,,,,,,,,,,,,,,,,,,,,Air,4,Chicken,Chicken,fresh chicken breast 300g,,,TVC,Microbial,5,7,log CFU/g,4.28,3,5.83,1,0.52,0.83,0.83,2,6,7.1,3,0.609,0.423,1.42,1.014,2-Jan,,,,,,,,,,,,,,,,,,,,,,,,,,,,,,
ANM-0143-147,Organo EO,0.1,%,0.1,Essential oil,plant,,,,,,,,,,,,,,,,,,,,Air,4,Chicken,Chicken,fresh chicken breast 300g,ANM,ANM,TVC,Microbial,5,7,log CFU/g,4.28,3,5.59,1,0.44,0.80,0.80,2,6,6.92,3,0.619,0.443,1.384,0.989,2,,,,,,,,,,,,,,,,,,,,,,,,,,,,,,
ANM-0143-147,Organo EO,1,%,1,Essential oil,plant,,,,,,,,,,,,,,,,,,,,Air,4,Chicken,Chicken,fresh chicken breast 300g,ANM,ANM,TVC,Microbial,5,7,log CFU/g,4.28,15,5.38,1,0.07,0.77,0.77,2,20,6.83,3,0.952,0.290,1.366,0.976,2,,,,,,,,,,,,,,,,,,,,,,,,,,,,,,
ANM-0143-147,Organo EO,0,%,0,,,,,,,,,,,,,,,,,,,,,,"MAP (30%CO2, 70%N2)",4,Chicken,Chicken,fresh chicken breast 300g,,,TVC,Microbial,5,7,log CFU/g,4.28,9,6.23,1,0.22,0.89,0.89,2,12,7.09,3,0.854,0.287,1.418,1.013,2,,,,,,,,,,,,,,,,,,,,,,,,,,,,,,
ANM-0143-147,Organo EO,0.1,%,0.1,Essential oil,plant,,,,,,,,,,,,,,,,,,,,"MAP (30%CO2, 70%N2)",4,Chicken,Chicken,fresh chicken breast 300g,MAP+ANM,MAP+ANM,TVC,Microbial,5,7,log CFU/g,4.28,9,6.12,1,0.20,0.87,0.87,2,12,6.91,3,0.847,0.263,1.382,0.987,2,,,,,,,,,,,,,,,,,,,,,,,,,,,,,,
ANM-0143-147,Organo EO,1,%,1,Essential oil,plant,,,,,,,,,,,,,,,,,,,,"MAP (30%CO2, 70%N2)",4,Chicken,Chicken,fresh chicken breast 300g,MAP+ANM,MAP+ANM,TVC,Microbial,5,7,log CFU/g,4.28,20,5.87,1,0.08,0.84,0.84,2,25,6.88,3,0.938,0.202,1.376,0.983,2,,,,,,,,,,,,,,,,,,,,,,,,,,,,,,
ANM-0143-147,Organo EO,0,%,0,,,,,,,,,,,,,,,,,,,,,,"MAP (70%CO2, 30%N2)",4,Chicken,Chicken,fresh chicken breast 300g,,,TVC,Microbial,5,7,log CFU/g,4.28,12,6.62,1,0.20,0.95,0.95,2,15,7.18,3,0.868,0.187,1.436,1.026,2,,,,,,,,,,,,,,,,,,,,,,,,,,,,,,
ANM-0143-147,Organo EO,0.1,%,0.1,Essential oil,plant,,,,,,,,,,,,,,,,,,,,"MAP (70%CO2, 30%N2)",4,Chicken,Chicken,fresh chicken breast 300g,MAP+ANM,MAP+ANM,TVC,Microbial,5,7,log CFU/g,4.28,9,6.22,1,0.22,0.89,0.89,2,12,6.98,3,0.842,0.253,1.396,0.997,2,,,,,,,,,,,,,,,,,,,,,,,,,,,,,,
ANM-0143-147,Organo EO,1,%,1,Essential oil,plant,,,,,,,,,,,,,,,,,,,,"MAP (70%CO2, 30%N2)",4,Chicken,Chicken,fresh chicken breast 300g,MAP+ANM,MAP+ANM,TVC,Microbial,5,7,log CFU/g,4.28,25,6.32,1,0.08,0.90,0.90,2,,,,,,,,,,,,,,,,,,,,,,,,,,,,,,,,,,,,,,
ANM-0182-183,Lysozyme/Lactoferrin,-,-,0,,,-,-,-,,,,,,,,,,,,,,,,,cellulose based food packaging,4±1,Beef,Beef,veal fillet,,,TAC,Microbial,5,7,log CFU/g,5.34,1,5.34,3,0.00,0.76,0.76,2,3,6.48,3,0.404,0.570,1.296,0.926,3,,,,,,,,,,,,,,,,,,,,,,,,,,,,,,
ANM-0182-183,Lysozyme,10,% (w/w),10,Protein ,enzyme,-,-,-,,,,,,,,,,,,,,,,,cellulose based food packaging,4±1,Beef,Beef,veal fillet,ANM,,TAC,Microbial,5,7,log CFU/g,5.34,3,5.55,3,0.07,0.79,0.79,2,-,,,,,,,,,,,,,,,,,,,,,,,,,,,,,,,,,,,,,
ANM-0182-183,Lactoferrin,5,% (w/w),5,Protein ,enzyme,-,-,-,,,,,,,,,,,,,,,,,cellulose based food packaging,4±1,Beef,Beef,veal fillet,ANM,,TAC,Microbial,5,7,log CFU/g,5.34,1,5.34,3,0.00,0.76,0.76,2,3,6.3,3,0.393,0.480,1.26,0.900,3,,,,,,,,,,,,,,,,,,,,,,,,,,,,,,
ANM-0182-183,Lysozyme,5,% (w/w),5,Protein ,enzyme,Lactoferrin,5,% (w/w),5,Protein ,enzyme,,,,,,,,,,,,,,cellulose based food packaging,4±1,Beef,Beef,veal fillet,ANM,,TAC,Microbial,5,7,log CFU/g,5.34,3,5.43,3,0.03,0.78,0.78,2,-,,,,,,,,,,,,,,,,,,,,,,,,,,,,,,,,,,,,,
ANM-0185-190,Oregano EO/Thyme EO,-,,0,,,,,,,,,,,,,,,,,,,,,,vacuum packaged,4±1,Beef,Beef,Ground beef patties,,,Pseudomonas ,Microbial,5,7,log CFU/g,6.36,12,6,1,-0.03,0.86,0.86,2,-,,,,,,,,,,,,,,,,,,,,,,,,,,,,,,,,,,,,,
ANM-0185-190,Oregano EO,5,%,5,essential oil,plant,,,,,,,,,,,,,,,,,,,,vacuum packaged,4±1,Beef,Beef,Ground beef patties,,,Pseudomonas ,Microbial,5,7,log CFU/g,6.36,12,5.5,2,-0.07,0.79,0.79,2,-,,,,,,,,,,,,,,,,,,,,,,,,,,,,,,,,,,,,,
ANM-0185-190,Thyme EO,5,%,5,essential oil,plant,,,,,,,,,,,,,,,,,,,,vacuum packaged,4±1,Beef,Beef,Ground beef patties,,,Pseudomonas ,Microbial,5,7,log CFU/g,6.36,12,5.25,2,-0.09,0.75,0.75,2,-,,,,,,,,,,,,,,,,,,,,,,,,,,,,,,,,,,,,,
ANM-0185-190,Oregano EO,2.5,%,2.5,essential oil,plant,Thyme EO,2.5,%,2.5,essential oil,plant,,,,,,,,,,,,,,vacuum packaged,4±1,Beef,Beef,Ground beef patties,,,Pseudomonas ,Microbial,5,7,log CFU/g,6.36,12,5.25,2,-0.09,0.75,0.75,2,-,,,,,,,,,,,,,,,,,,,,,,,,,,,,,,,,,,,,,
ANM-0185-190,Oregano EO/Thyme EO,-,,0,,,,,,,,,,,,,,,,,,,,,,vacuum packaged,4±1,Beef,Beef,Ground beef patties,,,TCC,Microbial,2,4,log CFU/g,4.7,12,5.25,1,0.05,2.63,1.31,2,,,,,,,,,,,,,,,,,,,,,,,,,,,,,,,,,,,,,,
ANM-0185-190,Organo EO,5,%,5,Essential oil,plant,,,,,,,,,,,,,,,,,,,,vacuum packaged,4±1,Beef,Beef,Ground beef patties,ANM+MAP,,TCC,Microbial,2,4,log CFU/g,4.7,12,5,1,0.03,2.50,1.25,2,,,,,,,,,,,,,,,,,,,,,,,,,,,,,,,,,,,,,,
ANM-0185-190,Thyme EO,5,%,5,Essential oil,plant,,,,,,,,,,,,,,,,,,,,vacuum packaged,4±1,Beef,Beef,Ground beef patties,ANM+MAP,,TCC,Microbial,2,4,log CFU/g,4.7,12,5,1,0.03,2.50,1.25,2,,,,,,,,,,,,,,,,,,,,,,,,,,,,,,,,,,,,,,
ANM-0185-190,Organo EO,2.5,%,2.5,Essential oil,plant,Thyme EO,2.5,%,2.5,Essential oil,plant,,,,,,,,,,,,,,vacuum packaged,4±1,Beef,Beef,Ground beef patties,ANM+MAP,,TCC,Microbial,2,4,log CFU/g,4.7,12,5,1,0.03,2.50,1.25,2,,,,,,,,,,,,,,,,,,,,,,,,,,,,,,,,,,,,,,
ANM-0193-194,Oregano EO,-,,0,,,,,,,,,,,,,,,,,,,,,,sorbitol-plasticized whey Protein  isolate films,5,Beef,Beef,freshly cut beef (2.1x2.5x1cm),,,TVC,Microbial,5,7,log CFU/g,3,1,3,2,0.00,0.60,0.43,3,9,8.4,2,0.311,0.675,1.68,1.200,2,,,,,,,,,,,,,,,,,,,,,,,,,,,,,,
ANM-0193-194,Oregano EO,1.5,% (w/w),1.5,Essential oil,plant,,,,,,,,,,,,,,,,,,,used in film formulation,sorbitol-plasticized whey Protein  isolate films,5,Beef,Beef,freshly cut beef (2.1x2.5x1cm),ANM,,TVC,Microbial,5,7,log CFU/g,3,9,5.1,1,0.23,1.02,0.73,2,13,7,3,0.950,0.475,1.4,1.000,2,,,,,,,,,,,,,,,,,,,,,,,,,,,,,,
ANM-0193-194,Oregano EO,-,,0,,,,,,,,,,,,,,,,,,,,,,sorbitol-plasticized whey protein isolate films,5,Beef,Beef,freshly cut beef (2.1x2.5x1cm),,,Pseudomonas ,Microbial,5,7,log CFU/g,3,1,3,3,0.00,0.60,0.43,3,9,8.4,1,0.311,0.675,1.68,1.200,2,,,,,,,,,,,,,,,,,,,,,,,,,,,,,,
ANM-0193-194,Oregano EO,1.5,% (w/w),1.5,essential oil,plant,,,,,,,,,,,,,,,,,,,used in film formulation,sorbitol-plasticized whey protein isolate films,5,Beef,Beef,freshly cut beef (2.1x2.5x1cm),,,Pseudomonas ,Microbial,5,7,log CFU/g,3,9,5.1,2,0.23,1.02,0.73,2,13,7,3,0.950,0.475,1.4,1.000,2,,,,,,,,,,,,,,,,,,,,,,,,,,,,,,
ANM-0193-194,Oregano EO,-,,0,,,,,,,,,,,,,,,,,,,,,,sorbitol-plasticized whey Protein  isolate films,5,Beef,Beef,freshly cut beef (2.1x2.5x1cm),,,LAB,Microbial,5,7,log CFU/g,3,1,3,3,0.00,0.60,0.43,3,9,8.4,1,0.311,0.675,1.68,1.200,2,,,,,,,,,,,,,,,,,,,,,,,,,,,,,,
ANM-0193-194,Oregano EO,1.5,% (w/w),1.5,Essential oil,plant,,,,,,,,,,,,,,,,,,,used in film formulation,sorbitol-plasticized whey Protein  isolate films,5,Beef,Beef,freshly cut beef (2.1x2.5x1cm),ANM,,LAB,Microbial,5,7,log CFU/g,3,9,5.1,1,0.23,1.02,0.73,2,13,7,3,0.950,0.475,1.4,1.000,2,,,,,,,,,,,,,,,,,,,,,,,,,,,,,,
ANM-0206-208,Pomegranate fruit juice,-,-,0,,,-,-,-,,,,-,-,-,,,,,,,,,,2 min,aerobically packaged in a low density polyethylene pouches,4,Chicken,Chicken,Skinless and boneless fresh chicken breast meat (ca. 400 g),,,TVC,Microbial,5,7,log CFU/g,4.85,1,4.85,2,0.00,0.97,0.69,3,6,7.5,2,0.258,0.530,1.5,1.071,2,,,,,,,,,,,,,,,,,,,,,,,,,,,,,,
ANM-0206-208,Pomegranate fruit juice,100,%,2,Phenol,plant,-,-,-,,,,-,-,-,,,,,,,,,,2 min,aerobically packaged in a low density polyethylene pouches,4,Chicken,Chicken,Skinless and boneless fresh chicken breast meat (ca. 400 g),ANM,,TVC,Microbial,5,7,log CFU/g,4.85,11,6.5,1,0.15,1.30,0.93,2,16,7.5,2,0.793,0.200,1.5,1.071,2,,,,,,,,,,,,,,,,,,,,,,,,,,,,,,
ANM-0206-208,Pomegranate fruit juice,100,%,2,Phenol,plant,Chitosan,1.5,% (w/v),1.5,Carbohydrate ,"algae, fish, others",-,-,-,,,,,,,,,,2 min,aerobically packaged in a low density polyethylene pouches,4,Chicken,Chicken,Skinless and boneless fresh chicken breast meat (ca. 400 g),ANM,,TVC,Microbial,5,7,log CFU/g,4.85,21,6.5,1,0.08,1.30,0.93,2,,,,,,,,,,,,,,,,,,,,,,,,,,,,,,,,,,,,,,
ANM-0206-208,Pomegranate fruit juice,100,%,2,Phenol,plant,Chitosan,2.5,% (w/v),2.5,Carbohydrate   ,"algae, fish, others",Zataria multiflora Essential oil,1,%,1,Essential oil,plant,,,,,,,2 min,aerobically packaged in a low density polyethylene pouches,4,Chicken,Chicken,Skinless and boneless fresh chicken breast meat (ca. 400 g),ANM,,TVC,Microbial,5,7,log CFU/g,4.85,21,6.5,1,0.08,1.30,0.93,2,,,,,,,,,,,,,,,,,,,,,,,,,,,,,,,,,,,,,,
ANM-0206-208,Pomegranate fruit juice,100,%,2,Phenol,plant,Chitosan,3.5,% (w/v),3.5,Carbohydrate  ,"algae, fish, others",Zataria multiflora Essential oil,2,%,2,Essential oil,plant,,,,,,,2 min,aerobically packaged in a low density polyethylene pouches,4,Chicken,Chicken,Skinless and boneless fresh chicken breast meat (ca. 400 g),ANM,,TVC,Microbial,5,7,log CFU/g,4.85,21,6.5,1,0.08,1.30,0.93,2,,,,,,,,,,,,,,,,,,,,,,,,,,,,,,,,,,,,,,
ANM-0206-208,Pomegranate fruit juice,-,-,0,,,-,-,-,,,,-,-,-,,,,,,,,,,2 min,aerobically packaged in a low density polyethylene pouches,4,Chicken,Chicken,Skinless and boneless fresh chicken breast meat (ca. 400 g),,,Pseudomonas ,Microbial,5,7,log CFU/g,4.04,1,4.04,3,0.00,0.81,0.58,3,6,7,3,0.289,0.592,1.4,1.000,2,,,,,,,,,,,,,,,,,,,,,,,,,,,,,,
ANM-0206-208,Pomegranate fruit juice,100,%,2,phenol,plant,-,-,-,,,,-,-,-,,,,,,,,,,2 min,aerobically packaged in a low density polyethylene pouches,4,Chicken,Chicken,Skinless and boneless fresh chicken breast meat (ca. 400 g),,,Pseudomonas ,Microbial,5,7,log CFU/g,4.04,11,6.9,1,0.26,1.38,0.99,2,16,7.1,3,0.707,0.040,1.42,1.014,2,,,,,,,,,,,,,,,,,,,,,,,,,,,,,,
ANM-0206-208,Pomegranate fruit juice,100,%,2,phenol,plant,Chitosan,1.5,% (w/v),1.5,Carbohydrate/polysacharide,"algae, fish, others",-,-,-,,,,,,,,,,2 min,aerobically packaged in a low density polyethylene pouches,4,Chicken,Chicken,Skinless and boneless fresh chicken breast meat (ca. 400 g),,,Pseudomonas ,Microbial,5,7,log CFU/g,4.04,16,6.5,1,0.15,1.30,0.93,2,21,7,3,0.821,0.100,1.4,1.000,2,,,,,,,,,,,,,,,,,,,,,,,,,,,,,,
ANM-0206-208,Pomegranate fruit juice,100,%,2,phenol,plant,Chitosan,2.5,% (w/v),2.5,Carbohydrate/polysacharide,"algae, fish, others",Zataria multiflora essential oil,1,%,1,essential oil,plant,,,,,,,2 min,aerobically packaged in a low density polyethylene pouches,4,Chicken,Chicken,Skinless and boneless fresh chicken breast meat (ca. 400 g),,,Pseudomonas ,Microbial,5,7,log CFU/g,4.04,21,6.1,1,0.10,1.22,0.87,2,,,,,,,,,,,,,,,,,,,,,,,,,,,,,,,,,,,,,,
ANM-0206-208,Pomegranate fruit juice,100,%,2,phenol,plant,Chitosan,3.5,% (w/v),3.5,Carbohydrate/polysacharide,"algae, fish, others",Zataria multiflora essential oil,2,%,2,essential oil,plant,,,,,,,2 min,aerobically packaged in a low density polyethylene pouches,4,Chicken,Chicken,Skinless and boneless fresh chicken breast meat (ca. 400 g),,,Pseudomonas ,Microbial,5,7,log CFU/g,4.04,21,6,1,0.09,1.20,0.86,2,,,,,,,,,,,,,,,,,,,,,,,,,,,,,,,,,,,,,,
ANM-0206-208,Pomegranate fruit juice,-,-,0,,,-,-,-,,,,-,-,-,,,,,,,,,,2 min,aerobically packaged in a low density polyethylene pouches,4,Chicken,Chicken,Skinless and boneless fresh chicken breast meat (ca. 400 g),,,LAB,Microbial,5,7,log CFU/g,4.87,1,4.87,2,0.00,0.70,0.70,2,6,7,3,0.240,0.426,1.4,1.000,2,,,,,,,,,,,,,,,,,,,,,,,,,,,,,,
ANM-0206-208,Pomegranate fruit juice,100,%,2,Phenol,plant,-,-,-,,,,-,-,-,,,,,,,,,,2 min,aerobically packaged in a low density polyethylene pouches,4,Chicken,Chicken,Skinless and boneless fresh chicken breast meat (ca. 400 g),ANM,,LAB,Microbial,5,7,log CFU/g,4.87,6,6.5,1,0.27,0.93,0.93,2,11,7,3,0.587,0.100,1.4,1.000,2,,,,,,,,,,,,,,,,,,,,,,,,,,,,,,
ANM-0206-208,Pomegranate fruit juice,100,%,2,Phenol,plant,Chitosan,1.5,% (w/v),1.5,Carbohydrate   ,"algae, fish, others",-,-,-,,,,,,,,,,2 min,aerobically packaged in a low density polyethylene pouches,4,Chicken,Chicken,Skinless and boneless fresh chicken breast meat (ca. 400 g),ANM,,LAB,Microbial,5,7,log CFU/g,4.87,6,5.5,1,0.11,0.79,0.79,2,11,7.1,3,0.704,0.320,1.42,1.014,2,,,,,,,,,,,,,,,,,,,,,,,,,,,,,,
ANM-0206-208,Pomegranate fruit juice,100,%,2,Phenol,plant,Chitosan,2.5,% (w/v),2.5,Carbohydrate  ,"algae, fish, others",Zataria multiflora Essential oil,1,%,1,Essential oil,plant,,,,,,,2 min,aerobically packaged in a low density polyethylene pouches,4,Chicken,Chicken,Skinless and boneless fresh chicken breast meat (ca. 400 g),ANM,,LAB,Microbial,5,7,log CFU/g,4.87,16,6.5,1,0.10,0.93,0.93,2,21,7.5,2,0.879,0.200,1.5,1.071,2,,,,,,,,,,,,,,,,,,,,,,,,,,,,,,
ANM-0206-208,Pomegranate fruit juice,100,%,2,Phenol,plant,Chitosan,3.5,% (w/v),3.5,Carbohydrate  ,"algae, fish, others",Zataria multiflora Essential oil,2,%,2,Essential oil,plant,,,,,,,2 min,aerobically packaged in a low density polyethylene pouches,4,Chicken,Chicken,Skinless and boneless fresh chicken breast meat (ca. 400 g),ANM,,LAB,Microbial,5,7,log CFU/g,4.87,16,6.1,1,0.08,0.87,0.87,2,21,7,3,0.874,0.180,1.4,1.000,2,,,,,,,,,,,,,,,,,,,,,,,,,,,,,,
ANM-0206-208,Pomegranate fruit juice,-,-,0,,,-,-,-,,,,-,-,-,,,,,,,,,,2 min,aerobically packaged in a low density polyethylene pouches,4,Chicken,Chicken,Skinless and boneless fresh chicken breast meat (ca. 400 g),,,PSY,Chemical,5,7,log CFU/g,3.19,2,3.19,3,0.00,0.46,0.46,3,6,9,1,0.940,1.453,1.8,1.286,2,,,,,,,,,,,,,,,,,,,,,,,,,,,,,,
ANM-0206-208,Pomegranate fruit juice,100,%,2,Phenol,plant,-,-,-,,,,-,-,-,,,,,,,,,,2 min,aerobically packaged in a low density polyethylene pouches,4,Chicken,Chicken,Skinless and boneless fresh chicken breast meat (ca. 400 g),ANM,,PSY,Chemical,5,7,log CFU/g,3.64,2,3.64,3,0.00,0.52,0.52,3,6,7.5,2,0.687,0.965,1.5,1.071,2,,,,,,,,,,,,,,,,,,,,,,,,,,,,,,
ANM-0206-208,Pomegranate fruit juice,100,%,2,Phenol,plant,Chitosan,1.5,% (w/v),1.5,Carbohydrate  ,"algae, fish, others",-,-,-,,,,,,,,,,2 min,aerobically packaged in a low density polyethylene pouches,4,Chicken,Chicken,Skinless and boneless fresh chicken breast meat (ca. 400 g),ANM,,PSY,Chemical,5,7,log CFU/g,3.7,6,6.1,1,0.40,0.87,0.87,2,11,7.5,2,0.671,0.280,1.5,1.071,2,,,,,,,,,,,,,,,,,,,,,,,,,,,,,,
ANM-0206-208,Pomegranate fruit juice,100,%,2,Phenol,plant,Chitosan,2.5,% (w/v),2.5,Carbohydrate   ,"algae, fish, others",Zataria multiflora Essential oil,1,%,1,Essential oil,plant,,,,,,,2 min,aerobically packaged in a low density polyethylene pouches,4,Chicken,Chicken,Skinless and boneless fresh chicken breast meat (ca. 400 g),ANM,,PSY,Chemical,5,7,log CFU/g,3.74,11,6.5,1,0.25,0.93,0.93,2,16,7.45,2,0.788,0.190,1.49,1.064,2,,,,,,,,,,,,,,,,,,,,,,,,,,,,,,
ANM-0206-208,Pomegranate fruit juice,100,%,2,Phenol,plant,Chitosan,3.5,% (w/v),3.5,Carbohydrate   ,"algae, fish, others",Zataria multiflora Essential oil,2,%,2,Essential oil,plant,,,,,,,2 min,aerobically packaged in a low density polyethylene pouches,4,Chicken,Chicken,Skinless and boneless fresh chicken breast meat (ca. 400 g),ANM,,PSY,Chemical,5,7,log CFU/g,4.1,16,6.1,1,0.13,0.87,0.87,2,21,7,3,0.874,0.180,1.4,1.000,2,,,,,,,,,,,,,,,,,,,,,,,,,,,,,,
ANM-0206-208,Pomegranate fruit juice,-,-,0,,,-,-,-,,,,-,-,-,,,,,,,,,,2 min,aerobically packaged in a low density polyethylene pouches,4,Chicken,Chicken,Skinless and boneless fresh chicken breast meat (ca. 400 g),,,PV,Chemical,10,25,meq O2/kg fat,0.07,20,0.13,3,0.003,0.01,0.005,3,,,,,,,,,,,,,,,,,,,,,,,,,,,,,,,,,,,,,,
ANM-0206-208,Pomegranate fruit juice,100,%,2,Phenol,plant,-,-,-,,,,-,-,-,,,,,,,,,,2 min,aerobically packaged in a low density polyethylene pouches,4,Chicken,Chicken,Skinless and boneless fresh chicken breast meat (ca. 400 g),ANM,,PV,Chemical,10,25,meq O2/kg fat,0.07,20,0.13,3,0.003,0.01,0.005,3,,,,,,,,,,,,,,,,,,,,,,,,,,,,,,,,,,,,,,
ANM-0206-208,Pomegranate fruit juice,100,%,2,Phenol,plant,Chitosan,1.5,% (w/v),1.5,Carbohydrate ,"algae, fish, others",-,-,-,,,,,,,,,,2 min,aerobically packaged in a low density polyethylene pouches,4,Chicken,Chicken,Skinless and boneless fresh chicken breast meat (ca. 400 g),ANM,,PV,Chemical,10,25,meq O2/kg fat,0.05,20,0.11,3,0.003,0.01,0.004,3,,,,,,,,,,,,,,,,,,,,,,,,,,,,,,,,,,,,,,
ANM-0206-208,Pomegranate fruit juice,100,%,2,Phenol,plant,Chitosan,2.5,% (w/v),2.5,Carbohydrate   ,"algae, fish, others",Zataria multiflora Essential oil,1,%,1,Essential oil,plant,,,,,,,2 min,aerobically packaged in a low density polyethylene pouches,4,Chicken,Chicken,Skinless and boneless fresh chicken breast meat (ca. 400 g),ANM,,PV,Chemical,10,25,meq O2/kg fat,0.07,20,0.099,3,0.002,0.01,0.004,3,,,,,,,,,,,,,,,,,,,,,,,,,,,,,,,,,,,,,,
ANM-0206-208,Pomegranate fruit juice,100,%,2,Phenol,plant,Chitosan,3.5,% (w/v),3.5,Carbohydrate  ,"algae, fish, others",Zataria multiflora Essential oil,2,%,2,Essential oil,plant,,,,,,,2 min,aerobically packaged in a low density polyethylene pouches,4,Chicken,Chicken,Skinless and boneless fresh chicken breast meat (ca. 400 g),ANM,,PV,Chemical,10,25,meq O2/kg fat,0.05,20,0.065,3,0.001,0.01,0.003,3,,,,,,,,,,,,,,,,,,,,,,,,,,,,,,,,,,,,,,
ANM-0206-208,Pomegranate fruit juice,-,-,0,,,-,-,-,,,,-,-,-,,,,,,,,,,2 min,aerobically packaged in a low density polyethylene pouches,4,Chicken,Chicken,Skinless and boneless fresh chicken breast meat (ca. 400 g),,,TBARS,Chemical,0.5,2,mg MDA/kg,0.04,20,0.128,3,0.004,0.26,0.064,3,,,,,,,,,,,,,,,,,,,,,,,,,,,,,,,,,,,,,,
ANM-0206-208,Pomegranate fruit juice,100,%,2,phenol,plant,-,-,-,,,,-,-,-,,,,,,,,,,2 min,aerobically packaged in a low density polyethylene pouches,4,Chicken,Chicken,Skinless and boneless fresh chicken breast meat (ca. 400 g),,,TBARS,Chemical,0.5,2,mg MDA/kg,0.02,20,0.112,3,0.005,0.22,0.056,3,,,,,,,,,,,,,,,,,,,,,,,,,,,,,,,,,,,,,,
ANM-0206-208,Pomegranate fruit juice,100,%,2,phenol,plant,Chitosan,1.5,% (w/v),1.5,Carbohydrate/polysacharide,"algae, fish, others",-,-,-,,,,,,,,,,2 min,aerobically packaged in a low density polyethylene pouches,4,Chicken,Chicken,Skinless and boneless fresh chicken breast meat (ca. 400 g),,,TBARS,Chemical,0.5,2,mg MDA/kg,0.03,20,0.106,3,0.004,0.21,0.053,3,,,,,,,,,,,,,,,,,,,,,,,,,,,,,,,,,,,,,,
ANM-0206-208,Pomegranate fruit juice,100,%,2,phenol,plant,Chitosan,2.5,% (w/v),2.5,Carbohydrate/polysacharide,"algae, fish, others",Zataria multiflora essential oil,1,%,1,essential oil,plant,,,,,,,2 min,aerobically packaged in a low density polyethylene pouches,4,Chicken,Chicken,Skinless and boneless fresh chicken breast meat (ca. 400 g),,,TBARS,Chemical,0.5,2,mg MDA/kg,0.02,20,0.09,3,0.004,0.18,0.045,3,,,,,,,,,,,,,,,,,,,,,,,,,,,,,,,,,,,,,,
ANM-0206-208,Pomegranate fruit juice,100,%,2,phenol,plant,Chitosan,3.5,% (w/v),3.5,Carbohydrate/polysacharide,"algae, fish, others",Zataria multiflora essential oil,2,%,2,essential oil,plant,,,,,,,2 min,aerobically packaged in a low density polyethylene pouches,4,Chicken,Chicken,Skinless and boneless fresh chicken breast meat (ca. 400 g),,,TBARS,Chemical,0.5,2,mg MDA/kg,0.01,20,0.08,3,0.003,0.16,0.040,3,,,,,,,,,,,,,,,,,,,,,,,,,,,,,,,,,,,,,,
ANM0209-213,Oregano EO/Clove EO,,,0,,,,,,,,,,,,,,,,,,,,,2 min,packed in poly- propylene trays and stored without modified atmosphere,4,Chicken,Chicken,"
Skinned chicken breast fillets",,-,TAC,Microbial,5,7,log CFU/g,3.34,13,6.99,1,0.28,1.00,1.00,2,-,,,,,,,,,,,,,,,,,,,,,,,,,,,,,,,,,,,,,
ANM0209-213,Oregano EO,10,g/kg,1,Essential oil,plant,,,,,,,,,,,,,,,,,,,2 min,packed in poly- propylene trays and stored without modified atmosphere,4,Chicken,Chicken,"
Skinned chicken breast fillets",ANM,Edible coating wihh antimicrobial agent,TAC,Microbial,5,7,log CFU/g,3.34,13,5.61,3,0.17,0.80,0.80,2,-,,,,,,,,,,,,,,,,,,,,,,,,,,,,,,,,,,,,,
ANM0209-213,Oregano EO,20,g/kg,2,Essential oil,plant,,,,,,,,,,,,,,,,,,,2 min,packed in poly- propylene trays and stored without modified atmosphere,4,Chicken,Chicken,"
Skinned chicken breast fillets",ANM,Edible coating with antimicrobial agent,TAC,Microbial,5,7,log CFU/g,3.34,13,4.98,3,0.13,0.71,0.71,2,-,,,,,,,,,,,,,,,,,,,,,,,,,,,,,,,,,,,,,
ANM0209-213,Clove EO,10,g/kg,1,Essential oil,plant,,,,,,,,,,,,,,,,,,,2 min,packed in poly- propylene trays and stored without modified atmosphere,4,Chicken,Chicken,"
Skinned chicken breast fillets",ANM,Edible coating with antimicrobial agent,TAC,Microbial,5,7,log CFU/g,3.34,13,6.72,1,0.26,0.96,0.96,2,-,,,,,,,,,,,,,,,,,,,,,,,,,,,,,,,,,,,,,
ANM0209-213,Clove EO,20,g/kg,2,Essential oil,plant,,,,,,,,,,,,,,,,,,,2 min,packed in poly- propylene trays and stored without modified atmosphere,4,Chicken,Chicken,"
Skinned chicken breast fillets",ANM,Edible coating with antimicrobial agent,TAC,Microbial,5,7,log CFU/g,3.34,13,5.83,2,0.19,0.83,0.83,2,-,,,,,,,,,,,,,,,,,,,,,,,,,,,,,,,,,,,,,
ANM0209-213,Oregano EO/Clove EO,,,0,,,,,,,,,,,,,,,,,,,,,2 min,packed in poly- propylene trays and stored without modified atmosphere,4,Chicken,Chicken,"
Skinned chicken breast fillets",,-,Enterobacteriaceae,Microbial,5,7,log CFU/g,2.17,10,6.7,1,0.45,0.96,0.96,2,13,7.55,1,0.867,0.283,1.51,1.079,2,,,,,,,,,,,,,,,,,,,,,,,,,,,,,,
ANM0209-213,Oregano EO,10,g/kg,1,Essential oil,plant,,,,,,,,,,,,,,,,,,,2 min,packed in poly- propylene trays and stored without modified atmosphere,4,Chicken,Chicken,"
Skinned chicken breast fillets",ANM,Edible coating with antimicrobial agent,Enterobacteriaceae,Microbial,5,7,log CFU/g,2.17,13,6.43,1,0.33,0.92,0.92,2,-,,,,,,,,,,,,,,,,,,,,,,,,,,,,,,,,,,,,,
ANM0209-213,Oregano EO,20,g/kg,2,Essential oil,plant,,,,,,,,,,,,,,,,,,,2 min,packed in poly- propylene trays and stored without modified atmosphere,4,Chicken,Chicken,"
Skinned chicken breast fillets",ANM,Edible coating with antimicrobial agent,Enterobacteriaceae,Microbial,5,7,log CFU/g,2.17,13,6.41,1,0.33,0.92,0.92,2,-,,,,,,,,,,,,,,,,,,,,,,,,,,,,,,,,,,,,,
ANM0209-213,Clove EO,10,g/kg,1,Essential oil,plant,,,,,,,,,,,,,,,,,,,2 min,packed in poly- propylene trays and stored without modified atmosphere,4,Chicken,Chicken,"
Skinned chicken breast fillets",ANM,Edible coating with antimicrobial agent,Enterobacteriaceae,Microbial,5,7,log CFU/g,2.17,13,6.62,1,0.34,0.95,0.95,2,-,,,,,,,,,,,,,,,,,,,,,,,,,,,,,,,,,,,,,
ANM0209-213,Clove EO,20,g/kg,2,Essential oil,plant,,,,,,,,,,,,,,,,,,,2 min,packed in poly- propylene trays and stored without modified atmosphere,4,Chicken,Chicken,"
Skinned chicken breast fillets",ANM,Edible coating with antimicrobial agent,Enterobacteriaceae,Microbial,5,7,log CFU/g,2.17,13,6.14,1,0.31,0.88,0.88,2,-,,,,,,,,,,,,,,,,,,,,,,,,,,,,,,,,,,,,,
ANM0209-213,Oregano EO/Clove EO,,,0,,,,,,,,,,,,,,,,,,,,,2 min,packed in poly- propylene trays and stored without modified atmosphere,4,Chicken,Chicken,"
Skinned chicken breast fillets",,-,PSY,Microbial,5,7,log CFU/g,3.43,10,5.84,1,0.24,1.17,0.83,2,13,7.03,3,0.926,0.397,1.406,1.004,2,,,,,,,,,,,,,,,,,,,,,,,,,,,,,,
ANM0209-213,Oregano EO,10,g/kg,1,Essential oil,plant,,,,,,,,,,,,,,,,,,,2 min,packed in poly- propylene trays and stored without modified atmosphere,4,Chicken,Chicken,"
Skinned chicken breast fillets",ANM,Edible coating with antimicrobial agent,PSY,Microbial,5,7,log CFU/g,3.43,13,5.65,1,0.17,1.13,0.81,2,-,,,,,,,,,,,,,,,,,,,,,,,,,,,,,,,,,,,,,
ANM0209-213,Oregano EO,20,g/kg,2,Essential oil,plant,,,,,,,,,,,,,,,,,,,2 min,packed in poly- propylene trays and stored without modified atmosphere,4,Chicken,Chicken,"
Skinned chicken breast fillets",ANM,Edible coating with antimicrobial agent,PSY,Microbial,5,7,log CFU/g,3.43,13,5.84,1,0.19,1.17,0.83,2,-,,,,,,,,,,,,,,,,,,,,,,,,,,,,,,,,,,,,,
ANM0209-213,Clove EO,10,g/kg,1,Essential oil,plant,,,,,,,,,,,,,,,,,,,2 min,packed in poly- propylene trays and stored without modified atmosphere,4,Chicken,Chicken,"
Skinned chicken breast fillets",ANM,Edible coating with antimicrobial agent,PSY,Microbial,5,7,log CFU/g,3.43,13,6.71,1,0.25,1.34,0.96,2,-,,,,,,,,,,,,,,,,,,,,,,,,,,,,,,,,,,,,,
ANM0209-213,Clove EO,20,g/kg,2,Essential oil,plant,,,,,,,,,,,,,,,,,,,2 min,packed in poly- propylene trays and stored without modified atmosphere,4,Chicken,Chicken,"
Skinned chicken breast fillets",ANM,Edible coating with antimicrobial agent,PSY,Microbial,5,7,log CFU/g,3.43,13,6.55,1,0.24,1.31,0.94,2,-,,,,,,,,,,,,,,,,,,,,,,,,,,,,,,,,,,,,,
ANM0209-213,Oregano EO/Clove EO,,,0,,,,,,,,,,,,,,,,,,,,,2 min,packed in poly- propylene trays and stored without modified atmosphere,4,Chicken,Chicken,"
Skinned chicken breast fillets",,-,Enterobacteriaceae,Microbial,5,7,log CFU/g,3.37,3,4.43,3,0.35,0.89,0.63,2,5,7.54,1,1.021,1.555,1.508,1.077,2,,,,,,,,,,,,,,,,,,,,,,,,,,,,,,
ANM0209-213,Oregano EO,10,g/kg,1,Essential oil,plant,,,,,,,,,,,,,,,,,,,2 min,packed in poly- propylene trays and stored without modified atmosphere,4,Chicken,Chicken,"
Skinned chicken breast fillets",ANM,Edible coating with antimicrobial agent,Enterobacteriaceae,Microbial,5,7,log CFU/g,3.37,3,4.21,3,0.28,0.84,0.60,3,5,7.13,3,1.016,1.460,1.426,1.019,2,,,,,,,,,,,,,,,,,,,,,,,,,,,,,,
ANM0209-213,Oregano EO,20,g/kg,2,Essential oil,plant,,,,,,,,,,,,,,,,,,,2 min,packed in poly- propylene trays and stored without modified atmosphere,4,Chicken,Chicken,"
Skinned chicken breast fillets",ANM,Edible coating with antimicrobial agent,Enterobacteriaceae,Microbial,5,7,log CFU/g,3.37,10,6.86,1,0.35,1.37,0.98,2,13,7.05,3,0.791,0.063,1.41,1.007,2,,,,,,,,,,,,,,,,,,,,,,,,,,,,,,
ANM0209-213,Clove EO,10,g/kg,1,Essential oil,plant,,,,,,,,,,,,,,,,,,,2 min,packed in poly- propylene trays and stored without modified atmosphere,4,Chicken,Chicken,"
Skinned chicken breast fillets",ANM,Edible coating with antimicrobial agent,Enterobacteriaceae,Microbial,5,7,log CFU/g,3.37,3,4.23,3,0.29,0.85,0.60,3,5,7.06,3,1.001,1.415,1.412,1.009,2,,,,,,,,,,,,,,,,,,,,,,,,,,,,,,
ANM0209-213,Clove EO,20,g/kg,2,Essential oil,plant,,,,,,,,,,,,,,,,,,,2 min,packed in poly- propylene trays and stored without modified atmosphere,4,Chicken,Chicken,"
Skinned chicken breast fillets",ANM,Edible coating with antimicrobial agent,Enterobacteriaceae,Microbial,5,7,log CFU/g,3.37,3,4.25,3,0.29,0.85,0.61,3,5,7.48,1,1.056,1.615,1.496,1.069,2,,,,,,,,,,,,,,,,,,,,,,,,,,,,,,
ANM0209-213,Oregano EO/Clove EO,,,0,,,,,,,,,,,,,,,,,,,,,2 min,packed in poly- propylene trays and stored without modified atmosphere,4,Chicken,Chicken,"
Skinned chicken breast fillets",,-,Pseudomonas ,Microbial,5,7,log CFU/g,4.47,3,4.47,2,0.00,0.89,0.64,3,5,8.82,1,1.184,2.175,1.764,1.260,2,,,,,,,,,,,,,,,,,,,,,,,,,,,,,,
ANM0209-213,Oregano EO,10,g/kg,1,Essential oil,plant,,,,,,,,,,,,,,,,,,,2 min,packed in poly- propylene trays and stored without modified atmosphere,4,Chicken,Chicken,"
Skinned chicken breast fillets",ANM,Edible coating with antimicrobial agent,Pseudomonas ,Microbial,5,7,log CFU/g,4.47,3,4.47,2,0.00,0.89,0.64,3,5,8.47,1,1.137,2.000,1.694,1.210,2,,,,,,,,,,,,,,,,,,,,,,,,,,,,,,
ANM0209-213,Oregano EO,20,g/kg,2,Essential oil,plant,,,,,,,,,,,,,,,,,,,2 min,packed in poly- propylene trays and stored without modified atmosphere,4,Chicken,Chicken,"
Skinned chicken breast fillets",ANM,Edible coating with antimicrobial agent,Pseudomonas ,Microbial,5,7,log CFU/g,4.47,3,4.47,2,0.00,0.89,0.64,3,5,7.21,3,0.968,1.370,1.442,1.030,2,,,,,,,,,,,,,,,,,,,,,,,,,,,,,,
ANM0209-213,Clove EO,10,g/kg,1,Essential oil,plant,,,,,,,,,,,,,,,,,,,2 min,packed in poly- propylene trays and stored without modified atmosphere,4,Chicken,Chicken,"
Skinned chicken breast fillets",ANM,Edible coating with antimicrobial agent,Pseudomonas ,Microbial,5,7,log CFU/g,4.47,3,4.47,2,0.00,0.89,0.64,3,5,7.4,3,0.993,1.465,1.48,1.057,2,,,,,,,,,,,,,,,,,,,,,,,,,,,,,,
ANM0209-213,Clove EO,20,g/kg,2,Essential oil,plant,,,,,,,,,,,,,,,,,,,2 min,packed in poly- propylene trays and stored without modified atmosphere,4,Chicken,Chicken,"
Skinned chicken breast fillets",ANM,Edible coating with antimicrobial agent,Pseudomonas ,Microbial,5,7,log CFU/g,4.47,3,4.47,2,0.00,0.89,0.64,3,5,7.06,3,0.948,1.295,,,,,,,,,,,,,,,,,,,,,,,,,,,,,,,,,
ANM-0238-239,Tea polyPhenols/Rosemary extract,,,0,,,,,,,,,,,,,,,,,,,,,60 min,packed in air-proof polyethylene pouches,4,Fish,Fish,crucian carp ,,,TVC,Microbial,5,7,log CFU/g,2.84,10,6.97,1,0.41,1.00,1.00,2,15,8.5,2,0.813,0.306,1.7,1.214,2,,,,,,,,,,,,,,,,,,,,,,,,,,,,,,
ANM-0238-239,Tea polyPhenols,0.2,%,0.2,Phenol,plant,,,,,,,,,,,,,,,,,,,60 min,packed in air-proof polyethylene pouches,4,Fish,Fish,crucian carp ,ANM,,TVC,Microbial,5,7,log CFU/g,2.84,15,6.7,1,0.26,0.96,0.96,2,20,8,2,0.896,0.260,1.6,1.143,2,,,,,,,,,,,,,,,,,,,,,,,,,,,,,,
ANM-0238-239,Rosemary extract,0.2,%,0.2,Phenol,plant,,,,,,,,,,,,,,,,,,,60 min,packed in air-proof polyethylene pouches,4,Fish,Fish,crucian carp ,ANM,,TVC,Microbial,5,7,log CFU/g,2.84,15,6.2,1,0.22,0.89,0.89,2,20,7.5,2,0.907,0.260,1.5,1.071,2,,,,,,,,,,,,,,,,,,,,,,,,,,,,,,
ANM-0327-346,Rosemary extract/lemon fiber/Oange fiber,,,0,,,,,,,,,,,,,,,,,,,,,,,8,Beef,Beef,Swedish-style meatballs,,,LAB,Microbial,5,7,log CFU/g,2,12,3.3,3,0.11,0.47,0.47,3,,,,,,,,,,,,,,,,,,,,,,,,,,,,,,,,,,,,,,
ANM-0327-346,Rosemary oil extract,0.1,% (w/w),0.1,Essential oil ,plant,,,,,,,,,,,,,,,,,,,,,8,Beef,Beef,Swedish-style meatballs,ANM,,LAB,Microbial,5,7,log CFU/g,1.6,12,3,3,0.12,0.43,0.43,3,,,,,,,,,,,,,,,,,,,,,,,,,,,,,,,,,,,,,,
ANM-0327-346,Rosemary water extract,0.15,% (w/w),0.15,Phenol,plant,,,,,,,,,,,,,,,,,,,,,8,Beef,Beef,Swedish-style meatballs,ANM,,LAB,Microbial,5,7,log CFU/g,1.6,12,3.3,3,0.14,0.47,0.47,3,,,,,,,,,,,,,,,,,,,,,,,,,,,,,,,,,,,,,,
ANM-0327-346,Rosemary oil and water extract,0.25,% (w/w),0.25,Phenol/Essential oil,plant,,,,,,,,,,,,,,,,,,,,,8,Beef,Beef,Swedish-style meatballs,ANM,,LAB,Microbial,5,7,log CFU/g,2.3,12,3.3,3,0.08,0.47,0.47,3,,,,,,,,,,,,,,,,,,,,,,,,,,,,,,,,,,,,,,
ANM-0327-346,Lemon fiber,5,% (w/w),5,Carbohydrate   ,plant,,,,,,,,,,,,,,,,,,,,,8,Beef,Beef,Swedish-style meatballs,ANM,,LAB,Microbial,5,7,log CFU/g,1.6,12,1.6,3,0.00,0.23,0.23,3,,,,,,,,,,,,,,,,,,,,,,,,,,,,,,,,,,,,,,
ANM-0327-346,Orange fiber,5,% (w/w),5,Carbohydrate   ,plant,,,,,,,,,,,,,,,,,,,,,8,Beef,Beef,Swedish-style meatballs,ANM,,LAB,Microbial,5,7,log CFU/g,1.6,12,1.6,3,0.00,0.23,0.23,3,,,,,,,,,,,,,,,,,,,,,,,,,,,,,,,,,,,,,,
ANM-0359-360,mint leaf extract/Citrus leaf extract,-,-,0,,,,,,,,,,,,,,,,,,,,,30 min,packed in low density polyethylene (LDPE) pouch,0–2,Fish,Fish,Indian mackerel,,,TAC,Microbial,5,7,log CFU/g,4.17,,,,,,,,11,7.13,1,,0.648,1.426,1.019,2,,,,,,,,,,,,,,,,,,,,,,,,,,,,,,
ANM-0359-360,mint leaf extract,0.5,% (w/v),0.5,Essential oil ,plant,,,,,,,,,,,,,,,,,,,30 min,packed in low density polyethylene (LDPE) pouch,0–2,Fish,Fish,Indian mackerel,ANM,,TAC,Microbial,5,7,log CFU/g,4.17,,,,,,,,16,7.33,1,,0.458,1.466,1.047,2,,,,,,,,,,,,,,,,,,,,,,,,,,,,,,
ANM-0359-360,citrus peel extract,0.5,% (w/v),0.5,Phenol,plant,,,,,,,,,,,,,,,,,,,30 min,packed in low density polyethylene (LDPE) pouch,0–2,Fish,Fish,Indian mackerel,ANM,,TAC,Microbial,5,7,log CFU/g,4.17,,,,,,,,13,7.01,1,,0.539,1.402,1.001,2,,,,,,,,,,,,,,,,,,,,,,,,,,,,,,
ANM-0361-363,drumstick leaf/mint leaf/curry leaf,,,0,,,,,,,,,,,,,,,,,,,,,,packed in low density polyethylene (LDPE) bags (200 gauge),7,Chicken,Chicken,restructured chicken block,,,TPC,Microbial,5,7,log CFU/g,3.4,20,4.2,3,0.04,0.60,0.60,3,-,,,,,,,,,,,,,,,,,,,,,,,,,,,,,,,,,,,,,
ANM-0361-363,drumstick leaf,1,%,1,Essential oil,plant,,,,,,,,,,,,,,,,,,,,packed in low density polyethylene (LDPE) bags (200 gauge),7,Chicken,Chicken,restructured chicken block,ANM,,TPC,Microbial,5,7,log CFU/g,3.1,20,3.7,3,0.03,0.53,0.53,3,-,,,,,,,,,,,,,,,,,,,,,,,,,,,,,,,,,,,,,
ANM-0361-363,mint leaf,1,%,1,Essential oil,plant,,,,,,,,,,,,,,,,,,,,packed in low density polyethylene (LDPE) bags (200 gauge),7,Chicken,Chicken,restructured chicken block,ANM,,TPC,Microbial,5,7,log CFU/g,3.1,20,3.9,3,0.04,0.56,0.56,3,-,,,,,,,,,,,,,,,,,,,,,,,,,,,,,,,,,,,,,
ANM-0361-363,curry leaf,1,%,1,Essential oil,plant,,,,,,,,,,,,,,,,,,,,packed in low density polyethylene (LDPE) bags (200 gauge),7,Chicken,Chicken,restructured chicken block,ANM,,TPC,Microbial,5,7,log CFU/g,2.9,20,3.7,3,0.04,0.53,0.53,3,-,,,,,,,,,,,,,,,,,,,,,,,,,,,,,,,,,,,,,
ANM-0523-526,Chitosan/Thyme oil,,,0,,,,,,,,,,,,,,,,,,,,,,aerobic packaging,4,Chicken,Chicken,Ready to cook chicken-pepper kebabs (125g),,,TVC,Microbial,5,7,log CFU/g,5.41,2,6.5,1,0.55,0.93,0.93,2,4,7.1,3,0.546,0.300,1.42,1.014,2,,,,,,,,,,,,,,,,,,,,,,,,,,,,,,
ANM-0523-526,Chitosan,1.5,% (v/w),0.03,Carbohydrate  ,"algae, fish and others",,,,,,,,,,,,,,,,,,,,aerobic packaging,4,Chicken,Chicken,Ready to cook chicken-pepper kebabs (125g),ANM,,TVC,Microbial,5,7,log CFU/g,5.41,4,6.5,1,0.27,0.93,0.93,2,6,7,3,0.718,0.250,1.4,1.000,2,,,,,,,,,,,,,,,,,,,,,,,,,,,,,,
ANM-0523-526,Thyme oil,0.2,% (v/w),0.2,Essential oil,plant,,,,,,,,,,,,,,,,,,,,aerobic packaging,4,Chicken,Chicken,Ready to cook chicken-pepper kebabs (125g),ANM,,TVC,Microbial,5,7,log CFU/g,5.41,4,6.5,1,0.27,0.93,0.93,2,6,7,3,0.718,0.250,1.4,1.000,2,,,,,,,,,,,,,,,,,,,,,,,,,,,,,,
ANM-0523-526,Chitosan,1.5,% (v/w),0.03,Carbohydrate  ,"algae, fish and others",Thyme oil,0.2,% (v/w),0.2,,,,,,,,,,,,,,,,aerobic packaging,4,Chicken,Chicken,Ready to cook chicken-pepper kebabs (125g),ANM,,TVC,Microbial,5,7,log CFU/g,5.41,6,6.5,1,0.18,0.93,0.93,2,7,7,3,0.923,0.500,1.4,1.000,2,,,,,,,,,,,,,,,,,,,,,,,,,,,,,,
ANM-0523-526,Chitosan/Thyme oil,,,0,,,,,,,,,,,,,,,,,,,,,,aerobic packaging,4,Chicken,Chicken,Ready to cook chicken-pepper kebabs (125g),,,Pseudomonas ,Microbial,5,7,log CFU/g,5.05,2,6.5,1,0.73,0.93,0.93,2,4,7.2,3,0.554,0.350,1.44,1.029,2,,,,,,,,,,,,,,,,,,,,,,,,,,,,,,
ANM-0523-526,Chitosan,1.5,% (v/w),0.03,Carbohydrate  ,"algae, fish and others",,,,,,,,,,,,,,,,,,,,aerobic packaging,4,Chicken,Chicken,Ready to cook chicken-pepper kebabs (125g),ANM,,Pseudomonas ,Microbial,5,7,log CFU/g,5.05,4,6,1,0.24,0.86,0.86,2,6,7.5,3,0.833,0.750,1.5,1.071,2,,,,,,,,,,,,,,,,,,,,,,,,,,,,,,
ANM-0523-526,Thyme oil,0.2,% (v/w),0.2,Essential oil,plant,,,,,,,,,,,,,,,,,,,,aerobic packaging,4,Chicken,Chicken,Ready to cook chicken-pepper kebabs (125g),ANM,,Pseudomonas ,Microbial,5,7,log CFU/g,5.05,4,6,1,0.24,0.86,0.86,2,6,7.5,3,0.833,0.750,1.5,1.071,2,,,,,,,,,,,,,,,,,,,,,,,,,,,,,,
ANM-0523-526,Chitosan,1.5,% (v/w),0.03,Carbohydrate   ,"algae, fish and others",Thyme oil,0.2,% (v/w),0.2,,,,,,,,,,,,,,,,aerobic packaging,4,Chicken,Chicken,Ready to cook chicken-pepper kebabs (125g),ANM,,Pseudomonas ,Microbial,5,7,log CFU/g,5.05,6,6,1,0.16,0.86,0.86,2,8,7,3,0.875,0.500,1.4,1.000,2,,,,,,,,,,,,,,,,,,,,,,,,,,,,,,
ANM-0523-526,Chitosan/Thyme oil,,,0,,,,,,,,,,,,,,,,,,,,,,aerobic packaging,4,Chicken,Chicken,Ready to cook chicken-pepper kebabs (125g),,,LAB,Microbial,5,7,log CFU/g,4.35,6,6.1,1,0.29,0.87,0.87,2,8,7,3,0.861,0.450,1.4,1.000,2,,,,,,,,,,,,,,,,,,,,,,,,,,,,,,
ANM-0523-526,Chitosan,1.5,% (v/w),0.03,Carbohydrate   ,"algae, fish and others",,,,,,,,,,,,,,,,,,,,aerobic packaging,4,Chicken,Chicken,Ready to cook chicken-pepper kebabs (125g),ANM,,LAB,Microbial,5,7,log CFU/g,4.35,8,5,2,0.08,0.71,0.71,2,10,7,3,1.120,1.000,1.4,1.000,2,,,,,,,,,,,,,,,,,,,,,,,,,,,,,,
ANM-0523-526,Thyme oil,0.2,% (v/w),0.2,Essential oil,plant,,,,,,,,,,,,,,,,,,,,aerobic packaging,4,Chicken,Chicken,Ready to cook chicken-pepper kebabs (125g),ANM,,LAB,Microbial,5,7,log CFU/g,4.35,8,5,2,0.08,0.71,0.71,2,10,7,3,1.120,1.000,1.4,1.000,2,,,,,,,,,,,,,,,,,,,,,,,,,,,,,,
ANM-0523-526,Chitosan,1.5,% (v/w),0.03,Carbohydrate  ,"algae, fish and others",Thyme oil,0.2,% (v/w),0.2,,,,,,,,,,,,,,,,aerobic packaging,4,Chicken,Chicken,Ready to cook chicken-pepper kebabs (125g),ANM,,LAB,Microbial,5,7,log CFU/g,4.35,10,5.9,1,0.16,0.84,0.84,2,,,,,,,,,,,,,,,,,,,,,,,,,,,,,,,,,,,,,,
ANM-0523-526,Chitosan/Thyme oil,,,0,,,,,,,,,,,,,,,,,,,,,,aerobic packaging,4,Chicken,Chicken,Ready to cook chicken-pepper kebabs (125g),,,B. thermosphacta,Microbial,5,7,log CFU/g,4.29,,,,,,,,12,9.13,1,,,,,,,,,,,,,,,,,,,,,,,,,,,,,,,,,,,
ANM-0523-526,Chitosan,1.5,% (v/w),0.03,Carbohydrate   ,"algae, fish and others",,,,,,,,,,,,,,,,,,,,aerobic packaging,4,Chicken,Chicken,Ready to cook chicken-pepper kebabs (125g),ANM,,B. thermosphacta,Microbial,5,7,log CFU/g,4.29,,,,,,,,12,,,,,,,,,,,,,,,,,,,,,,,,,,,,,,,,,,,,,
ANM-0523-526,Thyme oil,0.2,% (v/w),0.2,Essential oil,plant,,,,,,,,,,,,,,,,,,,,aerobic packaging,4,Chicken,Chicken,Ready to cook chicken-pepper kebabs (125g),ANM,,B. thermosphacta,Microbial,5,7,log CFU/g,4.29,,,,,,,,12,,,,,,,,,,,,,,,,,,,,,,,,,,,,,,,,,,,,,
ANM-0523-526,Chitosan,1.5,% (v/w),0.03,Carbohydrate  ,"algae, fish and others",Thyme oil,0.2,% (v/w),0.2,,,,,,,,,,,,,,,,aerobic packaging,4,Chicken,Chicken,Ready to cook chicken-pepper kebabs (125g),ANM,,B. thermosphacta,Microbial,5,7,log CFU/g,4.29,,,,,,,,12,,,,,,,,,,,,,,,,,,,,,,,,,,,,,,,,,,,,,
ANM-0523-526,Chitosan/Thyme oil,,,0,,,,,,,,,,,,,,,,,,,,,,aerobic packaging,4,Chicken,Chicken,Ready to cook chicken-pepper kebabs (125g),,,Enterobacteriaceae,Microbial,5,7,log CFU/g,3.5,,,,,,,,,,,,,,,,,,,,,,,,,,,,,,,,,,,,,,,,,,,,,
ANM-0523-526,Chitosan,1.5,% (v/w),0.03,Carbohydrate   ,"algae, fish and others",,,,,,,,,,,,,,,,,,,,aerobic packaging,4,Chicken,Chicken,Ready to cook chicken-pepper kebabs (125g),ANM,,Enterobacteriaceae,Microbial,5,7,log CFU/g,3.5,,,,,,,,,,,,,,,,,,,,,,,,,,,,,,,,,,,,,,,,,,,,,
ANM-0523-526,Thyme oil,0.2,% (v/w),0.2,Essential oil,plant,,,,,,,,,,,,,,,,,,,,aerobic packaging,4,Chicken,Chicken,Ready to cook chicken-pepper kebabs (125g),ANM,,Enterobacteriaceae,Microbial,5,7,log CFU/g,3.5,,,,,,,,,,,,,,,,,,,,,,,,,,,,,,,,,,,,,,,,,,,,,
ANM-0523-526,Chitosan,1.5,% (v/w),0.03,Carbohydrate ,"algae, fish and others",Thyme oil,0.2,% (v/w),0.2,,,,,,,,,,,,,,,,aerobic packaging,4,Chicken,Chicken,Ready to cook chicken-pepper kebabs (125g),ANM,,Enterobacteriaceae,Microbial,5,7,log CFU/g,3.5,,,,,,,,12,,,,,,,,,,,,,,,,,,,,,,,,,,,,,,,,,,,,,
ANM-0523-526,Chitosan/Thyme oil,,,0,,,,,,,,,,,,,,,,,,,,,,aerobic packaging,4,Chicken,Chicken,Ready to cook chicken-pepper kebabs (125g),,,Fungal count,Microbial,2,3,log CFU/g,4.5,6,6.2,1,0.28,2.07,2.07,1,8,8,1,0.968,0.900,4.00,2.667,1,,,,,,,,,,,,,,,,,,,,,,,,,,,,,,
ANM-0523-526,Chitosan,1.5,% (v/w),0.03,Carbohydrate ,"algae, fish and others",,,,,,,,,,,,,,,,,,,,aerobic packaging,4,Chicken,Chicken,Ready to cook chicken-pepper kebabs (125g),ANM,,Fungal count,Microbial,2,3,log CFU/g,4.51,8,6,1,0.19,2.00,2.00,1,10,7,3,0.933,0.500,3.50,2.333,1,,,,,,,,,,,,,,,,,,,,,,,,,,,,,,
ANM-0523-526,Thyme oil,0.2,% (v/w),0.2,Essential oil,plant,,,,,,,,,,,,,,,,,,,,aerobic packaging,4,Chicken,Chicken,Ready to cook chicken-pepper kebabs (125g),ANM,,Fungal count,Microbial,2,3,log CFU/g,4.52,12,6.2,1,0.14,2.07,2.07,1,,,,,,,,,,,,,,,,,,,,,,,,,,,,,,,,,,,,,,
ANM-0523-526,Chitosan,1.5,% (v/w),0.03,Carbohydrate  ,"algae, fish and others",Thyme oil,0.2,% (v/w),0.2,,,,,,,,,,,,,,,,aerobic packaging,4,Chicken,Chicken,Ready to cook chicken-pepper kebabs (125g),ANM,,Fungal count,Microbial,2,3,log CFU/g,4.53,12,4.7,1,0.01,1.57,1.57,1,,,,,,,,,,,,,,,,,,,,,,,,,,,,,,,,,,,,,,
ANM-0547-550,EDTA/lysozyme/Rosemary-Oregano (air),0,,0,,,,,,,,,,,,,,,,,,,,,,"Air Packaged, low- density polyethylene/polyamide/low-density polyethylene (LDPE/ PA/LDPE) barrier pouches",4,Chicken,Chicken,Semi cooked coated chicken fillets ,,,TVC,Microbial,5,7,log CFU/g,3.6,10,6.9,1,0.33,0.99,0.99,2,14,8.5,1,0.880,0.400,1.70,1.214,2,,,,,,,,,,,,,,,,,,,,,,,,,,,,,,
ANM-0547-550,EDTA/lysozym/Rosemary/Oregano (vacuum),0,,0,,,,,,,,,,,,,,,,,,,,,,"Vacuum Packaging, low- density polyethylene/polyamide/low-density polyethylene (LDPE/ PA/LDPE) barrier pouches",4,Chicken,Chicken,Semi cooked coated chicken fillets ,,,TVC,Microbial,5,7,log CFU/g,3.6,,,,,,,,,,,,,,,,,,,,,,,,,,,,,,,,,,,,,,,,,,,,,
ANM-0547-550,EDTA–lysozyme solution,1.5,% (w/w),1.5,Protein ,enzyme,,,,,,,,,,,,,,,,,,,,"Vacuum Packaging, low- density polyethylene/polyamide/low-density polyethylene (LDPE/ PA/LDPE) barrier pouches",4,Chicken,Chicken,Semi cooked coated chicken fillets ,ANM+MAP,,TVC,Microbial,5,7,log CFU/g,3.6,12,6.5,1,0.24,0.93,0.93,2,14,7,3,0.923,0.250,1.40,1.000,2,,,,,,,,,,,,,,,,,,,,,,,,,,,,,,
ANM-0547-550,Rosemary oil,0.2,% (v/w),0.2,Essential oil,plant,,,,,,,,,,,,,,,,,,,,"Vacuum Packaging, low- density polyethylene/polyamide/low-density polyethylene (LDPE/ PA/LDPE) barrier pouches",4,Chicken,Chicken,Semi cooked coated chicken fillets ,ANM+MAP,,TVC,Microbial,5,7,log CFU/g,3.6,14,,,,,,,16,,,,,,,,,,,,,,,,,,,,,,,,,,,,,,,,,,,,,
ANM-0547-550,Oregano oil,0.2,% (v/w),0.2,Essential oil,plant,,,,,,,,,,,,,,,,,,,,"Vacuum Packaging, low- density polyethylene/polyamide/low-density polyethylene (LDPE/ PA/LDPE) barrier pouches",4,Chicken,Chicken,Semi cooked coated chicken fillets ,ANM+MAP,,TVC,Microbial,5,7,log CFU/g,3.6,14,,,,,,,16,,,,,,,,,,,,,,,,,,,,,,,,,,,,,,,,,,,,,
ANM-0547-550,EDTA–lysozyme solution,1.5,% (w/w),1.5,Protein ,enzyme,Rosemary oil,0.2,% (v/w),0.2,Essential oil,plant,,,,,,,,,,,,,,"Vacuum Packaging, low- density polyethylene/polyamide/low-density polyethylene (LDPE/ PA/LDPE) barrier pouches",4,Chicken,Chicken,Semi cooked coated chicken fillets ,ANM+MAP,,TVC,Microbial,5,7,log CFU/g,3.6,14,,,,,,,16,,,,,,,,,,,,,,,,,,,,,,,,,,,,,,,,,,,,,
ANM-0547-550,EDTA–lysozyme solution,1.5,% (w/w),1.5,Protein ,enzyme,Oregano oil,0.2,% (v/w),0.2,Essential oil,plant,,,,,,,,,,,,,,"Vacuum Packaging, low- density polyethylene/polyamide/low-density polyethylene (LDPE/ PA/LDPE) barrier pouches",4,Chicken,Chicken,Semi cooked coated chicken fillets ,ANM+MAP,,TVC,Microbial,5,7,log CFU/g,3.6,14,,,,,,,16,,,,,,,,,,,,,,,,,,,,,,,,,,,,,,,,,,,,,
ANM-0570,Lemon Juice,250,mL,1.67,Organic acid ,plant,Thyme,20,g,0.13,Essential oil,plant,Rosemary,20,g,0.13,Phenol,plant,,,,,,,24 hours,marinated,0,chicken,Fresh bonned chicken ,leg,ANM,ANM,Salmonella,Microbial,0,0,CFU/plate,,,,,,,,,1,,,,,,,,,,,,,,,,,,,,,,,,,,,,,,,,,,,,,
ANM-0570,Lemon Juice,250,mL,1.67,Organic acid ,plant,Thyme,20,g,0.13,Essential oil,plant,Rosemary,20,g,0.13,Phenol,plant,,,,,,,24 hours,marinated,0,chicken,Fresh bonned chicken ,leg,ANM+Irradiation,Irradiation 3 kG,Salmonella,Microbial,0,0,CFU/plate,,9,0,3,,,,,12,,,,,,,,,,,,,,,,,,,,,,,,,,,,,,,,,,,,,
ANM-0570,Lemon Juice,250,mL,1.67,Organic acid ,plant,Thyme,20,g,0.13,Essential oil,plant,Rosemary,20,g,0.13,Phenol,plant,,,,,,,24 hours,marinated,0,chicken,Fresh bonned chicken ,leg,ANM+Irradiation,Irradiation 5 kG,Salmonella,Microbial,0,0,CFU/plate,,15,0,3,,,,,-,,,,,,,,,,,,,,,,,,,,,,,,,,,,,,,,,,,,,
ANM-0570,Lemon Juice,0,mL,0,,plant,Thyme,0,g,0,,plant,-,-,-,,Phenol,,,,,,,,-,vaccuum,0,chicken,Fresh bonned chicken ,leg,,ANM,Salmonella,Microbial,0,0,CFU/plate,,,,,,,,,1,,,,,,,,,,,,,,,,,,,,,,,,,,,,,,,,,,,,,
ANM-0570,Lemon Juice,0,mL,0,,plant,Thyme,0,g,0,,plant,-,-,-,,Phenol,,,,,,,,-,vaccuum,0,chicken,Fresh bonned chicken ,leg,,Irradiation 3 kG,Salmonella,Microbial,0,0,CFU/plate,,,,,,,,,1,,,,,,,,,,,,,,,,,,,,,,,,,,,,,,,,,,,,,
ANM-0570,Lemon Juice,0,mL,0,,plant,Thyme,0,g,0,,plant,-,-,-,,Phenol,,,,,,,,-,vaccuum,0,chicken,Fresh bonned chicken ,leg,,Irradiation 5 kG,Salmonella,Microbial,0,0,CFU/plate,,12,0,3,,,,,15,,,,,,,,,,,,,,,,,,,,,,,,,,,,,,,,,,,,,
ANM-0570,Lemon Juice,0,mL,0,,plant,Thyme,0,g,0,,plant,-,-,-,,Phenol,,,,,,,,-,air,0,chicken,Fresh bonned chicken ,leg,,Irradiation 0 kG,Salmonella,Microbial,0,0,CFU/plate,,,,,,,,,1,,,,,,,,,,,,,,,,,,,,,,,,,,,,,,,,,,,,,
ANM-0570,Lemon Juice,0,mL,0,,plant,Thyme,0,g,0,,plant,-,-,-,,Phenol,,,,,,,,-,air,0,chicken,Fresh bonned chicken ,leg,,Irradiation 3 kG,Salmonella,Microbial,0,0,CFU/plate,,,,,,,,,1,,,,,,,,,,,,,,,,,,,,,,,,,,,,,,,,,,,,,
ANM-0570,Lemon Juice,0,mL,0,,plant,Thyme,0,g,0,,plant,-,-,-,,Phenol,,,,,,,,-,air,0,chicken,Fresh bonned chicken ,leg,,Irradiation 5 kG,Salmonella,Microbial,0,0,CFU/plate,0,15,0,3,,,,,-,,,,,,,,,,,,,,,,,,,,,,,,,,,,,,,,,,,,,
ANM-0570,Lemon Juice,250,mL,1.67,Organic acid ,plant,Thyme,20,g,0.13,Essential oil,plant,Rosemary,20,g,0.13,Phenol,plant,,,,,,,24 hours,marinated,0,chicken,Fresh bonned chicken ,leg,ANM,Irradiation 0 kG,TVC,Microbial,5,7,log CFU/g,1.24,6,2.76,3,0.25,0.39,0.39,3,9,6.25,3,1.510,1.163,1.25,0.893,3,,,,,,,,,,,,,,,,,,,,,,,,,,,,,,
ANM-0570,Lemon Juice,250,mL,1.67,Organic acid ,plant,Thyme,20,g,0.13,Essential oil,plant,Rosemary,20,g,0.13,Phenol,plant,,,,,,,24 hours,marinated,0,chicken,Fresh bonned chicken ,leg,ANM+Irradiation,Irradiation 3 kG,TVC,Microbial,5,7,log CFU/g,1.24,6,2.76,3,0.25,0.39,0.39,3,9,6.25,3,1.510,1.163,1.25,0.893,3,,,,,,,,,,,,,,,,,,,,,,,,,,,,,,
ANM-0570,Lemon Juice,250,mL,1.67,Organic acid ,plant,Thyme,20,g,0.13,Essential oil,plant,Rosemary,20,g,0.13,Phenol,plant,,,,,,,24 hours,marinated,0,chicken,Fresh bonned chicken ,leg,ANM+Irradiation,Irradiation 5 kG,TVC,Microbial,5,7,log CFU/g,1.24,6,2.76,3,0.25,0.39,0.39,3,9,6.25,3,1.510,1.163,1.25,0.893,3,,,,,,,,,,,,,,,,,,,,,,,,,,,,,,
ANM-0570,Lemon Juice,0,mL,0,,plant,Thyme,0,g,0,,plant,-,-,-,,Phenol,,,,,,,,-,vaccuum,0,chicken,Fresh bonned chicken ,leg,,(MAP) Irradiation 0 kG,TVC,Microbial,5,7,log CFU/g,2.63,6,4.23,2,0.27,0.60,0.60,3,9,6.94,3,1.094,0.903,1.39,0.991,3,,,,,,,,,,,,,,,,,,,,,,,,,,,,,,
ANM-0570,Lemon Juice,0,mL,0,,plant,Thyme,0,g,0,,plant,-,-,-,,Phenol,,,,,,,,-,vaccuum,0,chicken,Fresh bonned chicken ,leg,,(MAP) Irradiation 3 kG,TVC,Microbial,5,7,log CFU/g,2.63,6,4.23,2,0.27,0.60,0.60,3,9,6.94,3,1.094,0.903,1.39,0.991,3,,,,,,,,,,,,,,,,,,,,,,,,,,,,,,
ANM-0570,Lemon Juice,0,mL,0,,plant,Thyme,0,g,0,,plant,-,-,-,,Phenol,,,,,,,,-,vaccuum,0,chicken,Fresh bonned chicken ,leg,,(MAP) Irradiation 5 kG,TVC,Microbial,5,7,log CFU/g,2.63,6,4.23,2,0.27,0.60,0.60,3,9,6.94,3,1.094,0.903,1.39,0.991,3,,,,,,,,,,,,,,,,,,,,,,,,,,,,,,
ANM-0570,Lemon Juice,0,mL,0,,plant,Thyme,0,g,0,,plant,-,-,-,,Phenol,,,,,,,,-,air,0,chicken,Fresh bonned chicken ,leg,,Irradiation 0 kG,TVC,Microbial,5,7,log CFU/g,2.53,6,4.36,2,0.31,0.62,0.62,3,9,6.64,3,1.015,0.760,1.33,0.949,3,,,,,,,,,,,,,,,,,,,,,,,,,,,,,,
ANM-0570,Lemon Juice,0,mL,0,,plant,Thyme,0,g,0,,plant,-,-,-,,Phenol,,,,,,,,-,air,0,chicken,Fresh bonned chicken ,leg,,Irradiation 3 kG,TVC,Microbial,5,7,log CFU/g,2.53,6,4.36,2,0.31,0.62,0.62,3,9,6.64,3,1.015,0.760,1.33,0.949,3,,,,,,,,,,,,,,,,,,,,,,,,,,,,,,
ANM-0570,Lemon Juice,0,mL,0,,plant,Thyme,0,g,0,,plant,-,-,-,,Phenol,,,,,,,,-,air,0,chicken,Fresh bonned chicken ,leg,,Irradiation 5 kG,TVC,Microbial,5,7,log CFU/g,2.53,6,4.36,2,0.31,0.62,0.62,3,9,6.64,3,1.015,0.760,1.33,0.949,3,,,,,,,,,,,,,,,,,,,,,,,,,,,,,,
ANM-0576-579,Tumeric oil/Sodium benzoate,,,0,,,,,,,,,,,,,,,,,,,,,,packed in Tetra pack pouches,room temp,Mixed,Mixed,"food containing potato, boneless chicken cooking oil, masala, tomato and salt ",,,TVC,Microbial,5,7,log CFU/g,2.51,1,2.51,3,0.00,0.36,0.36,3,16,,,,,,,,,,,,,,,,,,,,,,,,,,,,,,,,,,,,,
ANM-0576-579,Turmeric oil ,1,%,1,Phenol,plant,,,,,,,,,,,,,,,,,,,,packed in Tetra pack pouches,room temp,Mixed,Mixed,"food containing potato, boneless chicken cooking oil, masala, tomato and salt ",ANM,,TVC,Microbial,5,7,log CFU/g,2.41,1,2.41,3,0.00,0.34,0.34,3,16,,,,,,,,,,,,,,,,,,,,,,,,,,,,,,,,,,,,,
ANM-0576-579,Turmeric oil ,2,%,2,Phenol,plant,,,,,,,,,,,,,,,,,,,,packed in Tetra pack pouches,room temp,Mixed,Mixed,"food containing potato, boneless chicken cooking oil, masala, tomato and salt ",ANM,,TVC,Microbial,5,7,log CFU/g,2.18,1,2.41,3,0.23,0.34,0.34,3,16,,,,,,,,,,,,,,,,,,,,,,,,,,,,,,,,,,,,,
ANM-0576-579,Sodium benzoate,0.1,%,0.1,,,,,,,,,,,,,,,,,,,,,,packed in Tetra pack pouches,room temp,Mixed,Mixed,"food containing potato, boneless chicken cooking oil, masala, tomato and salt ",ANM,,TVC,Microbial,5,7,log CFU/g,1.4,16,1.71,3,0.02,0.24,0.24,3,31,,,,,,,,,,,,,,,,,,,,,,,,,,,,,,,,,,,,,
ANM-0576-579,Sodium benzoate,0.1,%,0.1,,,Turmeric oil ,1,%,1,,,,,,,,,,,,,,,,packed in Tetra pack pouches,room temp,Mixed,Mixed,"food containing potato, boneless chicken cooking oil, masala, tomato and salt ",ANM,,TVC,Microbial,5,7,log CFU/g,1.3,46,0.7,3,-0.01,0.10,0.10,3,,,,,,,,,,,,,,,,,,,,,,,,,,,,,,,,,,,,,,
ANM-0576-579,Turmeric oil ,1,%,1,Phenol,plant,,,,,,,,,,,,,,,,,,,,packed in Tetra pack pouches,room temp,Mixed,Mixed,"food containing potato, boneless chicken cooking oil, masala, tomato and salt ",ANM+HEAT,autoclaved at 121 °C for 5 min,TVC,Microbial,5,7,log CFU/g,0.7,91,0.7,3,0.00,0.10,0.10,3,,,,,,,,,,,,,,,,,,,,,,,,,,,,,,,,,,,,,,
ANM-0576-579,Turmeric oil ,2,%,2,Phenol,plant,,,,,,,,,,,,,,,,,,,,packed in Tetra pack pouches,room temp,Mixed,Mixed,"food containing potato, boneless chicken cooking oil, masala, tomato and salt ",ANM+HEAT,autoclaved at 121 °C for 5 min,TVC,Microbial,5,7,log CFU/g,0.7,31,0.7,3,0.00,0.10,0.10,3,,,,,,,,,,,,,,,,,,,,,,,,,,,,,,,,,,,,,,
ANM-0576-579,Tumeric oil/Sodium benzoate (autoclave),,,0,,,,,,,,,,,,,,,,,,,,,,packed in Tetra pack pouches,room temp,Mixed,Mixed,"food containing potato, boneless chicken cooking oil, masala, tomato and salt ",,autoclaved at 121 °C for 15 min,TVC,Microbial,5,7,log CFU/g,0.7,31,0.7,3,0.00,0.10,0.10,3,,,,,,,,,,,,,,,,,,,,,,,,,,,,,,,,,,,,,,
ANM-0576-579,Tumeric oil/Sodium benzoate,,,0,,,,,,,,,,,,,,,,,,,,,,packed in Tetra pack pouches,room temp,Mixed,Mixed,"food containing potato, boneless chicken cooking oil, masala, tomato and salt ",,,Fungal count,Microbial,2,3,fungal count/g,2.18,1,2.18,3,0.00,0.73,0.73,2,16,,,,,,,,,,,,,,,,,,,,,,,,,,,,,,,,,,,,,
ANM-0576-579,Turmeric oil ,1,%,1,Phenol,plant,,,,,,,,,,,,,,,,,,,,packed in Tetra pack pouches,room temp,Mixed,Mixed,"food containing potato, boneless chicken cooking oil, masala, tomato and salt ",ANM,,Fungal count,Microbial,2,3,fungal count/g,2.08,1,2.08,3,0.00,0.69,0.69,3,16,,,,,,,,,,,,,,,,,,,,,,,,,,,,,,,,,,,,,
ANM-0576-579,Turmeric oil ,2,%,2,Phenol,plant,,,,,,,,,,,,,,,,,,,,packed in Tetra pack pouches,room temp,Mixed,Mixed,"food containing potato, boneless chicken cooking oil, masala, tomato and salt ",ANM,,Fungal count,Microbial,2,3,fungal count/g,2,1,2,3,0.00,0.67,0.67,3,16,,,,,,,,,,,,,,,,,,,,,,,,,,,,,,,,,,,,,
ANM-0576-579,Sodium benzoate,0.1,%,0.1,,,,,,,,,,,,,,,,,,,,,,packed in Tetra pack pouches,room temp,Mixed,Mixed,"food containing potato, boneless chicken cooking oil, masala, tomato and salt ",ANM,,Fungal count,Microbial,2,3,fungal count/g,0.7,16,0.7,3,0.00,0.23,0.23,2,31,,,,,,,,,,,,,,,,,,,,,,,,,,,,,,,,,,,,,
ANM-0576-579,Sodium benzoate,0.1,%,0.1,,,Turmeric oil ,1,%,1,Phenol,plant,,,,,,,,,,,,,,packed in Tetra pack pouches,room temp,Mixed,Mixed,"food containing potato, boneless chicken cooking oil, masala, tomato and salt ",ANM,,Fungal count,Microbial,2,3,fungal count/g,0.7,46,0.7,3,0.00,0.23,0.23,2,,,,,,,,,,,,,,,,,,,,,,,,,,,,,,,,,,,,,,
ANM-0576-579,Turmeric oil ,1,%,1,Phenol,plant,,,,,,,,,,,,,,,,,,,,packed in Tetra pack pouches,room temp,Mixed,Mixed,"food containing potato, boneless chicken cooking oil, masala, tomato and salt ",ANM+HEAT,autoclaved at 121 °C for 5 min,Fungal count,Microbial,2,3,fungal count/g,0.7,91,0.7,3,0.00,,,,,,,,,,,,,,,,,,,,,,,,,,,,,,,,,,,,,,,,,
ANM-0576-579,Turmeric oil ,2,%,2,Phenol,plant,,,,,,,,,,,,,,,,,,,,packed in Tetra pack pouches,room temp,Mixed,Mixed,"food containing potato, boneless chicken cooking oil, masala, tomato and salt ",ANM+HEAT,autoclaved at 121 °C for 5 min,Fungal count,Microbial,2,3,fungal count/g,0.7,91,0.7,3,0.00,,,,,,,,,,,,,,,,,,,,,,,,,,,,,,,,,,,,,,,,,
ANM-0576-579,Tumeric oil/Sodium benzoate (autoclave),,,0,,,,,,,,,,,,,,,,,,,,,,packed in Tetra pack pouches,room temp,Mixed,Mixed,"food containing potato, boneless chicken cooking oil, masala, tomato and salt ",,autoclaved at 121 °C for 15 min,Fungal count,Microbial,2,3,fungal count/g,0.7,91,0.7,3,0.00,,,,,,,,,,,,,,,,,,,,,,,,,,,,,,,,,,,,,,,,,
ANM-0107-108,Sodium ascorbate/Green tea axtract/Grape tea extract,0,mg/kg,0,,,,,,,,,,,,,,,,,,,,,,"display cabinet (iluminated with fluorescent light, polystyrene tray and overwrapped with an oxygen permeable polypropylene film",4,Pork,Pork,"70% lean pork meat (M. obliquus, transversus and rectus abdominis) and 30% backfat (50g each)",,,TBARS,Chemical,0.5,2,mg MDA/kg,0.56,1,0.56,3,0.000,1.12,0.280,3,5,3.4,2,1.21,0.710,6.80,1.70,2,,,,,,,,,,,,,,,,,,,,,,,,,,,,,,
ANM-0107-108,Sodium ascorbate,400,mg/kg,0.04,,,,,,,,,,,,,,,,,,,,,,"display cabinet (iluminated with fluorescent light, polystyrene tray and overwrapped with an oxygen permeable polypropylene film",4,Pork,Pork,"70% lean pork meat (M. obliquus, transversus and rectus abdominis) and 30% backfat (50g each)",,,TBARS,Chemical,0.5,2,mg MDA/kg,0.17,5,1.08,2,0.182,2.16,0.540,3,9,2.14,2,1.10,0.265,4.28,1.07,2,,,,,,,,,,,,,,,,,,,,,,,,,,,,,,
ANM-0107-108,Green tea extract,300,mg/kg,0.03,phenol,plant,,,,,,,,,,,,,,,,,,,,"display cabinet (iluminated with fluorescent light, polystyrene tray and overwrapped with an oxygen permeable polypropylene film",4,Pork,Pork,"70% lean pork meat (M. obliquus, transversus and rectus abdominis) and 30% backfat (50g each)",,,TBARS,Chemical,0.5,2,mg MDA/kg,0.07,17,0.12,3,0.003,0.24,0.060,3,,,,,,,,,,,,,,,,,,,,,,,,,,,,,,,,,,,,,,
ANM-0107-108,Grape seed extract,300,mg/kg,0.03,phenol,plant,,,,,,,,,,,,,,,,,,,,"display cabinet (iluminated with fluorescent light, polystyrene tray and overwrapped with an oxygen permeable polypropylene film",4,Pork,Pork,"70% lean pork meat (M. obliquus, transversus and rectus abdominis) and 30% backfat (50g each)",,,TBARS,Chemical,0.5,2,mg MDA/kg,0.09,17,0.21,3,0.007,0.42,0.105,3,,,,,,,,,,,,,,,,,,,,,,,,,,,,,,,,,,,,,,
ANM-0191-192,sodium caseinate/pomegranate peel extract ,0,,0,,,,,,,,,,,,,,,,,,,,,,none,4,beef,beef,50g ground meat,,,TVC,Microbial,5,7,log CFU/g,2.88,3,4.26,2,0.46,0.61,0.61,3,9,9.71,1,0.760,0.908,1.942,1.387,2,,,,,,,,,,,,,,,,,,,,,,,,,,,,,,
ANM-0191-192,sodium caseinate (coating),0,,0,,,,,,,,,,,,,,,,,,,,,used in film formulation,sodium caseinate ,4,beef,beef,50g ground meat,,,TVC,Microbial,5,7,log CFU/g,2.88,3,4.3,2,0.47,0.61,0.61,3,9,9.68,1,0.750,0.897,1.936,1.383,2,,,,,,,,,,,,,,,,,,,,,,,,,,,,,,
ANM-0191-192,sodium caseinate/pomegranate peel extract (coating),250,ppm,0.025,Phenol,plant,,,,,,,,,,,,,,,,,,,used in film formulation,sodium caseinate containing x2 pomegranate peel extract as packaging film,4,beef,beef,50g ground meat,ANM,,TVC,Microbial,5,7,log CFU/g,2.88,3,3.01,2,0.04,0.43,0.43,3,9,7.71,2,0.854,0.783,1.542,1.101,2,,,,,,,,,,,,,,,,,,,,,,,,,,,,,,
ANM-0191-192,sodium caseinate/pomegranate peel extract (commercial),,,0,,,,,,,,,,,,,,,,,,,,,,,4,beef,beef,50g ground meat,,,TVC,Microbial,5,7,log CFU/g,2.88,12,6.21,1,0.28,0.89,0.89,2,-,,,,,,,,,,,,,,,,,,,,,,,,,,,,,,,,,,,,,
ANM-0191-192,sodium caseinate/pomegranate peel extract ,0,,0,,,,,,,,,,,,,,,,,,,,,,none,4,beef,beef,50g ground meat,,,S. aureus,Microbial,2,4,log CFU/g,0.51,9,3.02,1,0.28,0.76,0.76,2,,,,,,,,,,,,,,,,,,,,,,,,,,,,,,,,,,,,,,
ANM-0191-192,sodium caseinate (coating),0,,0,,,,,,,,,,,,,,,,,,,,,used in film formulation,sodium caseinate ,4,beef,beef,50g ground meat,,,S. aureus,Microbial,2,4,log CFU/g,0.51,9,3.21,1,0.30,0.80,0.80,2,,,,,,,,,,,,,,,,,,,,,,,,,,,,,,,,,,,,,,
ANM-0191-192,sodium caseinate/pomegranate peel extract (coating),250,ppm,0.025,phenol,plant,,,,,,,,,,,,,,,,,,,used in film formulation,sodium caseinate containing x2 pomegranate peel extract as packaging film,4,beef,beef,50g ground meat,,,S. aureus,Microbial,2,4,log CFU/g,0.51,12,1.92,3,0.12,0.48,0.48,3,,,,,,,,,,,,,,,,,,,,,,,,,,,,,,,,,,,,,,
ANM-0191-192,sodium caseinate/pomegranate peel extract (commercial),,,0,,,,,,,,,,,,,,,,,,,,,,,4,beef,beef,50g ground meat,,,S. aureus,Microbial,2,4,log CFU/g,0.51,12,1.7,3,0.10,0.43,0.43,3,,,,,,,,,,,,,,,,,,,,,,,,,,,,,,,,,,,,,,
ANM-0199,Lysozyme (no film),,,0,,,,,,,,,,,,,,,,,,,,,,,4,beef,beef,10g ground meat,,,TVC,Microbial,5,7,log CFU/g,5.2,4,4.38,2,-0.21,0.63,0.63,3,6,7.84,2,1.193,1.730,1.568,1.120,2,,,,,,,,,,,,,,,,,,,,,,,,,,,,,,
ANM-0199,Lysozyme (film),,,0,,,,,,,,,,,,,,,,,,,,,,,4,beef,beef,10g ground meat,,,TVC,Microbial,5,7,log CFU/g,5.39,4,5.82,1,0.11,0.83,0.83,2,6,8.02,2,0.919,1.100,1.604,1.146,2,,,,,,,,,,,,,,,,,,,,,,,,,,,,,,
ANM-0199,Lysozyme (film),,,0,,,Na2EDTA,300,μg cm^-2,,,,,,,,,,,,,,,,,,4,beef,beef,10g ground meat,,,TVC,Microbial,5,7,log CFU/g,4.99,6,6.94,1,0.33,0.99,0.99,2,8,6.94,3,0.750,0.000,1.388,0.991,2,,,,,,,,,,,,,,,,,,,,,,,,,,,,,,
ANM-0199,lysozyme (film),700,μg cm^-2,0.07,Protein ,enzyme,Na2EDTA ,300,μg cm^-2,,,,,,,,,,,,,,,,,,4,beef,beef,10g ground meat,ANM,,TVC,Microbial,5,7,log CFU/g,5.09,8,6.9,1,0.23,0.99,0.99,2,,,,,,,,,,,,,,,,,,,,,,,,,,,,,,,,,,,,,,
ANM-0199,Lysozyme (no film),,,0,,,,,,,,,,,,,,,,,,,,,,,4,beef,beef,10g ground meat,,,TCC,Microbial,2,3,log CFU/g,2.6,1,2.6,3,0.00,0.87,0.87,2,4,3.81,3,0.366,0.403,1.905,1.270,2,,,,,,,,,,,,,,,,,,,,,,,,,,,,,,
ANM-0199,Lysozyme (film),,,0,,,,,,,,,,,,,,,,,,,,,,,4,beef,beef,10g ground meat,,,TCC,Microbial,2,3,log CFU/g,2.9,1,2.9,3,0.00,0.97,0.97,2,4,4.35,2,0.375,0.483,2.175,1.450,2,,,,,,,,,,,,,,,,,,,,,,,,,,,,,,
ANM-0199,Lysozyme (film),,,0,,,Na2EDTA,300,μg cm^-2,,,,,,,,,,,,,,,,,,4,beef,beef,10g ground meat,,,TCC,Microbial,2,3,log CFU/g,2.68,1,2.68,3,0.00,0.89,0.89,2,4,3.96,3,0.369,0.427,1.98,1.320,2,,,,,,,,,,,,,,,,,,,,,,,,,,,,,,
ANM-0199,lysozyme (film),700,μg cm^-2,0.07,Protein ,enzyme,Na2EDTA ,300,μg cm^-2,,,,,,,,,,,,,,,,,,4,beef,beef,10g ground meat,ANM,,TCC,Microbial,2,3,log CFU/g,2.6,1,2.6,3,0.00,0.87,0.87,2,4,3.25,3,0.313,0.217,1.625,1.083,2,,,,,,,,,,,,,,,,,,,,,,,,,,,,,,
ANM-0199,Lysozyme (no film),,,0,,,,,,,,,,,,,,,,,,,,,,,4,beef,beef,10g ground meat,,,TBARS,Chemical,0.5,2,mg MDA per kg,4.60,-,, ,,,,,0,4.60,1.00,,,9.20,2.30,1,,,,,,,,,,,,,,,,,,,,,,,,,,,,,,
ANM-0199,Lysozyme (film),,,0,,,,,,,,,,,,,,,,,,,,,,,4,beef,beef,10g ground meat,,,TBARS,Chemical,0.5,2,mg MDA per kg,4.56,-,,,,,,,0,4.56,1.00,,,9.12,2.28,1,,,,,,,,,,,,,,,,,,,,,,,,,,,,,,
ANM-0199,Lysozyme (film),,,0,,,Na2EDTA,300,μg cm^-2,,,,,,,,,,,,,,,,,,4,beef,beef,10g ground meat,,,TBARS,Chemical,0.5,2,mg MDA per kg,3.17,-,,,,,,,0,3.17,2.00,,,6.34,1.59,2,,,,,,,,,,,,,,,,,,,,,,,,,,,,,,
ANM-0199,lysozyme (film),700,μg cm^-2,0.07,Protein ,enzyme,Na2EDTA ,300,μg cm^-2,,,,,,,,,,,,,,,,,,4,beef,beef,10g ground meat,ANM,,TBARS,Chemical,0.5,2,mg MDA per kg,3.23,-,,,,,,,0,3.23,2.00,,,6.46,1.62,2,,,,,,,,,,,,,,,,,,,,,,,,,,,,,,
ANX-0003,sodium chloride,1,%,1,,,,,,,,,,,,,,,,,,,,,,packed in 450-g portions in poly- ethylene tubes (diameter 8 cm) ,-18,beef,beef,frozen minced beef,,,TVC,Microbial,5,7,log CFU/g,5.4,7,5,1,-0.06,0.71,0.71,2,,,,,,,,,,,,,,,,,,,,,,,,,,,,,,,,,,,,,,
ANX-0003,sodium chloride,1,%,1,,,"rehydrated, texturized soy Protein  (4% Protein , 15% water)",19,%,19,,,,,,,,,,,,,,,,packed in 450-g portions in poly- ethylene tubes (diameter 8 cm) ,-18,beef,beef,frozen minced beef,,,TVC,Microbial,5,7,log CFU/g,5.5,7,5.3,1,-0.03,0.76,0.76,2,,,,,,,,,,,,,,,,,,,,,,,,,,,,,,,,,,,,,,
ANX-0003,sodium chloride,1,%,1,,,"rehydrated pea fibre (2% fibre, 17% water)",19,%,19,,,,,,,,,,,,,,,,packed in 450-g portions in poly- ethylene tubes (diameter 8 cm) ,-18,beef,beef,frozen minced beef,,,TVC,Microbial,5,7,log CFU/g,5.2,7,5,1,-0.03,0.71,0.71,2,,,,,,,,,,,,,,,,,,,,,,,,,,,,,,,,,,,,,,
ANX-0003,sodium chloride,1,%,1,,,,,,,,,,,,,,,,,,,,,,packed in 450-g portions in poly- ethylene tubes (diameter 8 cm) ,-18,beef,beef,frozen minced beef,,,TBARS,Chemical,0.5,2,mg MDA per kg,only graph available,,,,,,,,,,,,,,,,,,,,,,,,,,,,,,,,,,,,,,,,,,,,,
ANX-0003,sodium chloride,1,%,1,,,"rehydrated, texturized soy Protein  (4% Protein , 15% water)",19,%,19,,,,,,,,,,,,,,,,packed in 450-g portions in poly- ethylene tubes (diameter 8 cm) ,-18,beef,beef,frozen minced beef,,,TBARS,Chemical,0.5,2,mg MDA per kg,only graph available,,,,,,,,,,,,,,,,,,,,,,,,,,,,,,,,,,,,,,,,,,,,,
ANX-0003,sodium chloride,1,%,1,,,"rehydrated pea fibre (2% fibre, 17% water)",19,%,19,,,,,,,,,,,,,,,,packed in 450-g portions in poly- ethylene tubes (diameter 8 cm) ,-18,beef,beef,frozen minced beef,,,TBARS,Chemical,0.5,2,mg MDA per kg,only graph available,,,,,,,,,,,,,,,,,,,,,,,,,,,,,,,,,,,,,,,,,,,,,
ANX-0005,Ethanolic extract of propolis (EEP),,,0,,,,,,,,,,,,,,,,,,,,,,polyethylene bags,5,beef,beef,fresh oriental sausage,,,Proteolytic fungal count,Microbial,,,log CFU/g,3.77,12,6.39,3,0.22,,,,,,,,,,,,,,,,,,,,,,,,,,,,,,,,,,,,,,,,,
ANX-0005,Ethanolic extract of propolis (EEP),0.6,%/kg,0.6,Phenol,plant,,,,,,,,,,,,,,,,,,,,polyethylene bags,5,beef,beef,fresh oriental sausage,ANM,,Proteolytic fungal count,Microbial,,,log CFU/g,3.77,21,6.47,1,0.13,,,,,,,,,,,,,,,,,,,,,,,,,,,,,,,,,,,,,,,,,
ANX-0005,Ethanolic extract of propolis (EEP),,,0,,,,,,,,,,,,,,,,,,,,,,polyethylene bags,5,beef,beef,fresh oriental sausage,,,Lipolytic fungal count,Microbial,,,log CFU/g,3,12,6,1,0.25,,,,,,,,,,,,,,,,,,,,,,,,,,,,,,,,,,,,,,,,,
ANX-0005,Ethanolic extract of propolis (EEP),0.6,%/kg,0.6,Phenol,plant,,,,,,,,,,,,,,,,,,,,polyethylene bags,5,beef,beef,fresh oriental sausage,ANM,,Lipolytic Fungal count,Microbial,,,log CFU/g,3,21,4,3,0.05,,,,,,,,,,,,,,,,,,,,,,,,,,,,,,,,,,,,,,,,,
ANX-0005,Ethanolic extract of propolis (EEP),,,0,,,,,,,,,,,,,,,,,,,,,,polyethylene bags,5,beef,beef,fresh oriental sausage,,,Fungal count,Microbial,2,3,log CFU/g,3.99,12,6.6,1,,,,,,,,,,,,,,,,,,,,,,,,,,,,,,,,,,,,,,,,,,
ANX-0005,Ethanolic extract of propolis (EEP),0.6,%/kg,0.6,Phenol,plant,,,,,,,,,,,,,,,,,,,,polyethylene bags,5,beef,beef,fresh oriental sausage,ANM,,Fungal count,Microbial,2,3,log CFU/g,3.99,21,6,1,,,,,,,,,,,,,,,,,,,,,,,,,,,,,,,,,,,,,,,,,,
ANX-0005,Ethanolic extract of propolis (EEP),,,0,,,,,,,,,,,,,,,,,,,,,,polyethylene bags,5,beef,beef,fresh oriental sausage,,,TBARS,Chemical,0.5,2,mg MDA per kg,0.23,12,0.74,2,0.043,1.48,0.370,3,,,,,,,,,,,,,,,,,,,,,,,,,,,,,,,,,,,,,,
ANX-0005,Ethanolic extract of propolis (EEP),0.6,%/kg,0.6,Phenol,plant,,,,,,,,,,,,,,,,,,,,polyethylene bags,5,beef,beef,fresh oriental sausage,ANM,,TBARS,Chemical,0.5,2,mg MDA per kg,0.23,18,0.80,2.00,0.032,1.60,0.400,3,21,0.89,3,0.95,0.030,1.78,0.45,3,,,,,,,,,,,,,,,,,,,,,,,,,,,,,,
ANX-0005,Ethanolic extract of propolis (EEP),,,0,,,,,,,,,,,,,,,,,,,,,,polyethylene bags,5,beef,beef,fresh oriental sausage,,,TVBN,Chemical,15,20,mg/100g,9.80,12,19.8,3,0.833,1.32,0.990,2,-,,,,,,,,,,,,,,,,,,,,,,,,,,,,,,,,,,,,,
ANX-0005,Ethanolic extract of propolis (EEP),0.6,%/kg,0.6,Phenol,plant,,,,,,,,,,,,,,,,,,,,polyethylene bags,5,beef,beef,fresh oriental sausage,ANM,,TVBN,Chemical,15,20,mg/100g,9.80,18,16.8,3,0.389,1.12,0.840,2,21,19.3,3,0.98,0.833,1.29,0.97,2,,,,,,,,,,,,,,,,,,,,,,,,,,,,,,
ANX-0008-9,BHT/BHA/tocopherols/rosemary,,,0,,,,,,,,,,,,,,,,,,,,,,polyethylene lined carboard boxes,4,mixed,chicken and pork,frankfurters,,,TPC,Microbial,5,7,log CFU/g,,21,4.92,2,0.23,0.70,0.70,2,-,,,,,,,,,,,,,,,,,,,,,,,,,,,,,,,,,,,,,
ANX-0008-9,Butylated hydroxyanisole(BHA) and butylated hydroxytoluene (BHT) ,0.02,% of the fat level,0.0038,,,,,,,,,,,,,,,,,,,,,,polyethylene lined carboard boxes,4,mixed,chicken and pork,frankfurters,,,TPC,Microbial,5,7,log CFU/g,,21,5.355,2,0.26,0.77,0.77,2,-,,,,,,,,,,,,,,,,,,,,,,,,,,,,,,,,,,,,,
ANX-0008-9,natural tocopherols,0.1,% of the fat level,0.019,Phenol,plant,,,,,,,,,,,,,,,,,,,,polyethylene lined carboard boxes,4,mixed,chicken and pork,frankfurters,ANM,,TPC,Microbial,5,7,log CFU/g,,21,4.81,2,0.23,0.69,0.69,3,-,,,,,,,,,,,,,,,,,,,,,,,,,,,,,,,,,,,,,
ANX-0008-9,extract of rosemary,0.1,% of the fat level,0.019,Phenol,plant,,,,,,,,,,,,,,,,,,,,polyethylene lined carboard boxes,4,mixed,chicken and pork,frankfurters,ANM,,TPC,Microbial,5,7,log CFU/g,,21,4.3,3,0.20,0.61,0.61,3,-,,,,,,,,,,,,,,,,,,,,,,,,,,,,,,,,,,,,,
ANX-0008-9,tocopherols,0.05,% of the fat level,0.0095,Phenol,plant,oleroresin rosemary,0.05,% of the fat level,0.0095,Essential oil,plant,,,,,,,,,,,,,,polyethylene lined carboard boxes,4,mixed,chicken and pork,frankfurters,ANM,,TPC,Microbial,5,7,log CFU/g,,21,4.86,2,0.23,0.69,0.69,3,-,,,,,,,,,,,,,,,,,,,,,,,,,,,,,,,,,,,,,
ANX-0008-9,BHT/BHA/tocopherols/rosemary,,,0,,,,,,,,,,,,,,,,,,,,,vaccum packaging,polyethylene lined carboard boxes,4,mixed,chicken and pork,frankfurters,,,TPC,Microbial,5,7,log CFU/g,,50,6.84,1,0.14,0.98,0.98,2,-,,,,,,,,,,,,,,,,,,,,,,,,,,,,,,,,,,,,,
ANX-0008-9,Butylated hydroxyanisole(BHA) and butylated hydroxytoluene (BHT),0.02,% of the fat level,0.0038,,,,,,,,,,,,,,,,,,,,,vaccum packaging,polyethylene lined carboard boxes,4,mixed,chicken and pork,frankfurters,,,TPC,Microbial,5,7,log CFU/g,,50,6.45,1,0.13,0.92,0.92,2,-,,,,,,,,,,,,,,,,,,,,,,,,,,,,,,,,,,,,,
ANX-0008-9,natural tocopherols,0.1,% of the fat level,0.019,Phenol,plant,,,,,,,,,,,,,,,,,,,vaccum packaging,polyethylene lined carboard boxes,4,mixed,chicken and pork,frankfurters,ANM,,TPC,Microbial,5,7,log CFU/g,,50,6.82,1,0.14,0.97,0.97,2,-,,,,,,,,,,,,,,,,,,,,,,,,,,,,,,,,,,,,,
ANX-0008-9,extract of rosemary,0.1,% of the fat level,0.019,Phenol,plant,,,,,,,,,,,,,,,,,,,vaccum packaging,polyethylene lined carboard boxes,4,mixed,chicken and pork,frankfurters,ANM,,TPC,Microbial,5,7,log CFU/g,,50,6.185,1,0.12,0.88,0.88,2,-,,,,,,,,,,,,,,,,,,,,,,,,,,,,,,,,,,,,,
ANX-0008-9,tocopherols,0.05,% of the fat level,0.0095,Phenol,plant,oleroresin rosemary,0.05,% of the fat level,0.0095,Essential oil,plant,,,,,,,,,,,,,vaccum packaging,polyethylene lined carboard boxes,4,mixed,chicken and pork,frankfurters,ANM,,TPC,Microbial,5,7,log CFU/g,,50,6.605,1,0.13,0.94,0.94,2,-,,,,,,,,,,,,,,,,,,,,,,,,,,,,,,,,,,,,,
ANX-0012-29,Aloe vera/Fenugreek/BHA/BHT/Vitamin E/Ginseng/Mustard/Rosemary/Tea catechin/Sage/Soy protein/Whey protein,-,,0,,,,,,,,,,,,,,,,,,,,,,,4,pork,pork,raw pork patties,,,TBARS,Chemical,0.5,2,mg MDA per kg,0.87,10,0.39,3,-0.048,0.78,0.195,3,,,,,,,,,,,,,,,,,,,,,,,,,,,,,,,,,,,,,,
ANX-0012-29,Aloe vera,0.25,%,0.25,Phenol,plant,,,,,,,,,,,,,,,,,,,,,4,pork,pork,raw pork patties,ANM,,TBARS,Chemical,0.5,2,mg MDA per kg,0.25,1,0.25,3,0.000,0.50,0.125,3,4,1.06,3,1.06,0.270,2.12,0.53,3,,,,,,,,,,,,,,,,,,,,,,,,,,,,,,
ANX-0012-29,Fenugreek,0.01,%,0.01,Phenol,plant,,,,,,,,,,,,,,,,,,,,,4,pork,pork,raw pork patties,ANM,,TBARS,Chemical,0.5,2,mg MDA per kg,0.25,4,0.73,2,0.120,1.46,0.365,3,7,1.04,3,0.81,0.103,2.08,0.52,3,,,,,,,,,,,,,,,,,,,,,,,,,,,,,,
ANX-0012-29,Ginseng,0.25,%,0.25,Phenol,plant,,,,,,,,,,,,,,,,,,,,,4,pork,pork,raw pork patties,ANM,,TBARS,Chemical,0.5,2,mg MDA per kg,0.25,10,0.34,3,0.009,0.68,0.170,3,,,,,,,,,,,,,,,,,,,,,,,,,,,,,,,,,,,,,,
ANX-0012-29,Mustard,0.1,%,0.1,Phenol,plant,,,,,,,,,,,,,,,,,,,,,4,pork,pork,raw pork patties,ANM,,TBARS,Chemical,0.5,2,mg MDA per kg,0.25,4,0.59,3,0.085,1.18,0.295,3,7,1.02,3,0.99,0.143,2.04,0.51,3,,,,,,,,,,,,,,,,,,,,,,,,,,,,,,
ANX-0012-29,Rosemary,0.1,%,0.1,Phenol,plant,,,,,,,,,,,,,,,,,,,,,4,pork,pork,raw pork patties,ANM,,TBARS,Chemical,0.5,2,mg MDA per kg,0.25,7,0.65,3,0.057,1.30,0.325,3,10,0.99,3,1.07,0.113,1.98,0.50,3,,,,,,,,,,,,,,,,,,,,,,,,,,,,,,
ANX-0012-29,Sage,0.05,%,0.05,Phenol,plant,,,,,,,,,,,,,,,,,,,,,4,pork,pork,raw pork patties,ANM,,TBARS,Chemical,0.5,2,mg MDA per kg,0.25,10,0.29,3,0.004,0.58,0.145,3,,,,,,,,,,,,,,,,,,,,,,,,,,,,,,,,,,,,,,
ANX-0012-29,Soya Protein ,0.1,%,0.1,Protein ,plant,,,,,,,,,,,,,,,,,,,,,4,pork,pork,raw pork patties,ANM,,TBARS,Chemical,0.5,2,mg MDA per kg,0.25,10,0.46,3,0.021,0.92,0.230,3,,,,,,,,,,,,,,,,,,,,,,,,,,,,,,,,,,,,,,
ANX-0012-29,Tea catechins,0.25,%,0.25,Phenol,plant,,,,,,,,,,,,,,,,,,,,,4,pork,pork,raw pork patties,ANM,,TBARS,Chemical,0.5,2,mg MDA per kg,0.25,1,0.25,3,0.000,0.50,0.125,3,4,1.08,3,1.08,0.277,2.16,0.54,3,,,,,,,,,,,,,,,,,,,,,,,,,,,,,,
ANX-0012-29,Whey Protein  concentrate,4,%,4,Protein ,plant,,,,,,,,,,,,,,,,,,,,,4,pork,pork,raw pork patties,ANM,,TBARS,Chemical,0.5,2,mg MDA per kg,0.25,10,0.29,3,0.004,0.58,0.145,3,,,,,,,,,,,,,,,,,,,,,,,,,,,,,,,,,,,,,,
ANX-0012-29,BHA/BHT,0.01,%,0.01,,,,,,,,,,,,,,,,,,,,,,,4,pork,pork,raw pork patties,ANM,,TBARS,Chemical,0.5,2,mg MDA per kg,0.25,10,0.76,2,0.051,1.52,0.380,3,,,,,,,,,,,,,,,,,,,,,,,,,,,,,,,,,,,,,,
ANX-0012-29,Vitamin E,1000,mg α-tocopheryl acetate/kg feed,10,Phenol,plant,,,,,,,,,,,,,,,,,,,,,4,pork,pork,raw pork patties,ANM,,TBARS,Chemical,0.5,2,mg MDA per kg,0.25,10,0.27,3,0.002,0.54,0.135,3,,,,,,,,,,,,,,,,,,,,,,,,,,,,,,,,,,,,,,
ANX-0012-29,Aloe vera/Fenugreek/BHA/BHT/Vitamin E/Ginseng/Mustard/Rosemary/Tea catechin/Sage/Soy protein/Whey protein,-,,0,,,,,,,,,,,,,,,,,,,,,,,4,pork,pork,cooked pork patties,,,TBARS,Chemical,0.5,2,mg MDA per kg,0.87,1,0.87,2,0.000,1.74,0.435,3,4,2.84,2,0.82,0.657,5.68,1.42,2,,,,,,,,,,,,,,,,,,,,,,,,,,,,,,
ANX-0012-29,Aloe vera,0.25,%,0.25,Phenol,plant,,,,,,,,,,,,,,,,,,,,,4,pork,pork,cooked pork patties,ANM,,TBARS,Chemical,0.5,2,mg MDA per kg,0.87,1,0.87,2,0.000,1.74,0.435,3,4,2.75,2,0.79,0.627,5.50,1.38,2,,,,,,,,,,,,,,,,,,,,,,,,,,,,,,
ANX-0012-29,Fenugreek,0.01,%,0.01,Phenol,plant,,,,,,,,,,,,,,,,,,,,,4,pork,pork,cooked pork patties,ANM,,TBARS,Chemical,0.5,2,mg MDA per kg,0.87,1,0.87,2,0.000,1.74,0.435,3,4,2.8,2,0.80,0.643,5.60,1.40,2,,,,,,,,,,,,,,,,,,,,,,,,,,,,,,
ANX-0012-29,Ginseng,0.25,%,0.25,Phenol,plant,,,,,,,,,,,,,,,,,,,,,4,pork,pork,cooked pork patties,ANM,,TBARS,Chemical,0.5,2,mg MDA per kg,0.87,1,0.87,2,0.000,1.74,0.435,3,4,2.72,2,0.78,0.617,5.44,1.36,2,,,,,,,,,,,,,,,,,,,,,,,,,,,,,,
ANX-0012-29,Mustard,0.1,%,0.1,Phenol,plant,,,,,,,,,,,,,,,,,,,,,4,pork,pork,cooked pork patties,ANM,,TBARS,Chemical,0.5,2,mg MDA per kg,0.87,1,0.87,2,0.000,1.74,0.435,3,4,4.96,1,1.43,1.363,9.92,2.48,1,,,,,,,,,,,,,,,,,,,,,,,,,,,,,,
ANX-0012-29,Rosemary,0.1,%,0.1,Phenol,plant,,,,,,,,,,,,,,,,,,,,,4,pork,pork,cooked pork patties,ANM,,TBARS,Chemical,0.5,2,mg MDA per kg,0.87,1,0.87,2,0.000,1.74,0.435,3,4,1.57,3,0.45,0.233,3.14,0.79,3,,,,,,,,,,,,,,,,,,,,,,,,,,,,,,
ANX-0012-29,Sage,0.05,%,0.05,Phenol,plant,,,,,,,,,,,,,,,,,,,,,4,pork,pork,cooked pork patties,ANM,,TBARS,Chemical,0.5,2,mg MDA per kg,0.87,1,0.87,2,0.000,1.74,0.435,3,4,3.06,2,0.88,0.730,6.12,1.53,2,,,,,,,,,,,,,,,,,,,,,,,,,,,,,,
ANX-0012-29,Soya Protein ,0.1,%,0.1,Protein ,plant,,,,,,,,,,,,,,,,,,,,,4,pork,pork,cooked pork patties,ANM,,TBARS,Chemical,0.5,2,mg MDA per kg,0.87,1,0.87,2,0.000,1.74,0.435,3,4,5.1,1,1.47,1.410,10.20,2.55,1,,,,,,,,,,,,,,,,,,,,,,,,,,,,,,
ANX-0012-29,Tea catechins,0.25,%,0.25,Phenol,plant,,,,,,,,,,,,,,,,,,,,,4,pork,pork,cooked pork patties,ANM,,TBARS,Chemical,0.5,2,mg MDA per kg,0.87,10,0.79,2,-0.008,1.58,0.395,3,,,,,,,,,,,,,,,,,,,,,,,,,,,,,,,,,,,,,,
ANX-0012-29,Whey Protein  concentrate,4,%,4,Protein ,plant,,,,,,,,,,,,,,,,,,,,,4,pork,pork,cooked pork patties,ANM,,TBARS,Chemical,0.5,2,mg MDA per kg,0.87,1,0.87,2,0.000,1.74,0.435,3,4,1.27,3,0.36,0.133,2.54,0.64,3,,,,,,,,,,,,,,,,,,,,,,,,,,,,,,
ANX-0012-29,BHA/BHT,0.01,%,0.01,,,,,,,,,,,,,,,,,,,,,,,4,pork,pork,cooked pork patties,ANM,,TBARS,Chemical,0.5,2,mg MDA per kg,0.87,1,0.87,2,0.000,1.74,0.435,3,4,2.13,2,0.61,0.420,4.26,1.07,2,,,,,,,,,,,,,,,,,,,,,,,,,,,,,,
ANX-0012-29,Vitamin E,1000,mg α-tocopheryl acetate/kg feed,10,Phenol,plant,,,,,,,,,,,,,,,,,,,,,4,pork,pork,cooked pork patties,ANM,,TBARS,Chemical,0.5,2,mg MDA per kg,0.60,1,0.60,3,0.000,1.20,0.300,3,4,2.82,2,1.18,0.740,5.64,1.41,2,,,,,,,,,,,,,,,,,,,,,,,,,,,,,,
ANX-0045-49,Grape/Cinnamon/Clove/Oregano extract,,,0,,,,,,,,,,,,,,,,,,,,,,aeorobic,20,pork,pork,fresh pork,,,TBARS,Chemical,0.5,2,mg MDA per kg,0.72,9,1.42,1,0.078,2.84,0.710,2,,,,,,,,,,,,,,,,,,,,,,,,,,,,,,,,,,,,,,
ANX-0045-49,Cinnamon stick extract,,,2,Phenol,plant,,,,,,,,,,,,,,,,,,,,aeorobic,20,pork,pork,fresh pork,,,TBARS,Chemical,0.5,2,mg MDA per kg,0.72,9,0.88,2,0.018,1.76,0.440,3,,,,,,,,,,,,,,,,,,,,,,,,,,,,,,,,,,,,,,
ANX-0045-49,Oregano extract,,,2,Phenol,plant,,,,,,,,,,,,,,,,,,,,aeorobic,20,pork,pork,fresh pork,,,TBARS,Chemical,0.5,2,mg MDA per kg,0.72,9,0.88,2,0.018,1.76,0.440,3,,,,,,,,,,,,,,,,,,,,,,,,,,,,,,,,,,,,,,
ANX-0045-49,Clove extract,,,2,Phenol,plant,,,,,,,,,,,,,,,,,,,,aeorobic,20,pork,pork,fresh pork,,,TBARS,Chemical,0.5,2,mg MDA per kg,0.72,9,0.88,2,0.018,1.76,0.440,3,,,,,,,,,,,,,,,,,,,,,,,,,,,,,,,,,,,,,,
ANX-0045-49,Pomegranate peel extract,,,2,Phenol,plant,,,,,,,,,,,,,,,,,,,,aeorobic,20,pork,pork,fresh pork,,,TBARS,Chemical,0.5,2,mg MDA per kg,0.72,9,0.88,2,0.018,1.76,0.440,3,,,,,,,,,,,,,,,,,,,,,,,,,,,,,,,,,,,,,,
ANX-0045-49,Grape seed extract,,,2,Phenol,plant,,,,,,,,,,,,,,,,,,,,aeorobic,20,pork,pork,fresh pork,,,TBARS,Chemical,0.5,2,mg MDA per kg,0.72,9,0.88,2,0.018,1.76,0.440,3,,,,,,,,,,,,,,,,,,,,,,,,,,,,,,,,,,,,,,
ANX-0053-54,No ingredient,-,,0,,,,,,,,,,,,,,,,,,,,,,,4,beef,beef,cooked ground beef,,,TBARS,Chemical,0.5,2,mg MDA per kg,2.41,-,,,,,,,1,2.41,2,,,,,,,,,,,,,,,,,,,,,,,,,,,,,,,,,,,
ANX-0053-54,ActiVin,0.02,%,0.02,,,,,,,,,,,,,,,,,,,,,,,4,beef,beef,cooked ground beef,,,TBARS,Chemical,0.5,2,mg MDA per kg,,1,1.31,1,1.310,2.62,0.655,3,4,2.47,2,0.47,0.387,4.94,1.24,2,,,,,,,,,,,,,,,,,,,,,,,,,,,,,,
ANX-0053-54,BHA,0.01,%,0.01,,,BHT,0.01,%,0.01,,,,,,,,,,,,,,,,,4,beef,beef,cooked ground beef,,,TBARS,Chemical,0.5,2,mg MDA per kg,1.18,4,1.24,1,0.015,2.48,0.620,3,,,,,,,,,,,,,,,,,,,,,,,,,,,,,,,,,,,,,,
ANX-0053-54,Pycnogenol,0.02,%,0.02,,,,,,,,,,,,,,,,,,,,,,,4,beef,beef,cooked ground beef,,,TBARS,Chemical,0.5,2,mg MDA per kg,2.29,-,,,,,,,1,2.29,2,,,,,,,,,,,,,,,,,,,,,,,,,,,,,,,,,,,
ANX-0053-54,Roremary,0.02,%,0.02,,,,,,,,,,,,,,,,,,,,,,,4,beef,beef,cooked ground beef,,,TBARS,Chemical,0.5,2,mg MDA per kg,1.57,1,1.57,1,0.000,3.14,0.785,2,2,3.13,2,1.00,1.560,6.26,1.57,2,,,,,,,,,,,,,,,,,,,,,,,,,,,,,,
ANX-0053-54,STPP,0.02,%,0.02,,,,,,,,,,,,,,,,,,,,,,,4,beef,beef,cooked ground beef,,,TBARS,Chemical,0.5,2,mg MDA per kg,2.38,,,,,,,,1,2.38,2,,,,,,,,,,,,,,,,,,,,,,,,,,,,,,,,,,,
ANX-0053-54,α-tocopherol,0.02,%,0.02,,,,,,,,,,,,,,,,,,,,,,,4,beef,beef,cooked ground beef,,,TBARS,Chemical,0.5,2,mg MDA per kg,1.62,1,1.62,1,0.000,3.24,0.810,2,2,2.45,2,0.76,0.830,4.90,1.23,2,,,,,,,,,,,,,,,,,,,,,,,,,,,,,,
ANX-0053-54,Control,-,,0,,,,,,,,,,,,,,,,,,,,,,,4,beef,beef,cooked ground beef,,,Hexanal content (HC),Chemical,1,5.9,ppm,0.59,4,2.77,1,0.545,2.77,0.469,3,,,,,,,,,,,,,,,,,,,,,,,,,,,,,,,,,,,,,,
ANX-0053-54,ActiVin,0.02,%,0.02,,,,,,,,,,,,,,,,,,,,,,,4,beef,beef,cooked ground beef,,,Hexanal content (HC),Chemical,1,5.9,ppm,0.15,4,0.79,3,0.160,0.79,0.134,3,,,,,,,,,,,,,,,,,,,,,,,,,,,,,,,,,,,,,,
ANX-0053-54,BHA,0.01,%,0.02,,,BHT,0.01,%,0.01,,,,,,,,,,,,,,,,,4,beef,beef,cooked ground beef,,,Hexanal content (HC),Chemical,1,5.9,ppm,0.06,4,0.17,3,0.028,0.17,0.029,3,,,,,,,,,,,,,,,,,,,,,,,,,,,,,,,,,,,,,,
ANX-0053-54,Pycnogenol,0.02,%,0.02,,,,,,,,,,,,,,,,,,,,,,,4,beef,beef,cooked ground beef,,,Hexanal content (HC),Chemical,1,5.9,ppm,0.19,4,1.53,2,0.335,1.53,0.259,3,,,,,,,,,,,,,,,,,,,,,,,,,,,,,,,,,,,,,,
ANX-0053-54,Roremary,0.02,%,0.02,Phenol,plant,,,,,,,,,,,,,,,,,,,,,4,beef,beef,cooked ground beef,ANM,,Hexanal content (HC),Chemical,1,5.9,ppm,0.17,4,1.36,2,0.298,1.36,0.231,3,,,,,,,,,,,,,,,,,,,,,,,,,,,,,,,,,,,,,,
ANX-0053-54,STPP,0.02,%,0.02,,,,,,,,,,,,,,,,,,,,,,,4,beef,beef,cooked ground beef,,,Hexanal content (HC),Chemical,1,5.9,ppm,0.26,4,1.64,2,0.345,1.64,0.278,3,,,,,,,,,,,,,,,,,,,,,,,,,,,,,,,,,,,,,,
ANX-0053-54,α-tocopherol,0.02,%,0.02,Phenol,plant,,,,,,,,,,,,,,,,,,,,,4,beef,beef,cooked ground beef,ANM,,Hexanal content (HC),Chemical,1,5.9,ppm,0.08,4,0.91,3,0.208,0.91,0.154,3,,,,,,,,,,,,,,,,,,,,,,,,,,,,,,,,,,,,,,
ANX-0053-54,control,-,,0,,,,,,,,,,,,,,,,,,,,,,,4,beef,beef,cooked ground beef,,,TBARS,Chemical,0.5,2,mg MDA per kg,1.85,1,1.85,1,0.000,3.70,0.925,2,2,3.56,2,0.96,1.710,7.12,1.78,2,,,,,,,,,,,,,,,,,,,,,,,,,,,,,,
ANX-0053-54,ActiVin,0.05,%,0.05,Anthocyanins,plant,,,,,,,,,,,,,,,,,,,,,4,beef,beef,cooked ground beef,ANM,,TBARS,Chemical,0.5,2,mg MDA per kg,1.45,4,1.88,1,0.108,3.76,0.940,2,-,,,,,,,,,,,,,,,,,,,,,,,,,,,,,,,,,,,,,
ANX-0053-54,ActiVin,0.1,%,0.1,Anthocyanins,plant,,,,,,,,,,,,,,,,,,,,,4,beef,beef,cooked ground beef,ANM,,TBARS,Chemical,0.5,2,mg MDA per kg,1.36,4,1.35,1,-0.003,2.70,0.675,3,-,,,,,,,,,,,,,,,,,,,,,,,,,,,,,,,,,,,,,
ANX-0053-54,BHA,0.01,%,0.01,,,BHT,0.01,%,0.01,,,,,,,,,,,,,,,,,4,beef,beef,cooked ground beef,,,TBARS,Chemical,0.5,2,mg MDA per kg,1.57,4,1.5,1,-0.018,3.00,0.750,2,-,,,,,,,,,,,,,,,,,,,,,,,,,,,,,,,,,,,,,
ANX-0053-55,Pycnogenol,0.05,%,0.05,Anthocyanins,plant,,,,,,,,,,,,,,,,,,,,,4,beef,beef,cooked ground beef,ANM,,TBARS,Chemical,0.5,2,mg MDA per kg,1.47,3,1.95,1,0.160,3.90,0.975,2,4,2.31,2,0.89,0.360,4.62,1.16,2,,,,,,,,,,,,,,,,,,,,,,,,,,,,,,
ANX-0053-56,Pycnogenol,0.1,%,0.1,Anthocyanins,plant,,,,,,,,,,,,,,,,,,,,,4,beef,beef,cooked ground beef,ANM,,TBARS,Chemical,0.5,2,mg MDA per kg,1.41,4,1.58,1,0.043,3.16,0.790,2,,,,,,,,,,,,,,,,,,,,,,,,,,,,,,,,,,,,,,
ANX-0053-57,Roremary,0.05,%,0.05,Phenol,plant,,,,,,,,,,,,,,,,,,,,,4,beef,beef,cooked ground beef,ANM,,TBARS,Chemical,0.5,2,mg MDA per kg,1.55,1,1.55,1,0.000,3.10,0.775,2,2,2.5,2,0.81,0.950,5.00,1.25,2,,,,,,,,,,,,,,,,,,,,,,,,,,,,,,
ANX-0053-58,Roremary,0.1,%,0.1,Phenol,plant,,,,,,,,,,,,,,,,,,,,,4,beef,beef,cooked ground beef,ANM,,TBARS,Chemical,0.5,2,mg MDA per kg,1.38,1,1.38,1,0.000,2.76,0.690,3,2,2.2,2,0.80,0.820,4.40,1.10,2,,,,,,,,,,,,,,,,,,,,,,,,,,,,,,
ANX-0053-59,α-tocopherol,0.05,%,0.05,Phenol,plant,,,,,,,,,,,,,,,,,,,,,4,beef,beef,cooked ground beef,ANM,,TBARS,Chemical,0.5,2,mg MDA per kg,1.71,1,1.71,1,0.000,3.42,0.855,2,2,3.55,2,1.04,1.840,7.10,1.78,2,,,,,,,,,,,,,,,,,,,,,,,,,,,,,,
ANX-0053-60,α-tocopherol,0.1,%,0.1,Phenol,plant,,,,,,,,,,,,,,,,,,,,,4,beef,beef,cooked ground beef,ANM,,TBARS,Chemical,0.5,2,mg MDA per kg,1.69,1,1.69,1,0.000,3.38,0.845,2,2,2.2,2,0.65,0.510,4.40,1.10,2,,,,,,,,,,,,,,,,,,,,,,,,,,,,,,
ANX-0053-54,control,-,,0,,,,,,,,,,,,,,,,,,,,,,,4,beef,beef,cooked ground beef,,,Hexanal content (HC),Chemical,1,5.9,ppm,0.14,4,2.9,1,0.690,2.90,0.492,3,,,,,,,,,,,,,,,,,,,,,,,,,,,,,,,,,,,,,,
ANX-0053-54,ActiVin,0.05,%,0.05,Anthocyanins,plant,,,,,,,,,,,,,,,,,,,,,4,beef,beef,cooked ground beef,ANM,,Hexanal content (HC),Chemical,1,5.9,ppm,0.04,4,0.22,3,0.045,0.22,0.037,3,,,,,,,,,,,,,,,,,,,,,,,,,,,,,,,,,,,,,,
ANX-0053-54,ActiVin,0.1,%,0.1,Anthocyanins,plant,,,,,,,,,,,,,,,,,,,,,4,beef,beef,cooked ground beef,ANM,,Hexanal content (HC),Chemical,1,5.9,ppm,0.04,4,0.08,3,0.010,0.08,0.014,3,,,,,,,,,,,,,,,,,,,,,,,,,,,,,,,,,,,,,,
ANX-0053-54,BHA,0.01,%,0.01,,,BHT,0.01,%,0.01,,,,,,,,,,,,,,,,,4,beef,beef,cooked ground beef,,,Hexanal content (HC),Chemical,1,5.9,ppm,0.05,4,0.08,3,0.008,0.08,0.014,3,,,,,,,,,,,,,,,,,,,,,,,,,,,,,,,,,,,,,,
ANX-0053-55,Pycnogenol,0.05,%,0.05,Anthocyanins,plant,,,,,,,,,,,,,,,,,,,,,4,beef,beef,cooked ground beef,ANM,,Hexanal content (HC),Chemical,1,5.9,ppm,0.06,4,0.64,3,0.145,0.64,0.108,3,,,,,,,,,,,,,,,,,,,,,,,,,,,,,,,,,,,,,,
ANX-0053-56,Pycnogenol,0.1,%,0.1,Anthocyanins,plant,,,,,,,,,,,,,,,,,,,,,4,beef,beef,cooked ground beef,ANM,,Hexanal content (HC),Chemical,1,5.9,ppm,0.04,4,0.18,3,0.035,0.18,0.031,3,,,,,,,,,,,,,,,,,,,,,,,,,,,,,,,,,,,,,,
ANX-0053-57,Roremary,0.05,%,0.05,Phenol,plant,,,,,,,,,,,,,,,,,,,,,4,beef,beef,cooked ground beef,ANM,,Hexanal content (HC),Chemical,1,5.9,ppm,0.07,4,1.09,2,0.255,1.09,0.185,3,,,,,,,,,,,,,,,,,,,,,,,,,,,,,,,,,,,,,,
ANX-0053-58,Roremary,0.1,%,0.1,Phenol,plant,,,,,,,,,,,,,,,,,,,,,4,beef,beef,cooked ground beef,ANM,,Hexanal content (HC),Chemical,1,5.9,ppm,0.06,4,0.77,3,0.178,0.77,0.131,3,,,,,,,,,,,,,,,,,,,,,,,,,,,,,,,,,,,,,,
ANX-0053-59,α-tocopherol,0.05,%,0.05,Phenol,plant,,,,,,,,,,,,,,,,,,,,,4,beef,beef,cooked ground beef,ANM,,Hexanal content (HC),Chemical,1,5.9,ppm,0.12,4,1.68,2,0.390,1.68,0.285,3,,,,,,,,,,,,,,,,,,,,,,,,,,,,,,,,,,,,,,
ANX-0053-60,α-tocopherol,0.1,%,0.1,Phenol,plant,,,,,,,,,,,,,,,,,,,,,4,beef,beef,cooked ground beef,ANM,,Hexanal content (HC),Chemical,1,5.9,ppm,0.12,4,1.63,2,0.378,1.63,0.276,3,,,,,,,,,,,,,,,,,,,,,,,,,,,,,,,,,,,,,,
ANX-0056,Phenol extract from olive oil mill wastewater,,,0,,,,,,,,,,,,,,,,,,,,,,,4,lard,Lard,,,,PV,Chemical,5,10,meq O2/kg,2.10,60,9,1,0.115,1.80,0.900,2,,,,,,,,,,,,,,,,,,,,,,,,,,,,,,,,,,,,,,
ANX-0056,Phenol extract from olive oil mill wastewater,275,mg/kg,0.0275,Essential oil,plant,,,,,,,,,,,,,,,,,,,,,4,lard,Lard,,ANM,,PV,Chemical,5,10,meq O2/kg,2.10,60,2.8,3,0.012,0.56,0.280,3,,,,,,,,,,,,,,,,,,,,,,,,,,,,,,,,,,,,,,
ANX-0056,Phenol extract from olive oil mill wastewater,,,0,,,,,,,,,,,,,,,,,,,,,,,4,lard,Lard,,,,Spectrophotometric indicies E232,Chemical,,,,2.40,30,2.61,,,,,,60,0.24,,0.05,,,,,,,,,,,,,,,,,,,,,,,,,,,,,,,,,,
ANX-0056,Phenol extract from olive oil mill wastewater,275,mg/kg,0.0275,Essential oil,plant,,,,,,,,,,,,,,,,,,,,,4,lard,Lard,,ANM,,Spectrophotometric indicies E232,Chemical,,,,2.40,30,2.67,,,,,,60,0.16,,0.03,,,,,,,,,,,,,,,,,,,,,,,,,,,,,,,,,,
ANX-0056,Phenol extract from olive oil mill wastewater,,,0,,,,,,,,,,,,,,,,,,,,,,,4,lard,Lard,,,,Spectrophotometric indicies E270,Chemical,,,,0.10,30,2.58,,,,,,60,0.17,,0.03,,,,,,,,,,,,,,,,,,,,,,,,,,,,,,,,,,
ANX-0056,Phenol extract from olive oil mill wastewater,275,mg/kg,0.0275,Essential oil,plant,,,,,,,,,,,,,,,,,,,,,4,lard,Lard,,ANM,,Spectrophotometric indicies E270,Chemical,,,,0.10,30,2.61,,,,,,60,0.19,,0.04,,,,,,,,,,,,,,,,,,,,,,,,,,,,,,,,,,
ANX-0075,Rosemary (no cooking),,,0,,,,,,,,,,,,,,,,,,,,,,,20,pork,Pork,ground pork meat,,,TBARS,Chemical,5,2,mg MDA/kg,0.18,4,0.86,2,0.170,0.17,0.430,3,7,1.28,3,0.85,0.140,0.26,0.64,3,,,,,,,,,,,,,,,,,,,,,,,,,,,,,,
ANX-0075,Rosemary (pre-cooking),,,0,,,,,,,,,,,,,,,,,,,,,,,20,pork,Pork,ground pork meat,,precooking with a frying pan for 2 min at 200c,TBARS,Chemical,5,2,mg MDA/kg,0.59,-,,,,,,,1,1.02,3,,,,,,,,,,,,,,,,,,,,,,,,,,,,,,,,,,,
ANX-0075,Rosemary (precooking),0.5,g/kg fat,0.0225,Phenol,plant,,,,,,,,,,,,,,,,,,,,,20,pork,Pork,ground pork meat,ANM,precooking with a frying pan for 2 min at 200c,TBARS,Chemical,5,2,mg MDA/kg,0.13,13,0.5,3,0.028,0.10,0.250,3,,,,,,,,,,,,,,,,,,,,,,,,,,,,,,,,,,,,,,
ANX-0075,Rosemary (no cooking),,,0,,,,,,,,,,,,,,,,,,,,,,,20,pork,Pork,ground pork meat,,no precooking,TBARS,Chemical,5,2,mg MDA/kg,0.18,14,0.73,2,0.039,0.15,0.365,3,28,0.13,3,0.09,-0.043,0.03,0.07,3,,,,,,,,,,,,,,,,,,,,,,,,,,,,,,
ANX-0075,Rosemary (pre-cooking),,,0,,,,,,,,,,,,,,,,,,,,,,,20,pork,Pork,ground pork meat,,precooking on industrial line for 4 min at 200c,TBARS,Chemical,5,2,mg MDA/kg,0.33,28,0.75,2,0.015,0.15,0.375,3,56,1.24,3,0.83,0.018,0.25,0.62,3,,,,,,,,,,,,,,,,,,,,,,,,,,,,,,
ANX-0075,Rosemary (precooking),0.5,g/kg fat,0.0225,Phenol,plant,,,,,,,,,,,,,,,,,,,,,20,pork,Pork,ground pork meat,ANM,precooking on industrial line for 4 min at 200c,TBARS,Chemical,5,2,mg MDA/kg,0.31,56,0.63,3,0.006,0.13,0.315,3,-,,,,,,,,,,,,,,,,,,,,,,,,,,,,,,,,,,,,,
ANX-0075,Rosemary (postcooking),1.5,g/kg fat,0.0675,Phenol,plant,,,,,,,,,,,,,,,,,,,,,20,pork,Pork,ground pork meat,ANM,precooking on industrial line for 4 min at 200c,TBARS,Chemical,5,2,mg MDA/kg,0.33,56,0.54,3,0.004,0.11,0.270,3,-,,,,,,,,,,,,,,,,,,,,,,,,,,,,,,,,,,,,,
ANX-0104,potato peel water extract,,,0,,,,,,,,,,,,,,,,,,,,,,,5,horse mackerel,horse mackerel,minced,,,PV,Chemical,5,10,meq/kg,0.50,4,3.45,2,0.369,0.69,0.345,3,,,,,,,,,,,,,,,,,,,,,,,,,,,,,,,,,,,,,,
ANX-0104,potato peel water extract,2.4,g/kg,0.24,Phenol,plant,,,,,,,,,,,,,,,,,,,,,5,horse mackerel,horse mackerel,minced,ANM,,PV,Chemical,5,10,meq/kg,0.50,4,5.78,2,0.660,1.16,0.578,3,,,,,,,,,,,,,,,,,,,,,,,,,,,,,,,,,,,,,,
ANX-0104,potato peel water extract,4.8,g/kg,0.48,Phenol,plant,,,,,,,,,,,,,,,,,,,,,5,horse mackerel,horse mackerel,minced,ANM,,PV,Chemical,5,10,meq/kg,0.50,4,5.78,2,0.660,1.16,0.578,3,,,,,,,,,,,,,,,,,,,,,,,,,,,,,,,,,,,,,,
ANX-0104,potato peel ethanol extract,2.4,g/kg,0.24,Phenol,plant,,,,,,,,,,,,,,,,,,,,,5,horse mackerel,horse mackerel,minced,ANM,,PV,Chemical,5,10,meq/kg,0.50,4,0.58,3,0.010,0.12,0.058,3,,,,,,,,,,,,,,,,,,,,,,,,,,,,,,,,,,,,,,
ANX-0104,potato peel ethanol extract,4.8,g/kg,0.48,Phenol,plant,,,,,,,,,,,,,,,,,,,,,5,horse mackerel,horse mackerel,minced,ANM,,PV,Chemical,5,10,meq/kg,0.50,4,0.41,3,-0.011,0.08,0.041,3,,,,,,,,,,,,,,,,,,,,,,,,,,,,,,,,,,,,,,
ANX-0114,Thyme leaves extract,0,ppm,0,,,,,,,,,,,,,,,,,,,,,,"placed on plastic foam meat trays, wrapped with polyethylene film",4,lamb,Lamb,Minced,,,TPC,Microbial,5,7,log CFU/g,4.79,5,5.63,2,0.17,1.13,0.80,2,9,6.75,1,0.666,0.280,1.35,0.964,2,,,,,,,,,,,,,,,,,,,,,,,,,,,,,,
ANX-0114,Thyme leaves extract,250,ppm,0.025,Phenol,plant,,,,,,,,,,,,,,,,,,,,"placed on plastic foam meat trays, wrapped with polyethylene film",4,lamb,Lamb,Minced,ANM,,TPC,Microbial,5,7,log CFU/g,4.52,5,5.43,2,0.18,1.09,0.78,2,9,6.23,3,0.637,0.200,1.246,0.890,3,,,,,,,,,,,,,,,,,,,,,,,,,,,,,,
ANX-0114,Thyme leaves extract,500,ppm,0.05,Phenol,plant,,,,,,,,,,,,,,,,,,,,"placed on plastic foam meat trays, wrapped with polyethylene film",4,lamb,Lamb,Minced,ANM,,TPC,Microbial,5,7,log CFU/g,4.49,5,5.4,2,0.18,1.08,0.77,2,9,6.18,3,0.636,0.195,1.236,0.883,3,,,,,,,,,,,,,,,,,,,,,,,,,,,,,,
ANX-0114,Thyme leaves extract,1000,ppm,0.1,Phenol,plant,,,,,,,,,,,,,,,,,,,,"placed on plastic foam meat trays, wrapped with polyethylene film",4,lamb,Lamb,Minced,ANM,,TPC,Microbial,5,7,log CFU/g,4.52,5,5.34,2,0.16,1.07,0.76,2,9,6.2,3,0.645,0.215,1.24,0.886,3,,,,,,,,,,,,,,,,,,,,,,,,,,,,,,
ANX-0114,Thyme leaves extract,0,ppm,0,,,,,,,,,,,,,,,,,,,,,,"placed on plastic foam meat trays, wrapped with polyethylene film",4,chicken,Chicken,Minced,,,TPC,Microbial,5,7,log CFU/g,5.92,5,5.96,1,0.01,1.19,0.85,2,9,6.11,3,0.570,0.038,1.222,0.873,3,,,,,,,,,,,,,,,,,,,,,,,,,,,,,,
ANX-0114,Thyme leaves extract,250,ppm,0.025,Phenol,plant,,,,,,,,,,,,,,,,,,,,"placed on plastic foam meat trays, wrapped with polyethylene film",4,chicken,Chicken,Minced,ANM,,TPC,Microbial,5,7,log CFU/g,5.63,5,5.67,2,0.01,1.13,0.81,2,9,6,3,0.588,0.083,1.2,0.857,3,,,,,,,,,,,,,,,,,,,,,,,,,,,,,,
ANX-0114,Thyme leaves extract,500,ppm,0.05,Phenol,plant,,,,,,,,,,,,,,,,,,,,"placed on plastic foam meat trays, wrapped with polyethylene film",4,chicken,Chicken,Minced,ANM,,TPC,Microbial,5,7,log CFU/g,5.4,9,5.54,2,0.02,1.11,0.79,2,13,6.41,2,0.801,0.218,1.282,0.916,3,,,,,,,,,,,,,,,,,,,,,,,,,,,,,,
ANX-0114,Thyme leaves extract,1000,ppm,0.1,Phenol,plant,,,,,,,,,,,,,,,,,,,,"placed on plastic foam meat trays, wrapped with polyethylene film",4,chicken,Chicken,Minced,ANM,,TPC,Microbial,5,7,log CFU/g,5.56,9,5.57,2,0.00,1.11,0.80,2,13,6.65,3,0.827,0.270,1.33,0.950,2,,,,,,,,,,,,,,,,,,,,,,,,,,,,,,
ANX-0114,Thyme leaves extract,0,ppm,0,,,,,,,,,,,,,,,,,,,,,,"placed on plastic foam meat trays, wrapped with polyethylene film",4,lamb,Lamb,Minced,,,PSY,Microbial,5,7,log CFU/g,4.63,5,5.59,1,0.19,1.12,0.80,2,9,6.69,3,0.665,0.275,1.338,0.956,2,,,,,,,,,,,,,,,,,,,,,,,,,,,,,,
ANX-0114,Thyme leaves extract,250,ppm,0.025,Phenol,plant,,,,,,,,,,,,,,,,,,,,"placed on plastic foam meat trays, wrapped with polyethylene film",4,lamb,Lamb,Minced,ANM,,PSY,Microbial,5,7,log CFU/g,4.47,5,5.36,2,0.18,1.07,0.77,2,9,6.18,3,0.641,0.205,1.236,0.883,3,,,,,,,,,,,,,,,,,,,,,,,,,,,,,,
ANX-0114,Thyme leaves extract,500,ppm,0.05,Phenol,plant,,,,,,,,,,,,,,,,,,,,"placed on plastic foam meat trays, wrapped with polyethylene film",4,lamb,Lamb,Minced,ANM,,PSY,Microbial,5,7,log CFU/g,4.45,5,5.32,2,0.17,1.06,0.76,2,9,6.11,3,0.638,0.198,1.222,0.873,3,,,,,,,,,,,,,,,,,,,,,,,,,,,,,,
ANX-0114,Thyme leaves extract,1000,ppm,0.1,Phenol,plant,,,,,,,,,,,,,,,,,,,,"placed on plastic foam meat trays, wrapped with polyethylene film",4,lamb,Lamb,Minced,ANM,,PSY,Microbial,5,7,log CFU/g,4.49,5,5.41,2,0.18,1.08,0.77,2,9,6.11,3,0.627,0.175,1.222,0.873,3,,,,,,,,,,,,,,,,,,,,,,,,,,,,,,
ANX-0114,Thyme leaves extract,0,ppm,0,,,,,,,,,,,,,,,,,,,,,,"placed on plastic foam meat trays, wrapped with polyethylene film",4,chicken,Chicken,Minced,,,PSY,Microbial,5,7,log CFU/g,5.79,9,5.85,1,0.01,1.17,0.84,2,13,6.97,3,0.825,0.280,1.394,0.996,2,,,,,,,,,,,,,,,,,,,,,,,,,,,,,,
ANX-0114,Thyme leaves extract,250,ppm,0.025,Phenol,plant,,,,,,,,,,,,,,,,,,,,"placed on plastic foam meat trays, wrapped with polyethylene film",4,chicken,Chicken,Minced,ANM,,PSY,Microbial,5,7,log CFU/g,5.49,9,5.68,1,0.02,1.14,0.81,2,13,6.74,3,0.822,0.265,1.348,0.963,2,,,,,,,,,,,,,,,,,,,,,,,,,,,,,,
ANX-0114,Thyme leaves extract,500,ppm,0.05,Phenol,plant,,,,,,,,,,,,,,,,,,,,"placed on plastic foam meat trays, wrapped with polyethylene film",4,chicken,Chicken,Minced,ANM,,PSY,Microbial,5,7,log CFU/g,5.34,9,5.4,2,0.01,1.08,0.77,2,13,6.41,3,0.822,0.253,1.282,0.916,3,,,,,,,,,,,,,,,,,,,,,,,,,,,,,,
ANX-0114,Thyme leaves extract,1000,ppm,0.1,Phenol,plant,,,,,,,,,,,,,,,,,,,,"placed on plastic foam meat trays, wrapped with polyethylene film",4,chicken,Chicken,Minced,ANM,,PSY,Microbial,5,7,log CFU/g,5.51,9,5.4,2,-0.01,1.08,0.77,2,13,6.57,3,0.842,0.293,1.314,0.939,3,,,,,,,,,,,,,,,,,,,,,,,,,,,,,,
ANX-0114,Thyme leaves extract,0,ppm,0,,,,,,,,,,,,,,,,,,,,,,"placed on plastic foam meat trays, wrapped with polyethylene film",4,lamb,Lamb,Minced,,,TCC,Microbial,2,3,log CFU/g,3.11,,,,,,,,1,3.11,3,,,,,,,,,,,,,,,,,,,,,,,,,,,,,,,,,,,
ANX-0114,Thyme leaves extract,250,ppm,0.025,Phenol,plant,,,,,,,,,,,,,,,,,,,,"placed on plastic foam meat trays, wrapped with polyethylene film",4,lamb,Lamb,Minced,ANM,,TCC,Microbial,2,3,log CFU/g,2.57,1,2.57,3,0.00,0.86,0.86,2,4,3.54,3,0.344,0.323,1.77,1.180,2,,,,,,,,,,,,,,,,,,,,,,,,,,,,,,
ANX-0114,Thyme leaves extract,500,ppm,0.05,Phenol,plant,,,,,,,,,,,,,,,,,,,,"placed on plastic foam meat trays, wrapped with polyethylene film",4,lamb,Lamb,Minced,ANM,,TCC,Microbial,2,3,log CFU/g,2.49,1,2.49,3,0.00,0.83,0.83,2,4,3.74,3,0.376,0.417,1.87,1.247,2,,,,,,,,,,,,,,,,,,,,,,,,,,,,,,
ANX-0114,Thyme leaves extract,1000,ppm,0.1,Phenol,plant,,,,,,,,,,,,,,,,,,,,"placed on plastic foam meat trays, wrapped with polyethylene film",4,lamb,Lamb,Minced,ANM,,TCC,Microbial,2,3,log CFU/g,2.78,1,2.78,3,0.00,0.93,0.93,2,4,3.72,3,0.335,0.313,1.86,1.240,2,,,,,,,,,,,,,,,,,,,,,,,,,,,,,,
ANX-0114,Thyme leaves extract,0,ppm,0,,,,,,,,,,,,,,,,,,,,,,"placed on plastic foam meat trays, wrapped with polyethylene film",4,chicken,Chicken,Minced,,,TCC,Microbial,2,3,log CFU/g,4.32,,,,,,,,1,4.32,2,,,,,,,,,,,,,,,,,,,,,,,,,,,,,,,,,,,
ANX-0114,Thyme leaves extract,250,ppm,0.025,Phenol,plant,,,,,,,,,,,,,,,,,,,,"placed on plastic foam meat trays, wrapped with polyethylene film",4,chicken,Chicken,Minced,ANM,,TCC,Microbial,2,3,log CFU/g,4.04,,,,,,,,1,4.04,3,,,,,,,,,,,,,,,,,,,,,,,,,,,,,,,,,,,
ANX-0114,Thyme leaves extract,500,ppm,0.05,Phenol,plant,,,,,,,,,,,,,,,,,,,,"placed on plastic foam meat trays, wrapped with polyethylene film",4,chicken,Chicken,Minced,ANM,,TCC,Microbial,2,3,log CFU/g,4,,,,,,,,1,4,3,,,,,,,,,,,,,,,,,,,,,,,,,,,,,,,,,,,
ANX-0114,Thyme leaves extract,1000,ppm,0.1,Phenol,plant,,,,,,,,,,,,,,,,,,,,"placed on plastic foam meat trays, wrapped with polyethylene film",4,chicken,Chicken,Minced,ANM,,TCC,Microbial,2,3,log CFU/g,4.08,,,,,,,,1,4.08,3,,,,,,,,,,,,,,,,,,,,,,,,,,,,,,,,,,,
ANX-0114,Thyme leaves extract,0,ppm,0,,,,,,,,,,,,,,,,,,,,,,"placed on plastic foam meat trays, wrapped with polyethylene film",4,lamb,Lamb,Minced,,,TBARS,Chemical,0.5,2,mg MDA/kg,0.20,1,0.197,3,0.000,0.39,0.099,3,4,3.43,2,4.35,1.078,6.86,1.72,2,,,,,,,,,,,,,,,,,,,,,,,,,,,,,,
ANX-0114,Thyme leaves extract,250,ppm,0.025,Phenol,plant,,,,,,,,,,,,,,,,,,,,"placed on plastic foam meat trays, wrapped with polyethylene film",4,lamb,Lamb,Minced,ANM,,TBARS,Chemical,0.5,2,mg MDA/kg,0.22,4,0.543,3,0.040,1.09,0.272,3,8,1.359,3,1.25,0.204,2.72,0.68,3,,,,,,,,,,,,,,,,,,,,,,,,,,,,,,
ANX-0114,Thyme leaves extract,500,ppm,0.05,Phenol,plant,,,,,,,,,,,,,,,,,,,,"placed on plastic foam meat trays, wrapped with polyethylene film",4,lamb,Lamb,Minced,ANM,,TBARS,Chemical,0.5,2,mg MDA/kg,0.34,4,0.548,3,0.026,1.10,0.274,3,8,1.058,3,0.97,0.128,2.12,0.53,3,,,,,,,,,,,,,,,,,,,,,,,,,,,,,,
ANX-0114,Thyme leaves extract,1000,ppm,0.1,Phenol,plant,,,,,,,,,,,,,,,,,,,,"placed on plastic foam meat trays, wrapped with polyethylene film",4,lamb,Lamb,Minced,ANM,,TBARS,Chemical,0.5,2,mg MDA/kg,0.30,4,0.595,3,0.037,1.19,0.298,3,8,1.123,3,0.94,0.132,2.25,0.56,3,,,,,,,,,,,,,,,,,,,,,,,,,,,,,,
ANX-0114,Thyme leaves extract,0,ppm,0,,,,,,,,,,,,,,,,,,,,,,"placed on plastic foam meat trays, wrapped with polyethylene film",4,chicken,Chicken,Minced,,,TBARS,Chemical,0.5,2,mg MDA/kg,0.65,8,0.899,2,0.016,1.80,0.450,3,12,1,3,0.74,0.025,2.00,0.50,3,,,,,,,,,,,,,,,,,,,,,,,,,,,,,,
ANX-0114,Thyme leaves extract,250,ppm,0.025,Phenol,plant,,,,,,,,,,,,,,,,,,,,"placed on plastic foam meat trays, wrapped with polyethylene film",4,chicken,Chicken,Minced,ANM,,TBARS,Chemical,0.5,2,mg MDA/kg,0.74,12,0.899,2,0.007,1.80,0.450,3,-,,,,,,,,,,,,,,,,,,,,,,,,,,,,,,,,,,,,,
ANX-0114,Thyme leaves extract,500,ppm,0.05,Phenol,plant,,,,,,,,,,,,,,,,,,,,"placed on plastic foam meat trays, wrapped with polyethylene film",4,chicken,Chicken,Minced,ANM,,TBARS,Chemical,0.5,2,mg MDA/kg,0.65,12,0.805,2,0.007,1.61,0.403,3,-,,,,,,,,,,,,,,,,,,,,,,,,,,,,,,,,,,,,,
ANX-0114,Thyme leaves extract,1000,ppm,0.1,Phenol,plant,,,,,,,,,,,,,,,,,,,,"placed on plastic foam meat trays, wrapped with polyethylene film",4,chicken,Chicken,Minced,ANM,,TBARS,Chemical,0.5,2,mg MDA/kg,0.71,12,0.85,2,0.006,1.70,0.425,3,-,,,,,,,,,,,,,,,,,,,,,,,,,,,,,,,,,,,,,
ANX-0125,galangal/BHT/α-tocopherol,-,,0,,,,,,,,,,,,,,,,,,,,,,"plastic tray, covered",4,beef,Beef,"Minced, raw",,,TPC,Microbial,5,7,log CFU/g,5.97,3,6.67,1,0.23,0.95,0.95,2,5,,,,,,,,,,,,,,,,,,,,,,,,,,,,,,,,,,,,,
ANX-0125,galangal,10,% w/w,10,Phenol,plant,,,,,,,,,,,,,,,,,,,,"plastic tray, covered",4,beef,Beef,"Minced, raw",ANM,,TPC,Microbial,5,7,log CFU/g,5.91,3,6.71,1,0.27,0.96,0.96,2,5,,,,,,,,,,,,,,,,,,,,,,,,,,,,,,,,,,,,,
ANX-0125,BHT,0.02,% w/w,0.02,,,,,,,,,,,,,,,,,,,,,,"plastic tray, covered",4,beef,Beef,"Minced, raw",,,TPC,Microbial,5,7,log CFU/g,5.88,3,6.84,1,0.32,0.98,0.98,2,5,,,,,,,,,,,,,,,,,,,,,,,,,,,,,,,,,,,,,
ANX-0125,α-tocopherol,0.1,% w/w,0.1,Phenol,plant,,,,,,,,,,,,,,,,,,,,"plastic tray, covered",4,beef,Beef,"Minced, raw",ANM,,TPC,Microbial,5,7,log CFU/g,5.76,3,6.91,1,0.38,0.99,0.99,2,5,,,,,,,,,,,,,,,,,,,,,,,,,,,,,,,,,,,,,
ANX-0125,galangal/BHT/α-tocopherol,-,,0,,,,,,,,,,,,,,,,,,,,,,"plastic tray, covered",4,beef,Beef,"Minced, cooked",,cooked,TPC,Microbial,5,7,log CFU/g,5.97,7,6.21,1,0.03,0.89,0.89,2,-,,,,,,,,,,,,,,,,,,,,,,,,,,,,,,,,,,,,,
ANX-0125,galangal,10,% w/w,10,Phenol,plant,,,,,,,,,,,,,,,,,,,,"plastic tray, covered",4,beef,Beef,"Minced, cooked",ANM,cooked,TPC,Microbial,5,7,log CFU/g,5.91,7,5.51,2,-0.06,0.79,0.79,2,-,,,,,,,,,,,,,,,,,,,,,,,,,,,,,,,,,,,,,
ANX-0125,BHT,0.02,% w/w,0.02,,,,,,,,,,,,,,,,,,,,,,"plastic tray, covered",4,beef,Beef,"Minced, cooked",,cooked,TPC,Microbial,5,7,log CFU/g,5.88,7,5.48,2,-0.06,0.78,0.78,2,-,,,,,,,,,,,,,,,,,,,,,,,,,,,,,,,,,,,,,
ANX-0125,α-tocopherol,0.1,% w/w,0.1,Phenol,plant,,,,,,,,,,,,,,,,,,,,"plastic tray, covered",4,beef,Beef,"Minced, cooked",ANM,cooked,TPC,Microbial,5,7,log CFU/g,5.76,7,6.09,1,0.05,0.87,0.87,2,-,,,,,,,,,,,,,,,,,,,,,,,,,,,,,,,,,,,,,
ANX-0135,sodium erythorbate/lyophilized bee pollen,,,0,,,,,,,,,,,,,,,,,,,,,,"tuffed into natural pork casings, packed in plastic bags",4,pork,Pork,Pork meat sausage,,,TBARS,Chemical,0.5,2,mg MDA/kg,2.44,,,,,,,,5,2.41,2,,,,,,,,,,,,,,,,,,,,,,,,,,,,,,,,,,,
ANX-0135,sodium erythorbate,0.2,%,0.2,,,,,,,,,,,,,,,,,,,,,,"tuffed into natural pork casings, packed in plastic bags",4,pork,Pork,Pork meat sausage,,,TBARS,Chemical,0.5,2,mg MDA/kg,0.77,5,0.73,2,-0.004,1.46,0.365,3,10,3.52,2,2.41,0.558,7.04,1.76,2,,,,,,,,,,,,,,,,,,,,,,,,,,,,,,
ANX-0135,lyophilized bee pollen,0.2,%,0.2,Phenol,other natural sources,,,,,,,,,,,,,,,,,,,,"tuffed into natural pork casings, packed in plastic bags",4,pork,Pork,Pork meat sausage,ANM,,TBARS,Chemical,0.5,2,mg MDA/kg,0.67,,,,,,,,5,2.19,2,,,,,,,,,,,,,,,,,,,,,,,,,,,,,,,,,,,
ANX-0170,honeybush extract/nitrate,,,0,,,,,,,,,,,,,,,,,,,,,,,21-14,pork,Pork,typical italian salami,,,Weight loss,Chemical,,,%,,,,,,,,,35,35.7,,,,,,,,,,,,,,,,,,,,,,,,,,,,,,,,,,,,
ANX-0170,nitrate,100,mg/kg,0.01,,,,,,,,,,,,,,,,,,,,,,,21-14,pork,Pork,typical italian salami,,,Weight loss,Chemical,,,%,,,,,,,,,35,35.5,,,,,,,,,,,,,,,,,,,,,,,,,,,,,,,,,,,,
ANX-0170,unfermented honeybush extract,0.5,%,0.5,Phenol,plant,,,,,,,,,,,,,,,,,,,,,21-14,pork,Pork,typical italian salami,ANM,,Weight loss,Chemical,,,%,,,,,,,,,35,35,,,,,,,,,,,,,,,,,,,,,,,,,,,,,,,,,,,,
ANX-0170,honeybush extract/nitrate,,,0,,,,,,,,,,,,,,,,,,,,,,,21-14,pork,Pork,typical italian salami,,,Aw,Chemical,,,,,35,0.923,,,,,,,,,,,,,,,,,,,,,,,,,,,,,,,,,,,,,,,,,,,
ANX-0170,nitrate,100,mg/kg,0.01,,,,,,,,,,,,,,,,,,,,,,,21-14,pork,Pork,typical italian salami,,,Aw,Chemical,,,,,35,0.935,,,,,,,,,,,,,,,,,,,,,,,,,,,,,,,,,,,,,,,,,,,
ANX-0170,unfermented honeybush extract,0.5,%,0.5,Phenol,plant,,,,,,,,,,,,,,,,,,,,,21-14,pork,Pork,typical italian salami,ANM,,Aw,Chemical,,,,,35,0.928,,,,,,,,,,,,,,,,,,,,,,,,,,,,,,,,,,,,,,,,,,,
ANX-0170,honeybush extract/nitrate,,,0,,,,,,,,,,,,,,,,,,,,,,,21-14,pork,Pork,typical italian salami,,,TBARS,Chemical,0.5,2,mg MDA/kg,-,-,,,,,,,35,1.34,3,,,2.68,0.67,3,,,,,,,,,,,,,,,,,,,,,,,,,,,,,,
ANX-0170,nitrate,100,mg/kg,0.01,,,,,,,,,,,,,,,,,,,,,,,21-14,pork,Pork,typical italian salami,,,TBARS,Chemical,0.5,2,mg MDA/kg,-,35,0.41,2,,0.82,0.205,3,-,,,,,,,,,,,,,,,,,,,,,,,,,,,,,,,,,,,,,
ANX-0170,unfermented honeybush extract,0.5,%,0.5,Phenol,plant,,,,,,,,,,,,,,,,,,,,,21-14,pork,Pork,typical italian salami,ANM,,TBARS,Chemical,0.5,2,mg MDA/kg,-,35,0.48,2,,0.96,0.240,3,-,,,,,,,,,,,,,,,,,,,,,,,,,,,,,,,,,,,,,
ANX-0220-221,quinoa seeds/quinoa wet milling coproducts,,,0,,,,,,,,,,,,,,,,,,,,,,vacuum-packed in low-density polyethylene bags,4,pork,pork,Bologna-Type Sausages,,,TBARS,Chemical,0.5,2,mg MDA/kg,0.44,21,0.68,2,0.006,1.36,0.340,3,-,,,,,,,,,,,,,,,,,,,,,,,,,,,,,,,,,,,,,
ANX-0220-221,black quinoa seeds,2.5,%,2.5,Phenol,plant,,,,,,,,,,,,,,,,,,,,vacuum-packed in low-density polyethylene bags,4,pork,pork,Bologna-Type Sausages,ANM+MAP,,TBARS,Chemical,0.5,2,mg MDA/kg,0.22,21,0.3,2,0.002,0.60,0.150,3,-,,,,,,,,,,,,,,,,,,,,,,,,,,,,,,,,,,,,,
ANX-0220-221,Black Quinoa Wet-Milling Coproducts,2.5,%,2.5,fiber,plant,,,,,,,,,,,,,,,,,,,,vacuum-packed in low-density polyethylene bags,4,pork,pork,Bologna-Type Sausages,ANM+MAP,,TBARS,Chemical,0.5,2,mg MDA/kg,0.30,21,0.38,2,0.002,0.76,0.190,3,-,,,,,,,,,,,,,,,,,,,,,,,,,,,,,,,,,,,,,
ANX-0220-221,black quinoa seeds,2.5,%,2.5,Phenol,plant,,,,,,,,,,,,,,,,,,,,vacuum-packed in low-density polyethylene bags,4,pork,pork,Bologna-Type Sausages,ANM+MAP,,ΔE,Chemical,,,,1.07,21,0.31,,,,,,,,,,,,,,,,,,,,,,,,,,,,,,,,,,,,,,,,,,,
ANX-0220-221,Black Quinoa Wet-Milling Coproducts,2.5,%,2.5,fiber,plant,,,,,,,,,,,,,,,,,,,,vacuum-packed in low-density polyethylene bags,4,pork,pork,Bologna-Type Sausages,ANM+MAP,,ΔE,Chemical,,,,6.71,21,0.24,,,,,,,,,,,,,,,,,,,,,,,,,,,,,,,,,,,,,,,,,,,
ANX-0245,dry drumstick flower (Moringa oleifera L.),,,0,,,,,,,,,,,,,,,,,,,,,,LDPE pouches,4,goat,Goat,goat nuggets,,,TPC,Microbial,5,7,log CFU/g,2.6,16,3.9,3,0.08,0.56,0.56,3,,,,,,,,,,,,,,,,,,,,,,,,,,,,,,,,,,,,,,
ANX-0245,dry drumstick flower (Moringa oleifera L.),1,%,1,Phenol,plant ,,,,,,,,,,,,,,,,,,,,LDPE pouches,4,goat,Goat,goat nuggets,ANM,,TPC,Microbial,5,7,log CFU/g,2.6,16,3.9,3,0.08,0.56,0.56,3,,,,,,,,,,,,,,,,,,,,,,,,,,,,,,,,,,,,,,
ANX-0245,dry drumstick flower (Moringa oleifera L.),2,%,2,Phenol,plant ,,,,,,,,,,,,,,,,,,,,LDPE pouches,4,goat,Goat,goat nuggets,ANM,,TPC,Microbial,5,7,log CFU/g,2.6,16,3.7,3,0.07,0.53,0.53,3,,,,,,,,,,,,,,,,,,,,,,,,,,,,,,,,,,,,,,
ANX-0245,dry drumstick flower (Moringa oleifera L.),,,0,,,,,,,,,,,,,,,,,,,,,,LDPE pouches,4,goat,Goat,goat nuggets,,,TBARS,Chemical,0.5,2,mg MDA/kg,0.20,16,0.9,2,0.022,1.80,0.450,3,,,,,,,,,,,,,,,,,,,,,,,,,,,,,,,,,,,,,,
ANX-0245,dry drumstick flower (Moringa oleifera L.),1,%,1,Phenol,plant ,,,,,,,,,,,,,,,,,,,,LDPE pouches,4,goat,Goat,goat nuggets,ANM,,TBARS,Chemical,0.5,2,mg MDA/kg,0.20,16,0.8,2,0.019,1.60,0.400,3,,,,,,,,,,,,,,,,,,,,,,,,,,,,,,,,,,,,,,
ANX-0245,dry drumstick flower (Moringa oleifera L.),2,%,2,Phenol,plant ,,,,,,,,,,,,,,,,,,,,LDPE pouches,4,goat,Goat,goat nuggets,ANM,,TBARS,Chemical,0.5,2,mg MDA/kg,0.20,16,0.7,1,0.016,1.40,0.350,3,,,,,,,,,,,,,,,,,,,,,,,,,,,,,,,,,,,,,,
ANX-0254,cranberry pomace extracts,,,0,,,,,,,,,,,,,,,,,,,,,,trays were packed using modified atmosphere,"4c, 8c after d7",pork,Pork,Pork meat hamburgers,,,TBARS,,0.5,2,mg MDA/kg,0.35,13,0.944,2,0.023,1.89,0.472,3,16,1.394,3,1.20,0.150,2.79,0.70,3,,,,,,,,,,,,,,,,,,,,,,,,,,,,,,
ANX-0254,cranberry pomace extracts,2,%,2,Anthocyanins,plant,,,,,,,,,,,,,,,,,,,,trays were packed using modified atmosphere,"4c, 8c after d8",pork,Pork,Pork meat hamburgers,ANM+MAP,,TBARS,,0.5,2,mg MDA/kg,0.06,16,0.206,3,0.004,0.41,0.103,3,-,,,,,,,,,,,,,,,,,,,,,,,,,,,,,,,,,,,,,
ANX-0294,cacao bean husk powder,0,%,0,,,,,,,,,,,,,,,,,,,,,,,4,pork,Pork,Pork sausage,,,TPC,Microbial,5,7,log CFU/g,3.17,7,4.18,3,0.14,0.60,0.60,3,,,,,,,,,,,,,,,,,,,,,,,,,,,,,,,,,,,,,,
ANX-0294,cacao bean husk powder,0.25,%,0.25,Protein  AA,plant,,,,,,,,,,,,,,,,,,,,,4,pork,Pork,Pork sausage,ANM,,TPC,Microbial,5,7,log CFU/g,3.23,7,4.23,3,0.14,0.60,0.60,3,,,,,,,,,,,,,,,,,,,,,,,,,,,,,,,,,,,,,,
ANX-0294,cacao bean husk powder,0.5,%,0.5,Protein  AA,plant,,,,,,,,,,,,,,,,,,,,,4,pork,Pork,Pork sausage,ANM,,TPC,Microbial,5,7,log CFU/g,3.25,7,4.24,3,0.14,0.61,0.61,3,,,,,,,,,,,,,,,,,,,,,,,,,,,,,,,,,,,,,,
ANX-0294,cacao bean husk powder,0.75,%,0.75,Protein  AA,plant,,,,,,,,,,,,,,,,,,,,,4,pork,Pork,Pork sausage,ANM,,TPC,Microbial,5,7,log CFU/g,3.23,7,4.29,3,0.15,0.61,0.61,3,,,,,,,,,,,,,,,,,,,,,,,,,,,,,,,,,,,,,,
ANX-0294,cacao bean husk powder,1,%,1,Protein  AA,plant,,,,,,,,,,,,,,,,,,,,,4,pork,Pork,Pork sausage,ANM,,TPC,Microbial,5,7,log CFU/g,3.28,7,4.34,3,0.15,0.62,0.62,3,,,,,,,,,,,,,,,,,,,,,,,,,,,,,,,,,,,,,,
ANX-0294,cacao bean husk powder,2,%,2,Protein  AA,plant,,,,,,,,,,,,,,,,,,,,,4,pork,Pork,Pork sausage,ANM,,TPC,Microbial,5,7,log CFU/g,3.27,7,4.35,3,0.15,0.62,0.62,3,,,,,,,,,,,,,,,,,,,,,,,,,,,,,,,,,,,,,,
ANX-0294,cacao bean husk powder,0,%,0,,,,,,,,,,,,,,,,,,,,,,,4,pork,Pork,Pork sausage,,,TBARS,Chemical ,0.5,2,mg MDA/kg,0.79,1,0.79,2,0.000,1.58,0.395,3,4,1.15,3,0.36,0.120,2.30,0.58,3,,,,,,,,,,,,,,,,,,,,,,,,,,,,,,
ANX-0294,cacao bean husk powder,0.25,%,0.25,Protein  AA,plant,,,,,,,,,,,,,,,,,,,,,4,pork,Pork,Pork sausage,ANM,,TBARS,Chemical ,0.5,2,mg MDA/kg,0.46,8,0.53,3,0.004,1.06,0.265,3,-,,,,,,,,,,,,,,,,,,,,,,,,,,,,,,,,,,,,,
ANX-0294,cacao bean husk powder,0.5,%,0.5,Protein  AA,plant,,,,,,,,,,,,,,,,,,,,,4,pork,Pork,Pork sausage,ANM,,TBARS,Chemical ,0.5,2,mg MDA/kg,0.37,8,0.44,3,0.004,0.88,0.220,3,-,,,,,,,,,,,,,,,,,,,,,,,,,,,,,,,,,,,,,
ANX-0294,cacao bean husk powder,0.75,%,0.75,Protein  AA,plant,,,,,,,,,,,,,,,,,,,,,4,pork,Pork,Pork sausage,ANM,,TBARS,Chemical ,0.5,2,mg MDA/kg,0.22,8,0.3,3,0.005,0.60,0.150,3,-,,,,,,,,,,,,,,,,,,,,,,,,,,,,,,,,,,,,,
ANX-0294,cacao bean husk powder,1,%,1,Protein  AA,plant,,,,,,,,,,,,,,,,,,,,,4,pork,Pork,Pork sausage,ANM,,TBARS,Chemical ,0.5,2,mg MDA/kg,0.19,8,0.25,3,0.004,0.50,0.125,3,-,,,,,,,,,,,,,,,,,,,,,,,,,,,,,,,,,,,,,
ANX-0294,cacao bean husk powder,2,%,2,Protein  AA,plant,,,,,,,,,,,,,,,,,,,,,4,pork,Pork,Pork sausage,ANM,,TBARS,Chemical ,0.5,2,mg MDA/kg,0.17,8,0.2,3,0.002,0.40,0.100,3,-,,,,,,,,,,,,,,,,,,,,,,,,,,,,,,,,,,,,,
,,,,,,,,,,,,,,,,,,,,,,,,,,,,,,,,,,,,,,,,,,,,,,,,,,,,,,,,,,,,,,,,,,,,,,,,,,,,,,,,,,,
,,,,,,,,,,,,,,,,,,,,,,,,,,,,,,,,,,,,,,,,,,,,,,,,,,,,,,,,,,,,,,,,,,,,,,,,,,,,,,,,,,,
,,,,,,,,,,,,,,,,,,,,,,,,,,,,,,,,,,,,,,,,,,,,,,,,,,,,,,,,,,,,,,,,,,,,,,,,,,,,,,,,,,,
,,,,,,,,,,,,,,,,,,,,,,,,,,,,,,,,,,,,,,,,,,,,,,,,,,,,,,,,,,,,,,,,,,,,,,,,,,,,,,,,,,,
,,,,,,,,,,,,,,,,,,,,,,,,,,,,,,,,,,,,,,,,,,,,,,,,,,,,,,,,,,,,,,,,,,,,,,,,,,,,,,,,,,,
,,,,,,,,,,,,,,,,,,,,,,,,,,,,,,,,,,,,,,,,,,,,,,,,,,,,,,,,,,,,,,,,,,,,,,,,,,,,,,,,,,,
,,,,,,,,,,,,,,,,,,,,,,,,,,,,,,,,,,,,,,,,,,,,,,,,,,,,,,,,,,,,,,,,,,,,,,,,,,,,,,,,,,,
,,,,,,,,,,,,,,,,,,,,,,,,,,,,,,,,,,,,,,,,,,,,,,,,,,,,,,,,,,,,,,,,,,,,,,,,,,,,,,,,,,,
,,,,,,,,,,,,,,,,,,,,,,,,,,,,,,,,,,,,,,,,,,,,,,,,,,,,,,,,,,,,,,,,,,,,,,,,,,,,,,,,,,,
,,,,,,,,,,,,,,,,,,,,,,,,,,,,,,,,,,,,,,,,,,,,,,,,,,,,,,,,,,,,,,,,,,,,,,,,,,,,,,,,,,,
,,,,,,,,,,,,,,,,,,,,,,,,,,,,,,,,,,,,,,,,,,,,,,,,,,,,,,,,,,,,,,,,,,,,,,,,,,,,,,,,,,,
,,,,,,,,,,,,,,,,,,,,,,,,,,,,,,,,,,,,,,,,,,,,,,,,,,,,,,,,,,,,,,,,,,,,,,,,,,,,,,,,,,,
,,,,,,,,,,,,,,,,,,,,,,,,,,,,,,,,,,,,,,,,,,,,,,,,,,,,,,,,,,,,,,,,,,,,,,,,,,,,,,,,,,,
,,,,,,,,,,,,,,,,,,,,,,,,,,,,,,,,,,,,,,,,,,,,,,,,,,,,,,,,,,,,,,,,,,,,,,,,,,,,,,,,,,,
,,,,,,,,,,,,,,,,,,,,,,,,,,,,,,,,,,,,,,,,,,,,,,,,,,,,,,,,,,,,,,,,,,,,,,,,,,,,,,,,,,,
,,,,,,,,,,,,,,,,,,,,,,,,,,,,,,,,,,,,,,,,,,,,,,,,,,,,,,,,,,,,,,,,,,,,,,,,,,,,,,,,,,,
,,,,,,,,,,,,,,,,,,,,,,,,,,,,,,,,,,,,,,,,,,,,,,,,,,,,,,,,,,,,,,,,,,,,,,,,,,,,,,,,,,,
,,,,,,,,,,,,,,,,,,,,,,,,,,,,,,,,,,,,,,,,,,,,,,,,,,,,,,,,,,,,,,,,,,,,,,,,,,,,,,,,,,,
,,,,,,,,,,,,,,,,,,,,,,,,,,,,,,,,,,,,,,,,,,,,,,,,,,,,,,,,,,,,,,,,,,,,,,,,,,,,,,,,,,,
,,,,,,,,,,,,,,,,,,,,,,,,,,,,,,,,,,,,,,,,,,,,,,,,,,,,,,,,,,,,,,,,,,,,,,,,,,,,,,,,,,,
,,,,,,,,,,,,,,,,,,,,,,,,,,,,,,,,,,,,,,,,,,,,,,,,,,,,,,,,,,,,,,,,,,,,,,,,,,,,,,,,,,,
,,,,,,,,,,,,,,,,,,,,,,,,,,,,,,,,,,,,,,,,,,,,,,,,,,,,,,,,,,,,,,,,,,,,,,,,,,,,,,,,,,,
,,,,,,,,,,,,,,,,,,,,,,,,,,,,,,,,,,,,,,,,,,,,,,,,,,,,,,,,,,,,,,,,,,,,,,,,,,,,,,,,,,,
,,,,,,,,,,,,,,,,,,,,,,,,,,,,,,,,,,,,,,,,,,,,,,,,,,,,,,,,,,,,,,,,,,,,,,,,,,,,,,,,,,,
,,,,,,,,,,,,,,,,,,,,,,,,,,,,,,,,,,,,,,,,,,,,,,,,,,,,,,,,,,,,,,,,,,,,,,,,,,,,,,,,,,,
,,,,,,,,,,,,,,,,,,,,,,,,,,,,,,,,,,,,,,,,,,,,,,,,,,,,,,,,,,,,,,,,,,,,,,,,,,,,,,,,,,,
,,,,,,,,,,,,,,,,,,,,,,,,,,,,,,,,,,,,,,,,,,,,,,,,,,,,,,,,,,,,,,,,,,,,,,,,,,,,,,,,,,,
,,,,,,,,,,,,,,,,,,,,,,,,,,,,,,,,,,,,,,,,,,,,,,,,,,,,,,,,,,,,,,,,,,,,,,,,,,,,,,,,,,,
,,,,,,,,,,,,,,,,,,,,,,,,,,,,,,,,,,,,,,,,,,,,,,,,,,,,,,,,,,,,,,,,,,,,,,,,,,,,,,,,,,,
,,,,,,,,,,,,,,,,,,,,,,,,,,,,,,,,,,,,,,,,,,,,,,,,,,,,,,,,,,,,,,,,,,,,,,,,,,,,,,,,,,,
,,,,,,,,,,,,,,,,,,,,,,,,,,,,,,,,,,,,,,,,,,,,,,,,,,,,,,,,,,,,,,,,,,,,,,,,,,,,,,,,,,,
,,,,,,,,,,,,,,,,,,,,,,,,,,,,,,,,,,,,,,,,,,,,,,,,,,,,,,,,,,,,,,,,,,,,,,,,,,,,,,,,,,,
,,,,,,,,,,,,,,,,,,,,,,,,,,,,,,,,,,,,,,,,,,,,,,,,,,,,,,,,,,,,,,,,,,,,,,,,,,,,,,,,,,,
,,,,,,,,,,,,,,,,,,,,,,,,,,,,,,,,,,,,,,,,,,,,,,,,,,,,,,,,,,,,,,,,,,,,,,,,,,,,,,,,,,,
,,,,,,,,,,,,,,,,,,,,,,,,,,,,,,,,,,,,,,,,,,,,,,,,,,,,,,,,,,,,,,,,,,,,,,,,,,,,,,,,,,,
,,,,,,,,,,,,,,,,,,,,,,,,,,,,,,,,,,,,,,,,,,,,,,,,,,,,,,,,,,,,,,,,,,,,,,,,,,,,,,,,,,,
,,,,,,,,,,,,,,,,,,,,,,,,,,,,,,,,,,,,,,,,,,,,,,,,,,,,,,,,,,,,,,,,,,,,,,,,,,,,,,,,,,,
,,,,,,,,,,,,,,,,,,,,,,,,,,,,,,,,,,,,,,,,,,,,,,,,,,,,,,,,,,,,,,,,,,,,,,,,,,,,,,,,,,,
,,,,,,,,,,,,,,,,,,,,,,,,,,,,,,,,,,,,,,,,,,,,,,,,,,,,,,,,,,,,,,,,,,,,,,,,,,,,,,,,,,,
,,,,,,,,,,,,,,,,,,,,,,,,,,,,,,,,,,,,,,,,,,,,,,,,,,,,,,,,,,,,,,,,,,,,,,,,,,,,,,,,,,,
,,,,,,,,,,,,,,,,,,,,,,,,,,,,,,,,,,,,,,,,,,,,,,,,,,,,,,,,,,,,,,,,,,,,,,,,,,,,,,,,,,,
,,,,,,,,,,,,,,,,,,,,,,,,,,,,,,,,,,,,,,,,,,,,,,,,,,,,,,,,,,,,,,,,,,,,,,,,,,,,,,,,,,,
,,,,,,,,,,,,,,,,,,,,,,,,,,,,,,,,,,,,,,,,,,,,,,,,,,,,,,,,,,,,,,,,,,,,,,,,,,,,,,,,,,,
,,,,,,,,,,,,,,,,,,,,,,,,,,,,,,,,,,,,,,,,,,,,,,,,,,,,,,,,,,,,,,,,,,,,,,,,,,,,,,,,,,,
,,,,,,,,,,,,,,,,,,,,,,,,,,,,,,,,,,,,,,,,,,,,,,,,,,,,,,,,,,,,,,,,,,,,,,,,,,,,,,,,,,,
,,,,,,,,,,,,,,,,,,,,,,,,,,,,,,,,,,,,,,,,,,,,,,,,,,,,,,,,,,,,,,,,,,,,,,,,,,,,,,,,,,,
,,,,,,,,,,,,,,,,,,,,,,,,,,,,,,,,,,,,,,,,,,,,,,,,,,,,,,,,,,,,,,,,,,,,,,,,,,,,,,,,,,,
,,,,,,,,,,,,,,,,,,,,,,,,,,,,,,,,,,,,,,,,,,,,,,,,,,,,,,,,,,,,,,,,,,,,,,,,,,,,,,,,,,,
,,,,,,,,,,,,,,,,,,,,,,,,,,,,,,,,,,,,,,,,,,,,,,,,,,,,,,,,,,,,,,,,,,,,,,,,,,,,,,,,,,,
,,,,,,,,,,,,,,,,,,,,,,,,,,,,,,,,,,,,,,,,,,,,,,,,,,,,,,,,,,,,,,,,,,,,,,,,,,,,,,,,,,,
,,,,,,,,,,,,,,,,,,,,,,,,,,,,,,,,,,,,,,,,,,,,,,,,,,,,,,,,,,,,,,,,,,,,,,,,,,,,,,,,,,,
,,,,,,,,,,,,,,,,,,,,,,,,,,,,,,,,,,,,,,,,,,,,,,,,,,,,,,,,,,,,,,,,,,,,,,,,,,,,,,,,,,,
,,,,,,,,,,,,,,,,,,,,,,,,,,,,,,,,,,,,,,,,,,,,,,,,,,,,,,,,,,,,,,,,,,,,,,,,,,,,,,,,,,,
,,,,,,,,,,,,,,,,,,,,,,,,,,,,,,,,,,,,,,,,,,,,,,,,,,,,,,,,,,,,,,,,,,,,,,,,,,,,,,,,,,,
,,,,,,,,,,,,,,,,,,,,,,,,,,,,,,,,,,,,,,,,,,,,,,,,,,,,,,,,,,,,,,,,,,,,,,,,,,,,,,,,,,,
,,,,,,,,,,,,,,,,,,,,,,,,,,,,,,,,,,,,,,,,,,,,,,,,,,,,,,,,,,,,,,,,,,,,,,,,,,,,,,,,,,,
,,,,,,,,,,,,,,,,,,,,,,,,,,,,,,,,,,,,,,,,,,,,,,,,,,,,,,,,,,,,,,,,,,,,,,,,,,,,,,,,,,,
,,,,,,,,,,,,,,,,,,,,,,,,,,,,,,,,,,,,,,,,,,,,,,,,,,,,,,,,,,,,,,,,,,,,,,,,,,,,,,,,,,,
,,,,,,,,,,,,,,,,,,,,,,,,,,,,,,,,,,,,,,,,,,,,,,,,,,,,,,,,,,,,,,,,,,,,,,,,,,,,,,,,,,,
,,,,,,,,,,,,,,,,,,,,,,,,,,,,,,,,,,,,,,,,,,,,,,,,,,,,,,,,,,,,,,,,,,,,,,,,,,,,,,,,,,,
,,,,,,,,,,,,,,,,,,,,,,,,,,,,,,,,,,,,,,,,,,,,,,,,,,,,,,,,,,,,,,,,,,,,,,,,,,,,,,,,,,,
,,,,,,,,,,,,,,,,,,,,,,,,,,,,,,,,,,,,,,,,,,,,,,,,,,,,,,,,,,,,,,,,,,,,,,,,,,,,,,,,,,,
,,,,,,,,,,,,,,,,,,,,,,,,,,,,,,,,,,,,,,,,,,,,,,,,,,,,,,,,,,,,,,,,,,,,,,,,,,,,,,,,,,,
,,,,,,,,,,,,,,,,,,,,,,,,,,,,,,,,,,,,,,,,,,,,,,,,,,,,,,,,,,,,,,,,,,,,,,,,,,,,,,,,,,,
,,,,,,,,,,,,,,,,,,,,,,,,,,,,,,,,,,,,,,,,,,,,,,,,,,,,,,,,,,,,,,,,,,,,,,,,,,,,,,,,,,,
,,,,,,,,,,,,,,,,,,,,,,,,,,,,,,,,,,,,,,,,,,,,,,,,,,,,,,,,,,,,,,,,,,,,,,,,,,,,,,,,,,,
,,,,,,,,,,,,,,,,,,,,,,,,,,,,,,,,,,,,,,,,,,,,,,,,,,,,,,,,,,,,,,,,,,,,,,,,,,,,,,,,,,,
,,,,,,,,,,,,,,,,,,,,,,,,,,,,,,,,,,,,,,,,,,,,,,,,,,,,,,,,,,,,,,,,,,,,,,,,,,,,,,,,,,,
,,,,,,,,,,,,,,,,,,,,,,,,,,,,,,,,,,,,,,,,,,,,,,,,,,,,,,,,,,,,,,,,,,,,,,,,,,,,,,,,,,,
,,,,,,,,,,,,,,,,,,,,,,,,,,,,,,,,,,,,,,,,,,,,,,,,,,,,,,,,,,,,,,,,,,,,,,,,,,,,,,,,,,,
,,,,,,,,,,,,,,,,,,,,,,,,,,,,,,,,,,,,,,,,,,,,,,,,,,,,,,,,,,,,,,,,,,,,,,,,,,,,,,,,,,,
,,,,,,,,,,,,,,,,,,,,,,,,,,,,,,,,,,,,,,,,,,,,,,,,,,,,,,,,,,,,,,,,,,,,,,,,,,,,,,,,,,,
,,,,,,,,,,,,,,,,,,,,,,,,,,,,,,,,,,,,,,,,,,,,,,,,,,,,,,,,,,,,,,,,,,,,,,,,,,,,,,,,,,,
,,,,,,,,,,,,,,,,,,,,,,,,,,,,,,,,,,,,,,,,,,,,,,,,,,,,,,,,,,,,,,,,,,,,,,,,,,,,,,,,,,,
,,,,,,,,,,,,,,,,,,,,,,,,,,,,,,,,,,,,,,,,,,,,,,,,,,,,,,,,,,,,,,,,,,,,,,,,,,,,,,,,,,,
,,,,,,,,,,,,,,,,,,,,,,,,,,,,,,,,,,,,,,,,,,,,,,,,,,,,,,,,,,,,,,,,,,,,,,,,,,,,,,,,,,,
,,,,,,,,,,,,,,,,,,,,,,,,,,,,,,,,,,,,,,,,,,,,,,,,,,,,,,,,,,,,,,,,,,,,,,,,,,,,,,,,,,,
,,,,,,,,,,,,,,,,,,,,,,,,,,,,,,,,,,,,,,,,,,,,,,,,,,,,,,,,,,,,,,,,,,,,,,,,,,,,,,,,,,,
,,,,,,,,,,,,,,,,,,,,,,,,,,,,,,,,,,,,,,,,,,,,,,,,,,,,,,,,,,,,,,,,,,,,,,,,,,,,,,,,,,,
,,,,,,,,,,,,,,,,,,,,,,,,,,,,,,,,,,,,,,,,,,,,,,,,,,,,,,,,,,,,,,,,,,,,,,,,,,,,,,,,,,,
,,,,,,,,,,,,,,,,,,,,,,,,,,,,,,,,,,,,,,,,,,,,,,,,,,,,,,,,,,,,,,,,,,,,,,,,,,,,,,,,,,,
,,,,,,,,,,,,,,,,,,,,,,,,,,,,,,,,,,,,,,,,,,,,,,,,,,,,,,,,,,,,,,,,,,,,,,,,,,,,,,,,,,,
,,,,,,,,,,,,,,,,,,,,,,,,,,,,,,,,,,,,,,,,,,,,,,,,,,,,,,,,,,,,,,,,,,,,,,,,,,,,,,,,,,,
,,,,,,,,,,,,,,,,,,,,,,,,,,,,,,,,,,,,,,,,,,,,,,,,,,,,,,,,,,,,,,,,,,,,,,,,,,,,,,,,,,,
,,,,,,,,,,,,,,,,,,,,,,,,,,,,,,,,,,,,,,,,,,,,,,,,,,,,,,,,,,,,,,,,,,,,,,,,,,,,,,,,,,,
,,,,,,,,,,,,,,,,,,,,,,,,,,,,,,,,,,,,,,,,,,,,,,,,,,,,,,,,,,,,,,,,,,,,,,,,,,,,,,,,,,,
,,,,,,,,,,,,,,,,,,,,,,,,,,,,,,,,,,,,,,,,,,,,,,,,,,,,,,,,,,,,,,,,,,,,,,,,,,,,,,,,,,,
,,,,,,,,,,,,,,,,,,,,,,,,,,,,,,,,,,,,,,,,,,,,,,,,,,,,,,,,,,,,,,,,,,,,,,,,,,,,,,,,,,,
,,,,,,,,,,,,,,,,,,,,,,,,,,,,,,,,,,,,,,,,,,,,,,,,,,,,,,,,,,,,,,,,,,,,,,,,,,,,,,,,,,,
,,,,,,,,,,,,,,,,,,,,,,,,,,,,,,,,,,,,,,,,,,,,,,,,,,,,,,,,,,,,,,,,,,,,,,,,,,,,,,,,,,,
,,,,,,,,,,,,,,,,,,,,,,,,,,,,,,,,,,,,,,,,,,,,,,,,,,,,,,,,,,,,,,,,,,,,,,,,,,,,,,,,,,,
,,,,,,,,,,,,,,,,,,,,,,,,,,,,,,,,,,,,,,,,,,,,,,,,,,,,,,,,,,,,,,,,,,,,,,,,,,,,,,,,,,,
,,,,,,,,,,,,,,,,,,,,,,,,,,,,,,,,,,,,,,,,,,,,,,,,,,,,,,,,,,,,,,,,,,,,,,,,,,,,,,,,,,,
,,,,,,,,,,,,,,,,,,,,,,,,,,,,,,,,,,,,,,,,,,,,,,,,,,,,,,,,,,,,,,,,,,,,,,,,,,,,,,,,,,,
,,,,,,,,,,,,,,,,,,,,,,,,,,,,,,,,,,,,,,,,,,,,,,,,,,,,,,,,,,,,,,,,,,,,,,,,,,,,,,,,,,,
,,,,,,,,,,,,,,,,,,,,,,,,,,,,,,,,,,,,,,,,,,,,,,,,,,,,,,,,,,,,,,,,,,,,,,,,,,,,,,,,,,,
,,,,,,,,,,,,,,,,,,,,,,,,,,,,,,,,,,,,,,,,,,,,,,,,,,,,,,,,,,,,,,,,,,,,,,,,,,,,,,,,,,,
,,,,,,,,,,,,,,,,,,,,,,,,,,,,,,,,,,,,,,,,,,,,,,,,,,,,,,,,,,,,,,,,,,,,,,,,,,,,,,,,,,,
,,,,,,,,,,,,,,,,,,,,,,,,,,,,,,,,,,,,,,,,,,,,,,,,,,,,,,,,,,,,,,,,,,,,,,,,,,,,,,,,,,,
,,,,,,,,,,,,,,,,,,,,,,,,,,,,,,,,,,,,,,,,,,,,,,,,,,,,,,,,,,,,,,,,,,,,,,,,,,,,,,,,,,,
,,,,,,,,,,,,,,,,,,,,,,,,,,,,,,,,,,,,,,,,,,,,,,,,,,,,,,,,,,,,,,,,,,,,,,,,,,,,,,,,,,,
,,,,,,,,,,,,,,,,,,,,,,,,,,,,,,,,,,,,,,,,,,,,,,,,,,,,,,,,,,,,,,,,,,,,,,,,,,,,,,,,,,,
,,,,,,,,,,,,,,,,,,,,,,,,,,,,,,,,,,,,,,,,,,,,,,,,,,,,,,,,,,,,,,,,,,,,,,,,,,,,,,,,,,,
,,,,,,,,,,,,,,,,,,,,,,,,,,,,,,,,,,,,,,,,,,,,,,,,,,,,,,,,,,,,,,,,,,,,,,,,,,,,,,,,,,,
,,,,,,,,,,,,,,,,,,,,,,,,,,,,,,,,,,,,,,,,,,,,,,,,,,,,,,,,,,,,,,,,,,,,,,,,,,,,,,,,,,,
,,,,,,,,,,,,,,,,,,,,,,,,,,,,,,,,,,,,,,,,,,,,,,,,,,,,,,,,,,,,,,,,,,,,,,,,,,,,,,,,,,,
,,,,,,,,,,,,,,,,,,,,,,,,,,,,,,,,,,,,,,,,,,,,,,,,,,,,,,,,,,,,,,,,,,,,,,,,,,,,,,,,,,,
,,,,,,,,,,,,,,,,,,,,,,,,,,,,,,,,,,,,,,,,,,,,,,,,,,,,,,,,,,,,,,,,,,,,,,,,,,,,,,,,,,,
,,,,,,,,,,,,,,,,,,,,,,,,,,,,,,,,,,,,,,,,,,,,,,,,,,,,,,,,,,,,,,,,,,,,,,,,,,,,,,,,,,,
,,,,,,,,,,,,,,,,,,,,,,,,,,,,,,,,,,,,,,,,,,,,,,,,,,,,,,,,,,,,,,,,,,,,,,,,,,,,,,,,,,,
,,,,,,,,,,,,,,,,,,,,,,,,,,,,,,,,,,,,,,,,,,,,,,,,,,,,,,,,,,,,,,,,,,,,,,,,,,,,,,,,,,,
,,,,,,,,,,,,,,,,,,,,,,,,,,,,,,,,,,,,,,,,,,,,,,,,,,,,,,,,,,,,,,,,,,,,,,,,,,,,,,,,,,,
,,,,,,,,,,,,,,,,,,,,,,,,,,,,,,,,,,,,,,,,,,,,,,,,,,,,,,,,,,,,,,,,,,,,,,,,,,,,,,,,,,,
,,,,,,,,,,,,,,,,,,,,,,,,,,,,,,,,,,,,,,,,,,,,,,,,,,,,,,,,,,,,,,,,,,,,,,,,,,,,,,,,,,,
,,,,,,,,,,,,,,,,,,,,,,,,,,,,,,,,,,,,,,,,,,,,,,,,,,,,,,,,,,,,,,,,,,,,,,,,,,,,,,,,,,,
,,,,,,,,,,,,,,,,,,,,,,,,,,,,,,,,,,,,,,,,,,,,,,,,,,,,,,,,,,,,,,,,,,,,,,,,,,,,,,,,,,,
,,,,,,,,,,,,,,,,,,,,,,,,,,,,,,,,,,,,,,,,,,,,,,,,,,,,,,,,,,,,,,,,,,,,,,,,,,,,,,,,,,,
,,,,,,,,,,,,,,,,,,,,,,,,,,,,,,,,,,,,,,,,,,,,,,,,,,,,,,,,,,,,,,,,,,,,,,,,,,,,,,,,,,,
,,,,,,,,,,,,,,,,,,,,,,,,,,,,,,,,,,,,,,,,,,,,,,,,,,,,,,,,,,,,,,,,,,,,,,,,,,,,,,,,,,,
,,,,,,,,,,,,,,,,,,,,,,,,,,,,,,,,,,,,,,,,,,,,,,,,,,,,,,,,,,,,,,,,,,,,,,,,,,,,,,,,,,,
,,,,,,,,,,,,,,,,,,,,,,,,,,,,,,,,,,,,,,,,,,,,,,,,,,,,,,,,,,,,,,,,,,,,,,,,,,,,,,,,,,,
,,,,,,,,,,,,,,,,,,,,,,,,,,,,,,,,,,,,,,,,,,,,,,,,,,,,,,,,,,,,,,,,,,,,,,,,,,,,,,,,,,,
,,,,,,,,,,,,,,,,,,,,,,,,,,,,,,,,,,,,,,,,,,,,,,,,,,,,,,,,,,,,,,,,,,,,,,,,,,,,,,,,,,,
,,,,,,,,,,,,,,,,,,,,,,,,,,,,,,,,,,,,,,,,,,,,,,,,,,,,,,,,,,,,,,,,,,,,,,,,,,,,,,,,,,,
,,,,,,,,,,,,,,,,,,,,,,,,,,,,,,,,,,,,,,,,,,,,,,,,,,,,,,,,,,,,,,,,,,,,,,,,,,,,,,,,,,,
,,,,,,,,,,,,,,,,,,,,,,,,,,,,,,,,,,,,,,,,,,,,,,,,,,,,,,,,,,,,,,,,,,,,,,,,,,,,,,,,,,,
,,,,,,,,,,,,,,,,,,,,,,,,,,,,,,,,,,,,,,,,,,,,,,,,,,,,,,,,,,,,,,,,,,,,,,,,,,,,,,,,,,,
,,,,,,,,,,,,,,,,,,,,,,,,,,,,,,,,,,,,,,,,,,,,,,,,,,,,,,,,,,,,,,,,,,,,,,,,,,,,,,,,,,,
,,,,,,,,,,,,,,,,,,,,,,,,,,,,,,,,,,,,,,,,,,,,,,,,,,,,,,,,,,,,,,,,,,,,,,,,,,,,,,,,,,,
,,,,,,,,,,,,,,,,,,,,,,,,,,,,,,,,,,,,,,,,,,,,,,,,,,,,,,,,,,,,,,,,,,,,,,,,,,,,,,,,,,,
,,,,,,,,,,,,,,,,,,,,,,,,,,,,,,,,,,,,,,,,,,,,,,,,,,,,,,,,,,,,,,,,,,,,,,,,,,,,,,,,,,,
,,,,,,,,,,,,,,,,,,,,,,,,,,,,,,,,,,,,,,,,,,,,,,,,,,,,,,,,,,,,,,,,,,,,,,,,,,,,,,,,,,,
,,,,,,,,,,,,,,,,,,,,,,,,,,,,,,,,,,,,,,,,,,,,,,,,,,,,,,,,,,,,,,,,,,,,,,,,,,,,,,,,,,,
,,,,,,,,,,,,,,,,,,,,,,,,,,,,,,,,,,,,,,,,,,,,,,,,,,,,,,,,,,,,,,,,,,,,,,,,,,,,,,,,,,,
,,,,,,,,,,,,,,,,,,,,,,,,,,,,,,,,,,,,,,,,,,,,,,,,,,,,,,,,,,,,,,,,,,,,,,,,,,,,,,,,,,,
,,,,,,,,,,,,,,,,,,,,,,,,,,,,,,,,,,,,,,,,,,,,,,,,,,,,,,,,,,,,,,,,,,,,,,,,,,,,,,,,,,,
,,,,,,,,,,,,,,,,,,,,,,,,,,,,,,,,,,,,,,,,,,,,,,,,,,,,,,,,,,,,,,,,,,,,,,,,,,,,,,,,,,,
,,,,,,,,,,,,,,,,,,,,,,,,,,,,,,,,,,,,,,,,,,,,,,,,,,,,,,,,,,,,,,,,,,,,,,,,,,,,,,,,,,,
,,,,,,,,,,,,,,,,,,,,,,,,,,,,,,,,,,,,,,,,,,,,,,,,,,,,,,,,,,,,,,,,,,,,,,,,,,,,,,,,,,,
,,,,,,,,,,,,,,,,,,,,,,,,,,,,,,,,,,,,,,,,,,,,,,,,,,,,,,,,,,,,,,,,,,,,,,,,,,,,,,,,,,,
,,,,,,,,,,,,,,,,,,,,,,,,,,,,,,,,,,,,,,,,,,,,,,,,,,,,,,,,,,,,,,,,,,,,,,,,,,,,,,,,,,,
,,,,,,,,,,,,,,,,,,,,,,,,,,,,,,,,,,,,,,,,,,,,,,,,,,,,,,,,,,,,,,,,,,,,,,,,,,,,,,,,,,,
,,,,,,,,,,,,,,,,,,,,,,,,,,,,,,,,,,,,,,,,,,,,,,,,,,,,,,,,,,,,,,,,,,,,,,,,,,,,,,,,,,,
,,,,,,,,,,,,,,,,,,,,,,,,,,,,,,,,,,,,,,,,,,,,,,,,,,,,,,,,,,,,,,,,,,,,,,,,,,,,,,,,,,,
,,,,,,,,,,,,,,,,,,,,,,,,,,,,,,,,,,,,,,,,,,,,,,,,,,,,,,,,,,,,,,,,,,,,,,,,,,,,,,,,,,,
,,,,,,,,,,,,,,,,,,,,,,,,,,,,,,,,,,,,,,,,,,,,,,,,,,,,,,,,,,,,,,,,,,,,,,,,,,,,,,,,,,,
,,,,,,,,,,,,,,,,,,,,,,,,,,,,,,,,,,,,,,,,,,,,,,,,,,,,,,,,,,,,,,,,,,,,,,,,,,,,,,,,,,,
,,,,,,,,,,,,,,,,,,,,,,,,,,,,,,,,,,,,,,,,,,,,,,,,,,,,,,,,,,,,,,,,,,,,,,,,,,,,,,,,,,,
,,,,,,,,,,,,,,,,,,,,,,,,,,,,,,,,,,,,,,,,,,,,,,,,,,,,,,,,,,,,,,,,,,,,,,,,,,,,,,,,,,,
,,,,,,,,,,,,,,,,,,,,,,,,,,,,,,,,,,,,,,,,,,,,,,,,,,,,,,,,,,,,,,,,,,,,,,,,,,,,,,,,,,,
,,,,,,,,,,,,,,,,,,,,,,,,,,,,,,,,,,,,,,,,,,,,,,,,,,,,,,,,,,,,,,,,,,,,,,,,,,,,,,,,,,,
,,,,,,,,,,,,,,,,,,,,,,,,,,,,,,,,,,,,,,,,,,,,,,,,,,,,,,,,,,,,,,,,,,,,,,,,,,,,,,,,,,,
,,,,,,,,,,,,,,,,,,,,,,,,,,,,,,,,,,,,,,,,,,,,,,,,,,,,,,,,,,,,,,,,,,,,,,,,,,,,,,,,,,,
,,,,,,,,,,,,,,,,,,,,,,,,,,,,,,,,,,,,,,,,,,,,,,,,,,,,,,,,,,,,,,,,,,,,,,,,,,,,,,,,,,,
,,,,,,,,,,,,,,,,,,,,,,,,,,,,,,,,,,,,,,,,,,,,,,,,,,,,,,,,,,,,,,,,,,,,,,,,,,,,,,,,,,,
,,,,,,,,,,,,,,,,,,,,,,,,,,,,,,,,,,,,,,,,,,,,,,,,,,,,,,,,,,,,,,,,,,,,,,,,,,,,,,,,,,,
,,,,,,,,,,,,,,,,,,,,,,,,,,,,,,,,,,,,,,,,,,,,,,,,,,,,,,,,,,,,,,,,,,,,,,,,,,,,,,,,,,,
,,,,,,,,,,,,,,,,,,,,,,,,,,,,,,,,,,,,,,,,,,,,,,,,,,,,,,,,,,,,,,,,,,,,,,,,,,,,,,,,,,,
,,,,,,,,,,,,,,,,,,,,,,,,,,,,,,,,,,,,,,,,,,,,,,,,,,,,,,,,,,,,,,,,,,,,,,,,,,,,,,,,,,,
,,,,,,,,,,,,,,,,,,,,,,,,,,,,,,,,,,,,,,,,,,,,,,,,,,,,,,,,,,,,,,,,,,,,,,,,,,,,,,,,,,,
,,,,,,,,,,,,,,,,,,,,,,,,,,,,,,,,,,,,,,,,,,,,,,,,,,,,,,,,,,,,,,,,,,,,,,,,,,,,,,,,,,,
,,,,,,,,,,,,,,,,,,,,,,,,,,,,,,,,,,,,,,,,,,,,,,,,,,,,,,,,,,,,,,,,,,,,,,,,,,,,,,,,,,,
,,,,,,,,,,,,,,,,,,,,,,,,,,,,,,,,,,,,,,,,,,,,,,,,,,,,,,,,,,,,,,,,,,,,,,,,,,,,,,,,,,,
,,,,,,,,,,,,,,,,,,,,,,,,,,,,,,,,,,,,,,,,,,,,,,,,,,,,,,,,,,,,,,,,,,,,,,,,,,,,,,,,,,,
,,,,,,,,,,,,,,,,,,,,,,,,,,,,,,,,,,,,,,,,,,,,,,,,,,,,,,,,,,,,,,,,,,,,,,,,,,,,,,,,,,,
,,,,,,,,,,,,,,,,,,,,,,,,,,,,,,,,,,,,,,,,,,,,,,,,,,,,,,,,,,,,,,,,,,,,,,,,,,,,,,,,,,,
,,,,,,,,,,,,,,,,,,,,,,,,,,,,,,,,,,,,,,,,,,,,,,,,,,,,,,,,,,,,,,,,,,,,,,,,,,,,,,,,,,,
,,,,,,,,,,,,,,,,,,,,,,,,,,,,,,,,,,,,,,,,,,,,,,,,,,,,,,,,,,,,,,,,,,,,,,,,,,,,,,,,,,,
,,,,,,,,,,,,,,,,,,,,,,,,,,,,,,,,,,,,,,,,,,,,,,,,,,,,,,,,,,,,,,,,,,,,,,,,,,,,,,,,,,,
,,,,,,,,,,,,,,,,,,,,,,,,,,,,,,,,,,,,,,,,,,,,,,,,,,,,,,,,,,,,,,,,,,,,,,,,,,,,,,,,,,,
,,,,,,,,,,,,,,,,,,,,,,,,,,,,,,,,,,,,,,,,,,,,,,,,,,,,,,,,,,,,,,,,,,,,,,,,,,,,,,,,,,,
,,,,,,,,,,,,,,,,,,,,,,,,,,,,,,,,,,,,,,,,,,,,,,,,,,,,,,,,,,,,,,,,,,,,,,,,,,,,,,,,,,,
,,,,,,,,,,,,,,,,,,,,,,,,,,,,,,,,,,,,,,,,,,,,,,,,,,,,,,,,,,,,,,,,,,,,,,,,,,,,,,,,,,,
,,,,,,,,,,,,,,,,,,,,,,,,,,,,,,,,,,,,,,,,,,,,,,,,,,,,,,,,,,,,,,,,,,,,,,,,,,,,,,,,,,,
,,,,,,,,,,,,,,,,,,,,,,,,,,,,,,,,,,,,,,,,,,,,,,,,,,,,,,,,,,,,,,,,,,,,,,,,,,,,,,,,,,,
,,,,,,,,,,,,,,,,,,,,,,,,,,,,,,,,,,,,,,,,,,,,,,,,,,,,,,,,,,,,,,,,,,,,,,,,,,,,,,,,,,,
,,,,,,,,,,,,,,,,,,,,,,,,,,,,,,,,,,,,,,,,,,,,,,,,,,,,,,,,,,,,,,,,,,,,,,,,,,,,,,,,,,,
,,,,,,,,,,,,,,,,,,,,,,,,,,,,,,,,,,,,,,,,,,,,,,,,,,,,,,,,,,,,,,,,,,,,,,,,,,,,,,,,,,,
,,,,,,,,,,,,,,,,,,,,,,,,,,,,,,,,,,,,,,,,,,,,,,,,,,,,,,,,,,,,,,,,,,,,,,,,,,,,,,,,,,,
,,,,,,,,,,,,,,,,,,,,,,,,,,,,,,,,,,,,,,,,,,,,,,,,,,,,,,,,,,,,,,,,,,,,,,,,,,,,,,,,,,,
,,,,,,,,,,,,,,,,,,,,,,,,,,,,,,,,,,,,,,,,,,,,,,,,,,,,,,,,,,,,,,,,,,,,,,,,,,,,,,,,,,,
,,,,,,,,,,,,,,,,,,,,,,,,,,,,,,,,,,,,,,,,,,,,,,,,,,,,,,,,,,,,,,,,,,,,,,,,,,,,,,,,,,,
,,,,,,,,,,,,,,,,,,,,,,,,,,,,,,,,,,,,,,,,,,,,,,,,,,,,,,,,,,,,,,,,,,,,,,,,,,,,,,,,,,,
,,,,,,,,,,,,,,,,,,,,,,,,,,,,,,,,,,,,,,,,,,,,,,,,,,,,,,,,,,,,,,,,,,,,,,,,,,,,,,,,,,,
,,,,,,,,,,,,,,,,,,,,,,,,,,,,,,,,,,,,,,,,,,,,,,,,,,,,,,,,,,,,,,,,,,,,,,,,,,,,,,,,,,,
,,,,,,,,,,,,,,,,,,,,,,,,,,,,,,,,,,,,,,,,,,,,,,,,,,,,,,,,,,,,,,,,,,,,,,,,,,,,,,,,,,,
,,,,,,,,,,,,,,,,,,,,,,,,,,,,,,,,,,,,,,,,,,,,,,,,,,,,,,,,,,,,,,,,,,,,,,,,,,,,,,,,,,,
,,,,,,,,,,,,,,,,,,,,,,,,,,,,,,,,,,,,,,,,,,,,,,,,,,,,,,,,,,,,,,,,,,,,,,,,,,,,,,,,,,,
,,,,,,,,,,,,,,,,,,,,,,,,,,,,,,,,,,,,,,,,,,,,,,,,,,,,,,,,,,,,,,,,,,,,,,,,,,,,,,,,,,,
,,,,,,,,,,,,,,,,,,,,,,,,,,,,,,,,,,,,,,,,,,,,,,,,,,,,,,,,,,,,,,,,,,,,,,,,,,,,,,,,,,,
,,,,,,,,,,,,,,,,,,,,,,,,,,,,,,,,,,,,,,,,,,,,,,,,,,,,,,,,,,,,,,,,,,,,,,,,,,,,,,,,,,,
,,,,,,,,,,,,,,,,,,,,,,,,,,,,,,,,,,,,,,,,,,,,,,,,,,,,,,,,,,,,,,,,,,,,,,,,,,,,,,,,,,,
,,,,,,,,,,,,,,,,,,,,,,,,,,,,,,,,,,,,,,,,,,,,,,,,,,,,,,,,,,,,,,,,,,,,,,,,,,,,,,,,,,,
,,,,,,,,,,,,,,,,,,,,,,,,,,,,,,,,,,,,,,,,,,,,,,,,,,,,,,,,,,,,,,,,,,,,,,,,,,,,,,,,,,,
,,,,,,,,,,,,,,,,,,,,,,,,,,,,,,,,,,,,,,,,,,,,,,,,,,,,,,,,,,,,,,,,,,,,,,,,,,,,,,,,,,,
,,,,,,,,,,,,,,,,,,,,,,,,,,,,,,,,,,,,,,,,,,,,,,,,,,,,,,,,,,,,,,,,,,,,,,,,,,,,,,,,,,,
,,,,,,,,,,,,,,,,,,,,,,,,,,,,,,,,,,,,,,,,,,,,,,,,,,,,,,,,,,,,,,,,,,,,,,,,,,,,,,,,,,,
,,,,,,,,,,,,,,,,,,,,,,,,,,,,,,,,,,,,,,,,,,,,,,,,,,,,,,,,,,,,,,,,,,,,,,,,,,,,,,,,,,,
,,,,,,,,,,,,,,,,,,,,,,,,,,,,,,,,,,,,,,,,,,,,,,,,,,,,,,,,,,,,,,,,,,,,,,,,,,,,,,,,,,,
,,,,,,,,,,,,,,,,,,,,,,,,,,,,,,,,,,,,,,,,,,,,,,,,,,,,,,,,,,,,,,,,,,,,,,,,,,,,,,,,,,,
,,,,,,,,,,,,,,,,,,,,,,,,,,,,,,,,,,,,,,,,,,,,,,,,,,,,,,,,,,,,,,,,,,,,,,,,,,,,,,,,,,,
,,,,,,,,,,,,,,,,,,,,,,,,,,,,,,,,,,,,,,,,,,,,,,,,,,,,,,,,,,,,,,,,,,,,,,,,,,,,,,,,,,,
,,,,,,,,,,,,,,,,,,,,,,,,,,,,,,,,,,,,,,,,,,,,,,,,,,,,,,,,,,,,,,,,,,,,,,,,,,,,,,,,,,,
,,,,,,,,,,,,,,,,,,,,,,,,,,,,,,,,,,,,,,,,,,,,,,,,,,,,,,,,,,,,,,,,,,,,,,,,,,,,,,,,,,,
,,,,,,,,,,,,,,,,,,,,,,,,,,,,,,,,,,,,,,,,,,,,,,,,,,,,,,,,,,,,,,,,,,,,,,,,,,,,,,,,,,,
,,,,,,,,,,,,,,,,,,,,,,,,,,,,,,,,,,,,,,,,,,,,,,,,,,,,,,,,,,,,,,,,,,,,,,,,,,,,,,,,,,,
,,,,,,,,,,,,,,,,,,,,,,,,,,,,,,,,,,,,,,,,,,,,,,,,,,,,,,,,,,,,,,,,,,,,,,,,,,,,,,,,,,,
,,,,,,,,,,,,,,,,,,,,,,,,,,,,,,,,,,,,,,,,,,,,,,,,,,,,,,,,,,,,,,,,,,,,,,,,,,,,,,,,,,,
,,,,,,,,,,,,,,,,,,,,,,,,,,,,,,,,,,,,,,,,,,,,,,,,,,,,,,,,,,,,,,,,,,,,,,,,,,,,,,,,,,,
,,,,,,,,,,,,,,,,,,,,,,,,,,,,,,,,,,,,,,,,,,,,,,,,,,,,,,,,,,,,,,,,,,,,,,,,,,,,,,,,,,,
,,,,,,,,,,,,,,,,,,,,,,,,,,,,,,,,,,,,,,,,,,,,,,,,,,,,,,,,,,,,,,,,,,,,,,,,,,,,,,,,,,,
,,,,,,,,,,,,,,,,,,,,,,,,,,,,,,,,,,,,,,,,,,,,,,,,,,,,,,,,,,,,,,,,,,,,,,,,,,,,,,,,,,,
,,,,,,,,,,,,,,,,,,,,,,,,,,,,,,,,,,,,,,,,,,,,,,,,,,,,,,,,,,,,,,,,,,,,,,,,,,,,,,,,,,,
,,,,,,,,,,,,,,,,,,,,,,,,,,,,,,,,,,,,,,,,,,,,,,,,,,,,,,,,,,,,,,,,,,,,,,,,,,,,,,,,,,,
